method,dataset,gt_class_id,gt_class,pred_class_id,pred_class,pixels,fraction_of_valid_pixels,fraction_of_gt_class_pixels
cass,ade20k,0,wall,25,house,8424222,0.018799784851683883,0.10720050398179441
cass,ade20k,0,wall,79,hovel,8117659,0.0181156482698741,0.10329940687132287
cass,ade20k,3,floor,28,rug,7079998,0.01579996813359764,0.2279652083779685
cass,ade20k,1,building,25,house,5388719,0.012025651487601006,0.1048600997197799
cass,ade20k,1,building,0,wall,5071547,0.011317839494875947,0.09868818993039916
cass,ade20k,6,road,11,sidewalk,3894385,0.008690844107577523,0.19893223691335093
cass,ade20k,1,building,11,sidewalk,3336830,0.00744658510740153,0.06493200453539202
cass,ade20k,0,wall,14,door,3255331,0.007264709123408304,0.04142496765013538
cass,ade20k,1,building,86,awning,3172218,0.007079231281255283,0.06172878856976598
cass,ade20k,0,wall,5,ceiling,2950444,0.006584312761100265,0.03754519809307749
cass,ade20k,0,wall,145,shower,2719662,0.006069291676940647,0.034608434708882904
cass,ade20k,10,cabinet,73,kitchenisland,2534885,0.005656936940142449,0.27621232200386475
cass,ade20k,1,building,79,hovel,2121512,0.004734439472305642,0.04128290227727772
cass,ade20k,5,ceiling,25,house,2002467,0.004468774537588975,0.09328363962471083
cass,ade20k,1,building,4,tree,1992396,0.004446299746060297,0.03877040967274237
cass,ade20k,0,wall,65,toilet,1882904,0.004201953616176661,0.023960462788057656
cass,ade20k,0,wall,88,booth,1816224,0.004053148224544024,0.02311194174890341
cass,ade20k,13,earth,9,grass,1685803,0.003762096215214087,0.21691607853794345
cass,ade20k,2,sky,4,tree,1639861,0.0036595704608291643,0.04121533515356351
cass,ade20k,5,ceiling,79,hovel,1528000,0.0034099375887023126,0.07118089903432023
cass,ade20k,1,building,84,tower,1468663,0.0032775190895525555,0.028578990412146395
cass,ade20k,16,mountain,34,rock,1435682,0.003203917550538818,0.25901769774996186
cass,ade20k,4,tree,68,hill,1432943,0.003197805103512996,0.06777602090214277
cass,ade20k,21,water,128,lake,1374579,0.003067557984778034,0.3450290929783022
cass,ade20k,1,building,14,door,1368590,0.0030541927254725773,0.02663165102420326
cass,ade20k,0,wall,73,kitchenisland,1347378,0.0030068552934493092,0.017145749560491426
cass,ade20k,19,chair,15,table,1342611,0.002996217091560995,0.27551176825353113
cass,ade20k,8,windowpane,25,house,1325470,0.0029579646437809257,0.1486996312771484
cass,ade20k,16,mountain,68,hill,1305443,0.00291327169869654,0.23552070751308682
cass,ade20k,12,people,92,apparel,1289891,0.0028785653182125752,0.1513058505063368
cass,ade20k,5,ceiling,106,canopy,1255694,0.0028022501115889803,0.058495698842933055
cass,ade20k,17,plant,9,grass,1251039,0.002791861852769995,0.1982432173538382
cass,ade20k,0,wall,10,cabinet,1204029,0.002686952712688257,0.01532159475482673
cass,ade20k,0,wall,3,floor,1170423,0.002611956402082282,0.014893949313287774
cass,ade20k,21,water,60,river,1115092,0.0024884778309301305,0.27989601277726556
cass,ade20k,0,wall,35,wardrobe,1090400,0.002433374310681284,0.013875634989408948
cass,ade20k,1,building,48,skyscraper,1034543,0.0023087218997571053,0.02013136742598756
cass,ade20k,0,wall,7,bed,1006564,0.002246282996750363,0.012808799208987004
cass,ade20k,0,wall,50,refrigerator,983026,0.002193754782769424,0.012509271791176377
cass,ade20k,19,chair,30,armchair,976620,0.0021794589318576262,0.20040823672066113
cass,ade20k,12,people,121,step,942841,0.0021040765484749194,0.1105964452788996
cass,ade20k,4,tree,94,land,900002,0.002008475556091138,0.04256872350398466
cass,ade20k,0,wall,18,curtain,896830,0.002001396811306214,0.011412404372296063
cass,ade20k,17,plant,4,tree,865599,0.0019317006327507415,0.13716529276726386
cass,ade20k,11,sidewalk,6,road,857850,0.0019144076966415438,0.11119713761185336
cass,ade20k,57,pillow,7,bed,831426,0.0018554389853562886,0.8710491550123571
cass,ade20k,30,armchair,23,sofa,821351,0.0018329552672894196,0.47029665270121784
cass,ade20k,0,wall,42,column,812158,0.0018124398508935161,0.010334930265708357
cass,ade20k,5,ceiling,86,awning,804021,0.0017942810405798574,0.03745480210894842
cass,ade20k,0,wall,1,building,774772,0.0017290079616976886,0.00985918330155388
cass,ade847,4,"road, route",163,"curb, curbing, kerb",51058930,0.022896544614391803,0.3787655151533342
cass,ade847,4,"road, route",8,"sidewalk, pavement",41720149,0.01870872054893382,0.3094885405600717
cass,ade847,5,"floor, flooring",27,"rug, carpet, carpeting",36052720,0.016167254424449856,0.3019440867870409
cass,ade847,1,"building, edifice",53,"cliff, drop, drop-off",28869515,0.012946063268332362,0.08587251271568852
cass,ade847,1,"building, edifice",26,house,26108358,0.011707867433875193,0.07765943779591546
cass,ade847,0,wall,138,manhole,22739641,0.01019722122402003,0.07171494533189691
cass,ade847,0,wall,101,"hovel, hut, hutch, shack, shanty",17932898,0.008041715702274558,0.05655572133757448
cass,ade847,1,"building, edifice",80,"bus, autobus, coach, charabanc, double-decker, jitney, motorbus, motorcoach, omnibus, passenger vehicle",17353992,0.007782114745957238,0.051619533569855845
cass,ade847,1,"building, edifice",20,door,17216668,0.00772053403730105,0.05121106266425978
cass,ade847,0,wall,26,house,16618227,0.007452172928762714,0.05240958908797431
cass,ade847,7,bed,120,arcade machine,15821117,0.007094721946582362,0.2818255735088414
cass,ade847,1,"building, edifice",143,dirt track,15586766,0.0069896310618551005,0.04636291124154533
cass,ade847,1,"building, edifice",8,"sidewalk, pavement",13708921,0.006147542090906971,0.04077725215996422
cass,ade847,16,"plant, flora, plant life",240,jar,13124937,0.005885663988289251,0.5084575983842089
cass,ade847,0,wall,6,ceiling,11714593,0.005253218217928615,0.03694479594380678
cass,ade847,3,tree,195,forest,10825432,0.004854488465740756,0.10836574599466155
cass,ade847,1,"building, edifice",0,wall,10550692,0.004731285792528489,0.03138308464583881
cass,ade847,0,wall,54,sand,10236573,0.0045904242488626085,0.032283503203985146
cass,ade847,1,"building, edifice",3,tree,9850554,0.004417320322566015,0.02930052076114117
cass,ade847,3,tree,240,jar,9683661,0.004342479877998734,0.09693628376441793
cass,ade847,8,"sidewalk, pavement",163,"curb, curbing, kerb",9508537,0.004263948375692463,0.16565885231833422
cass,ade847,1,"building, edifice",163,"curb, curbing, kerb",9371243,0.0042023811200471075,0.02787480786148666
cass,ade847,0,wall,46,"wardrobe, closet, press",8982029,0.004027844448096758,0.028326995958489965
cass,ade847,10,cabinet,69,kitchen island,8453348,0.0037907660740830193,0.23333301958561398
cass,ade847,0,wall,64,double door,7726118,0.0034646516384705976,0.02436617754861586
cass,ade847,0,wall,107,"booth, cubicle, stall, kiosk",7471074,0.003350281315304152,0.02356183474842705
cass,ade847,7,bed,121,"eiderdown, duvet, continental quilt",6967908,0.003124644727004219,0.12412111409433632
cass,ade847,1,"building, edifice",169,central reservation,6587673,0.0029541345411963054,0.01959506536425354
cass,ade847,1,"building, edifice",202,jacket,6109627,0.0027397626073008725,0.018173115213248783
cass,ade847,1,"building, edifice",255,pier,6059896,0.0027174615512423473,0.018025190111983176
cass,ade847,2,sky,3,tree,5608095,0.002514858759657666,0.028753142777295203
cass,ade847,17,table,76,book,5477581,0.0024563318844606588,0.2589437689761257
cass,ade847,18,chair,76,book,5069348,0.002273266452075628,0.2248153472041104
cass,ade847,9,"earth, ground",12,grass,5042455,0.0022612067247308747,0.1477929198279637
cass,ade847,1,"building, edifice",22,sea,4893703,0.00219450131581455,0.014556343364074633
cass,ade847,0,wall,3,tree,4746646,0.0021285560020103123,0.014969693602456924
cass,ade847,5,"floor, flooring",235,patio,4732734,0.0021223173924531705,0.039636982886061836
cass,ade847,0,wall,58,"toilet, can, commode, crapper, pot, potty, stool, throne",4616926,0.0020703851831666955,0.014560590278950028
cass,ade847,1,"building, edifice",13,"windowpane, window",4610846,0.00206765870630446,0.01371498384247472
cass,ade847,0,wall,80,"bus, autobus, coach, charabanc, double-decker, jitney, motorbus, motorcoach, omnibus, passenger vehicle",4523776,0.002028613584528992,0.014266819275367949
cass,ade847,6,ceiling,249,"hat, chapeau, lid",4522073,0.0020278499019473492,0.059868753183041266
cass,ade847,9,"earth, ground",118,"land, ground, soil",4475026,0.0020067524419247187,0.13116173745646775
cass,ade847,5,"floor, flooring",8,"sidewalk, pavement",4407430,0.0019764401179149047,0.03691253881615056
cass,ade847,9,"earth, ground",8,"sidewalk, pavement",4355298,0.001953062372556013,0.1276525438781091
cass,ade847,1,"building, edifice",249,"hat, chapeau, lid",4222436,0.001893482575044445,0.012559656409232402
cass,ade847,10,cabinet,121,"eiderdown, duvet, continental quilt",4161131,0.0018659913474063942,0.11485736315614896
cass,ade847,0,wall,20,door,4146452,0.0018594087892056122,0.013076836987063016
cass,ade847,6,ceiling,101,"hovel, hut, hutch, shack, shanty",4112730,0.0018442867081614831,0.054449368083728265
cass,ade847,1,"building, edifice",24,water,4033756,0.001808872105576255,0.011998426831970848
cass,ade847,9,"earth, ground",127,"ashcan, trash can, garbage can, wastebin, ash bin, ash-bin, ashbin, dustbin, trash barrel, trash bin",3975098,0.0017825678819274047,0.11650899016893533
cass,coco_stuff164k,159,wall-brick,160,wall-concrete,27117318,0.023741095772996188,0.4540882813156861
cass,coco_stuff164k,144,shelf,93,clothes,17880673,0.015654452633502586,0.227046636328469
cass,coco_stuff164k,136,river,127,paper,13299436,0.011643599260178803,0.4585780278432802
cass,coco_stuff164k,132,platform,111,furniture-other,8621099,0.007547735252707575,0.3432478027973439
cass,coco_stuff164k,156,towel,169,window-other,6388107,0.0055927603199972566,0.08733795938768148
cass,coco_stuff164k,156,towel,84,building-other,6084046,0.005326556216706769,0.08318084879617481
cass,coco_stuff164k,142,sand,165,wall-wood,5996708,0.005250092171751367,0.18174669411457242
cass,coco_stuff164k,93,clothes,144,shelf,5922684,0.00518528447677577,0.20540386295006066
cass,coco_stuff164k,159,wall-brick,95,counter,5415357,0.004741121861017572,0.09068190861798613
cass,coco_stuff164k,132,platform,37,surfboard,4997246,0.004375067471171822,0.19896462267024373
cass,coco_stuff164k,156,towel,81,blanket,4585875,0.004014913922460507,0.06269791105674713
cass,coco_stuff164k,156,towel,114,ground-other,3377847,0.0029572905821116918,0.046181797534668986
cass,coco_stuff164k,132,platform,118,light,3359188,0.0029409547075230492,0.1337455816460528
cass,coco_stuff164k,85,bush,95,counter,3307612,0.0028958001404088512,0.3296830047014245
cass,coco_stuff164k,44,spoon,108,fog,3270677,0.002863463706091283,0.3266668797385608
cass,coco_stuff164k,132,platform,98,desk-stuff,3115054,0.0027272164360817273,0.12402542194389339
cass,coco_stuff164k,146,skyscraper,29,frisbee,3089504,0.0027048475205053396,0.13575538137897322
cass,coco_stuff164k,142,sand,36,skateboard,3037677,0.0026594732039661056,0.09206513849563328
cass,coco_stuff164k,159,wall-brick,115,hill,2942125,0.002575817837189003,0.049266836958799284
cass,coco_stuff164k,83,bridge,160,wall-concrete,2924523,0.0025604073615735205,0.06603430930123358
cass,coco_stuff164k,163,wall-stone,60,dining table,2806196,0.0024568125798354696,0.23417692892483913
cass,coco_stuff164k,152,structural-other,59,bed,2591521,0.0022688655367293646,0.15534579730232206
cass,coco_stuff164k,83,bridge,127,paper,2576619,0.002255818899550526,0.05817880591037757
cass,coco_stuff164k,107,flower,144,shelf,2506751,0.0021946497647759257,0.33323230353392935
cass,coco_stuff164k,142,sand,141,salad,2397339,0.002098860027357385,0.07265793797562511
cass,coco_stuff164k,159,wall-brick,89,carpet,2390766,0.0020931053940077336,0.04003415175379725
cass,coco_stuff164k,107,flower,93,clothes,2129088,0.0018640074257025312,0.28302807046509465
cass,coco_stuff164k,111,furniture-other,113,gravel,2127495,0.0018626127610249113,0.04072198536635029
cass,coco_stuff164k,83,bridge,158,vegetable,2104978,0.0018428992239590202,0.04752938114157148
cass,coco_stuff164k,83,bridge,151,straw,2099776,0.0018383448952377535,0.04741192250746772
cass,coco_stuff164k,122,moss,114,ground-other,1981528,0.0017348192776613673,0.3170340305583528
cass,coco_stuff164k,98,desk-stuff,112,grass,1899791,0.0016632588842184247,0.10281220140593293
cass,coco_stuff164k,161,wall-other,160,wall-concrete,1836926,0.0016082208459519043,0.29966019742154604
cass,coco_stuff164k,165,wall-wood,135,railroad,1808166,0.0015830415891230625,0.3557032007988423
cass,coco_stuff164k,104,floor-stone,103,floor-other,1786008,0.0015636423550196732,0.19376576102734885
cass,coco_stuff164k,159,wall-brick,99,dirt,1782072,0.0015601964038764772,0.029841373385849124
cass,coco_stuff164k,58,potted plant,80,banner,1776280,0.001555125532682018,0.13487138403682805
cass,coco_stuff164k,84,building-other,111,furniture-other,1769211,0.0015489366534565977,0.1686180440009157
cass,coco_stuff164k,98,desk-stuff,111,furniture-other,1760801,0.0015415737344743113,0.09529039091551024
cass,coco_stuff164k,97,curtain,152,structural-other,1759745,0.0015406492109968685,0.3083476008569801
cass,coco_stuff164k,129,pillow,111,furniture-other,1754448,0.0015360117101824605,0.2123844697742339
cass,coco_stuff164k,156,towel,116,house,1749281,0.0015314880238112983,0.023916104244284392
cass,coco_stuff164k,98,desk-stuff,113,gravel,1718388,0.0015044413346175082,0.09299509953965372
cass,coco_stuff164k,156,towel,129,pillow,1710669,0.001497683383175859,0.023388202428006554
cass,coco_stuff164k,144,shelf,107,flower,1705124,0.0014928287594235666,0.021651459580013816
cass,coco_stuff164k,142,sand,135,railroad,1701524,0.001489676974841375,0.05156935471205264
cass,coco_stuff164k,127,paper,136,river,1676248,0.0014675479450915211,0.0500856469319371
cass,coco_stuff164k,103,floor-other,127,paper,1632743,0.001429459503911453,0.6115286615377067
cass,coco_stuff164k,150,stone,111,furniture-other,1612033,0.0014113279876066787,0.5569031429836823
cass,coco_stuff164k,145,sky-other,83,bridge,1601385,0.0014020057092091298,0.4399485485600438
cass,context459,359,sky,103,cup,63007467,0.06897389138567288,0.8260610489818568
cass,context459,419,tree,163,forceps,30475912,0.03336179574029416,0.5571855052076043
cass,context459,439,wall,183,glove,21438905,0.023469039072746077,0.37427535873873374
cass,context459,444,water,188,ground,17642946,0.019313625814021244,0.6741451163800876
cass,context459,283,person,28,blackboard,14419492,0.015784930301111437,0.1903269505870203
cass,context459,367,sofa,111,dock,11628034,0.0127291381852394,0.6142854116569244
cass,context459,323,road,67,ceiling,10440267,0.011428896865436994,0.47501526811992445
cass,context459,283,person,27,bird nest,9586439,0.010494216540420178,0.12653411797436998
cass,context459,188,ground,97,cow,8974066,0.00982385553718355,0.16171110352636633
cass,context459,415,train,159,fly,8752037,0.009580801739600011,0.7495794981281575
cass,context459,396,table,140,fan,7196271,0.007877714149909685,0.5010356621470254
cass,context459,257,motorbike,1,aeroplane,7103790,0.007776475760986061,0.6985693360887516
cass,context459,43,building,89,controller,7084463,0.007755318611488035,0.12844954882596915
cass,context459,188,ground,67,ceiling,6689956,0.007323454195023117,0.12055183985752228
cass,context459,419,tree,201,heater,6600596,0.007225632345840959,0.12067748512107832
cass,context459,157,floor,73,chicken,6275590,0.006869850251891809,0.22609718159160477
cass,context459,43,building,183,glove,6072648,0.006647690877264176,0.1101041667913184
cass,context459,283,person,79,cloth,6005213,0.006573870192398478,0.07926450376445521
cass,context459,346,sheep,90,cooker,5113144,0.005597327676976841,0.876219376669641
cass,context459,188,ground,85,concrete,5032715,0.005509282539243272,0.09068864619267306
cass,context459,439,wall,78,closet,4373167,0.004787279350071459,0.07634572044371632
cass,context459,188,ground,77,clock,4315462,0.004724110037100819,0.07776387227886444
cass,context459,365,snow,109,disc case,4196803,0.004594214750595609,0.8219833781949322
cass,context459,323,road,115,drainer,4102741,0.004491245650575779,0.18666808196970508
cass,context459,419,tree,228,leaves,3921049,0.004292348521864896,0.07168781915398534
cass,context459,419,tree,186,grass,3686659,0.004035763212668323,0.06740250980653709
cass,context459,258,mountain,2,air conditioner,3643094,0.003988072871804171,0.6191425156897508
cass,context459,283,person,7,baby carriage,3268045,0.003577509009741517,0.04313584967009647
cass,context459,307,pottedplant,51,camel,3196242,0.003498906701809261,0.4506748612968414
cass,context459,43,building,38,brick,3191547,0.003493767113829066,0.057866456809341146
cass,context459,43,building,85,concrete,2922823,0.003199596583394577,0.05299417833760522
cass,context459,453,window,197,hard disk drive,2860174,0.003131015103656294,0.3675820101400197
cass,context459,439,wall,114,door,2822909,0.0030902213345227547,0.04928168106821688
cass,context459,359,sky,106,cutting board,2816932,0.003083678348930076,0.03693146088273252
cass,context459,43,building,114,door,2724810,0.0029828329551257046,0.04940397248690395
cass,context459,323,road,97,cow,2512279,0.0027501765604465082,0.1143046325134267
cass,context459,329,rug,73,chicken,2423015,0.002652459801881199,0.8256690501763779
cass,context459,414,track,59,card,2337067,0.002558373048372828,0.7602841175442974
cass,context459,325,rock,69,cello,2293184,0.0025103345948403683,0.5209095582300854
cass,context459,430,unknown,28,blackboard,2290847,0.0025077762951364884,0.0760957970225124
cass,context459,283,person,126,earrings,2225607,0.0024363584634372504,0.029376415862301282
cass,context459,188,ground,115,drainer,2085610,0.002283104597949846,0.037582328303093035
cass,context459,43,building,22,bicycle,2052770,0.0022471548494366186,0.03721910614022329
cass,context459,188,ground,186,grass,2034994,0.0022276955702170346,0.036670236814564806
cass,context459,439,wall,201,heater,2021034,0.0022124136430171364,0.03528273600602167
cass,context459,188,ground,75,clip,1996786,0.002185869504711754,0.035981735321090676
cass,context459,359,sky,163,forceps,1994257,0.0021831010237741795,0.02614575871395387
cass,context459,439,wall,89,controller,1977256,0.0021644901323468533,0.03451846998334634
cass,context459,283,person,23,binoculars,1970098,0.0021566543132281665,0.02600388035151221
cass,context459,58,car,167,fox,1905655,0.002086108952587547,0.09049243778860074
cass,context59,29,ground,44,sidewalk,13458521,0.01607088741369766,0.24252020017935852
cass,context59,36,people,17,cloth,13037272,0.015567871870449427,0.17208263812161642
cass,context59,10,building,55,wall,12488727,0.014912851535276878,0.2264351368001639
cass,context59,29,ground,40,road,10541192,0.01258729022588518,0.18995044061446667
cass,context59,52,tree,58,wood,7713482,0.009210707535366139,0.14102417558758412
cass,context59,52,tree,28,grass,4981082,0.005947934993777991,0.09106820792271955
cass,context59,55,wall,23,door,4935745,0.005893797854736129,0.08616707478847037
cass,context59,10,building,23,door,4857309,0.005800137033819716,0.08806865807024745
cass,context59,55,wall,12,cabinet,4321996,0.005160917096198878,0.0754523891666749
cass,context59,40,road,44,sidewalk,3341962,0.0039906535824297375,0.15205386753773625
cass,context59,29,ground,25,floor,3264024,0.003897587425810539,0.05881714297360242
cass,context59,55,wall,21,curtain,2859594,0.0034146555348009886,0.04992211916593364
cass,context59,10,building,57,window,2800597,0.0033442069212612155,0.05077807888803467
cass,context59,55,wall,58,wood,2665274,0.0031826170483855998,0.04652972633103323
cass,context59,29,ground,28,grass,2661249,0.0031778107757022838,0.047955242645690246
cass,context59,10,building,44,sidewalk,2608653,0.003115005628360251,0.047297911061644465
cass,context59,36,people,49,table,2476308,0.0029569718002177814,0.03268548922210595
cass,context59,28,grass,29,ground,2474065,0.002954293422670284,0.04323586540654731
cass,context59,10,building,58,wood,2405088,0.0028719276410859164,0.04360704099756785
cass,context59,16,chair,49,table,2357070,0.0028145891065002116,0.15975378721129274
cass,context59,46,sky,52,tree,2253859,0.002691344333849848,0.029549277545107454
cass,context59,3,bedclothes,2,bed,2149078,0.002566224816326737,0.29218190919875997
cass,context59,54,tvmonitor,18,computer,2138474,0.0025535625267531017,0.26240297045982736
cass,context59,10,building,24,fence,2118020,0.002529138302786756,0.03840216448365659
cass,context59,52,tree,39,pottedplant,1962864,0.002343865745158791,0.03588668222607478
cass,context59,16,chair,48,sofa,1940869,0.0023176014053651185,0.13154516973657743
cass,context59,56,water,7,boat,1932290,0.0023073571784458223,0.07383369347330539
cass,context59,50,track,51,train,1866481,0.002228774321547354,0.6071951980829808
cass,context59,55,wall,15,ceiling,1773887,0.0021182073618358135,0.030968101835750297
cass,context59,29,ground,41,rock,1733710,0.0020702318046687124,0.031241151702550055
cass,context59,13,car,53,truck,1630777,0.0019473189932123762,0.07743950831581842
cass,context59,10,building,38,platform,1581577,0.0018885690264995461,0.028675829358347955
cass,context59,10,building,52,tree,1543011,0.001842517172510786,0.027976582951101236
cass,context59,10,building,29,ground,1518080,0.0018127469403945752,0.027524554942516783
cass,context59,55,wall,25,floor,1463082,0.0017470735528077412,0.025542141280731644
cass,context59,36,people,16,chair,1426548,0.0017034481202084215,0.018829410266742588
cass,context59,55,wall,49,table,1346300,0.001607623581005755,0.023503388604499964
cass,context59,36,people,5,bicycle,1328251,0.0015860711795992538,0.017531960380030052
cass,context59,55,wall,57,window,1318779,0.0015747606169020194,0.023022933462418373
cass,context59,29,ground,58,wood,1301389,0.0015539951307000659,0.023450802713850593
cass,context59,40,road,50,track,1299017,0.0015511627136056993,0.05910317318008629
cass,context59,48,sofa,2,bed,1293388,0.001544441096479144,0.06832706027623639
cass,context59,10,building,15,ceiling,1269831,0.0015163115646528403,0.023023512019927164
cass,context59,29,ground,0,aeroplane,1220016,0.0014568272233560998,0.02198447545179892
cass,context59,54,tvmonitor,12,cabinet,1148115,0.0013709698787093682,0.1408802662223084
cass,context59,36,people,48,sofa,1079391,0.0012889062056936663,0.014247186899585255
cass,context59,3,bedclothes,48,sofa,1065293,0.0012720717131994087,0.14483389741836947
cass,context59,43,shelves,12,cabinet,1039502,0.001241274550770738,0.37387975661715545
cass,context59,25,floor,58,wood,1028307,0.00122790654513354,0.03704788147583229
cass,context59,25,floor,49,table,998425,0.001192224299090597,0.03597129170812593
cass,voc20,8,chair,17,sofa,578677,0.008856307984282804,0.27371058366005374
cass,voc20,8,chair,10,diningtable,468379,0.007168262566803925,0.22154032295064832
cass,voc20,14,person,1,bicycle,287099,0.004393879774001055,0.02208517893172748
cass,voc20,14,person,13,motorbike,248991,0.00381065945478144,0.019153709303723655
cass,voc20,14,person,10,diningtable,201938,0.003090541220283683,0.015534142797833444
cass,voc20,14,person,17,sofa,137798,0.0021089165935715463,0.010600153558299345
cass,voc20,14,person,12,horse,121027,0.0018522463937806321,0.009310039221906666
cass,voc20,13,motorbike,6,car,118425,0.001812424328319064,0.0457691772562842
cass,voc20,11,dog,14,person,104709,0.0016025090900904442,0.02079875035480969
cass,voc20,8,chair,14,person,99148,0.001517401286081305,0.04689638079399563
cass,voc20,17,sofa,8,chair,93551,0.0014317425234416446,0.02688838207249582
cass,voc20,10,diningtable,14,person,75063,0.0011487946578561444,0.026202286412426914
cass,voc20,11,dog,17,sofa,63934,0.0009784719189930423,0.012699455683698657
cass,voc20,14,person,6,car,59718,0.0009139485415964354,0.004593825528632638
cass,voc20,14,person,4,bottle,56134,0.0008590975490467581,0.004318125225631544
cass,voc20,14,person,5,bus,55098,0.0008432421840128671,0.004238430606795289
cass,voc20,13,motorbike,8,chair,50003,0.0007652662333876982,0.019325279040286924
cass,voc20,17,sofa,10,diningtable,47050,0.0007200723212785473,0.013523087690253748
cass,voc20,3,boat,10,diningtable,43788,0.0006701493475907551,0.03246795135590845
cass,voc20,10,diningtable,19,tvmonitor,43506,0.0006658335049850048,0.015186665503098001
cass,voc20,7,cat,14,person,42141,0.000644942990244405,0.007366083016617342
cass,voc20,12,horse,9,cow,38941,0.0005959688897536219,0.01473956419097049
cass,voc20,4,bottle,10,diningtable,37139,0.0005683903494147495,0.01932534315896173
cass,voc20,14,person,9,cow,36958,0.0005656202518557396,0.0028430055240832755
cass,voc20,11,dog,16,sheep,33536,0.0005132485731434083,0.006661384330849285
cass,voc20,10,diningtable,8,chair,32037,0.000490307267944757,0.011183174797102714
cass,voc20,14,person,8,chair,31219,0.00047778826350680057,0.0024015311828658415
cass,voc20,10,diningtable,4,bottle,30785,0.00047114615112773807,0.010746138406492713
cass,voc20,15,pottedplant,10,diningtable,26875,0.0004113059220905623,0.021768854055122383
cass,voc20,7,cat,17,sofa,26778,0.00040982139466943547,0.004680690325786744
cass,voc20,11,dog,7,cat,26159,0.0004003479671057496,0.005196062521191747
cass,voc20,19,tvmonitor,10,diningtable,23516,0.0003598984209816433,0.013272722962668633
cass,voc20,14,person,19,tvmonitor,22723,0.0003477620267037711,0.0017479737681623537
cass,voc20,16,sheep,7,cat,22271,0.00034084443500944793,0.011522631615708776
cass,voc20,7,cat,11,dog,21240,0.00032506559200757375,0.0037126694495373236
cass,voc20,14,person,11,dog,21069,0.0003224485385125975,0.0016207393091322725
cass,voc20,18,train,19,tvmonitor,19203,0.0002938905161639095,0.004899968231732289
cass,voc20,17,sofa,14,person,18003,0.0002755252284798658,0.0051744133408637245
cass,voc20,6,car,5,bus,17972,0.00027505079188136136,0.005001316282328924
cass,voc20,19,tvmonitor,14,person,17568,0.00026886781169439995,0.009915597763572143
cass,voc20,3,boat,14,person,15209,0.0002327647169888507,0.011277178043573848
cass,voc20,4,bottle,16,sheep,15072,0.00023066801331158904,0.007842741379462862
cass,voc20,4,bottle,15,pottedplant,14477,0.00022156189150158404,0.007533132095971593
cass,voc20,8,chair,6,car,14295,0.00021877648953617072,0.006761445147155439
cass,voc20,9,cow,16,sheep,13834,0.00021172115818421727,0.004662867343210496
cass,voc20,4,bottle,14,person,13718,0.00020994584704142638,0.007138185127618865
cass,voc20,19,tvmonitor,0,aeroplane,13336,0.00020409956379533912,0.0075270043132398745
cass,voc20,10,diningtable,15,pottedplant,13263,0.00020298234212789314,0.004629723361549874
cass,voc20,14,person,18,train,13103,0.00020053363710335399,0.0010079523075399955
cass,voc20,7,cat,16,sheep,13013,0.0001991562405270507,0.0022746218242386622
cliptrase,ade20k,1,building,25,house,11919440,0.026599834091807523,0.23194263182101968
cliptrase,ade20k,0,wall,25,house,8390450,0.01872441808974301,0.10677074614534694
cliptrase,ade20k,0,wall,79,hovel,7195344,0.01605737825212281,0.09156269897948802
cliptrase,ade20k,0,wall,5,ceiling,6126467,0.013672035411809091,0.07796094998776529
cliptrase,ade20k,3,floor,28,rug,5688088,0.012693733690475497,0.18314781532314303
cliptrase,ade20k,1,building,11,sidewalk,5104438,0.011391240186780402,0.09932822210500007
cliptrase,ade20k,1,building,79,hovel,3854312,0.008601415816352348,0.07500178440760119
cliptrase,ade20k,10,cabinet,73,kitchenisland,3751784,0.00837261078945806,0.40881103888221665
cliptrase,ade20k,1,building,0,wall,3693152,0.008241765592664348,0.07186574156126986
cliptrase,ade20k,0,wall,35,wardrobe,3603998,0.008042806446209395,0.04586184955113708
cliptrase,ade20k,0,wall,7,bed,3514747,0.007843630831203329,0.04472610643077782
cliptrase,ade20k,2,sky,94,land,3496055,0.007801917118239963,0.08786786108108643
cliptrase,ade20k,6,road,11,sidewalk,2865443,0.006394621592921414,0.1463720165668528
cliptrase,ade20k,0,wall,14,door,2826975,0.0063087750751451045,0.03597402166561295
cliptrase,ade20k,0,wall,145,shower,2496502,0.005571280111302684,0.03176866333669242
cliptrase,ade20k,5,ceiling,25,house,2390447,0.005334604109359082,0.11135743884417126
cliptrase,ade20k,0,wall,3,floor,2337087,0.005215524089900211,0.029740064334641225
cliptrase,ade20k,2,sky,4,tree,2208125,0.0049277280353751925,0.055497759832060414
cliptrase,ade20k,1,building,4,tree,2096174,0.004677894316139059,0.04078984535471416
cliptrase,ade20k,0,wall,73,kitchenisland,2000522,0.004464434008393932,0.025457183657632398
cliptrase,ade20k,0,wall,65,toilet,1994505,0.004451006263321143,0.025380615704834093
cliptrase,ade20k,8,windowpane,25,house,1864332,0.0041605076993590055,0.2091525881220915
cliptrase,ade20k,5,ceiling,79,hovel,1840830,0.004108059824221779,0.08575388374957311
cliptrase,ade20k,16,mountain,34,rock,1778036,0.003967926564441037,0.320783287132214
cliptrase,ade20k,4,tree,94,land,1703861,0.0038023950718742874,0.0805900295757374
cliptrase,ade20k,13,earth,94,land,1560778,0.0034830861059028913,0.200828829482623
cliptrase,ade20k,13,earth,9,grass,1544854,0.003447549557367227,0.19877985244637486
cliptrase,ade20k,2,sky,25,house,1506708,0.003362421625915238,0.037868743264554354
cliptrase,ade20k,3,floor,7,bed,1437884,0.003208831609812589,0.04629768619755922
cliptrase,ade20k,19,chair,15,table,1419736,0.0031683319060431064,0.2913382772919299
cliptrase,ade20k,0,wall,18,curtain,1418263,0.003165044708354521,0.018047780362237805
cliptrase,ade20k,21,water,128,lake,1406760,0.0031393742161537077,0.3531067525679909
cliptrase,ade20k,0,wall,33,desk,1350169,0.003013083785471605,0.017181265790549606
cliptrase,ade20k,17,plant,9,grass,1344197,0.002999756463953457,0.21300530042418922
cliptrase,ade20k,1,building,86,awning,1329850,0.002967739203099326,0.025877802055061565
cliptrase,ade20k,4,tree,25,house,1216060,0.0027138015079301928,0.05751778540964974
cliptrase,ade20k,1,building,48,skyscraper,1179538,0.002632297750983474,0.022952852487440844
cliptrase,ade20k,1,building,14,door,1170459,0.002612036740925995,0.02277618251349047
cliptrase,ade20k,3,floor,15,table,1152039,0.0025709300325595704,0.03709391029411964
cliptrase,ade20k,11,sidewalk,6,road,1035188,0.002310161304040294,0.13418423091465786
cliptrase,ade20k,0,wall,10,cabinet,1005259,0.002243370713665771,0.012792192730941168
cliptrase,ade20k,0,wall,15,table,994422,0.002219186490073646,0.012654288974172803
cliptrase,ade20k,0,wall,8,windowpane,981671,0.0021907309179574528,0.01249202904960388
cliptrase,ade20k,57,pillow,7,bed,900019,0.002008513493878447,0.942911082219063
cliptrase,ade20k,6,road,20,car,878761,0.00196107340666599,0.04488870295109836
cliptrase,ade20k,21,water,60,river,877865,0.0019590738621113584,0.22035035069457432
cliptrase,ade20k,0,wall,36,lamp,865591,0.001931682779674361,0.011014879646109208
cliptrase,ade20k,1,building,88,booth,852170,0.0019017320124112892,0.016582536810363434
cliptrase,ade20k,2,sky,1,building,847520,0.001891354911765042,0.021301086402657387
cliptrase,ade20k,1,building,84,tower,834790,0.001862946203974348,0.016244336111249272
cliptrase,ade847,4,"road, route",163,"curb, curbing, kerb",67308178,0.030183254927011294,0.49930573778577647
cliptrase,ade847,1,"building, edifice",26,house,48590392,0.02178956899916991,0.1445323572245772
cliptrase,ade847,5,"floor, flooring",27,"rug, carpet, carpeting",28039692,0.012573942674705577,0.23483440901906696
cliptrase,ade847,1,"building, edifice",8,"sidewalk, pavement",26977897,0.01209779802011062,0.08024588577865042
cliptrase,ade847,4,"road, route",8,"sidewalk, pavement",25821113,0.01157905709731387,0.1915462616877685
cliptrase,ade847,0,wall,26,house,20032601,0.008983293275805227,0.06317764143992878
cliptrase,ade847,1,"building, edifice",399,shops,19304789,0.008656917851782638,0.05742218873009068
cliptrase,ade847,1,"building, edifice",346,balcony,18877400,0.008465262223546788,0.056150918071853254
cliptrase,ade847,1,"building, edifice",592,brick,17553159,0.00787142793957909,0.052211956779599604
cliptrase,ade847,0,wall,394,shower room,15456366,0.00693115530809926,0.04874538004886665
cliptrase,ade847,0,wall,46,"wardrobe, closet, press",15426475,0.006917751176538556,0.048651111567191166
cliptrase,ade847,1,"building, edifice",3,tree,12039228,0.0053987954903252965,0.03581074221430714
cliptrase,ade847,8,"sidewalk, pavement",163,"curb, curbing, kerb",11778299,0.005281786134867032,0.20520291340320637
cliptrase,ade847,3,tree,195,forest,11526084,0.005168684430622176,0.11537947779424716
cliptrase,ade847,10,cabinet,69,kitchen island,11513689,0.005163126094979509,0.3178058942965164
cliptrase,ade847,2,sky,3,tree,11219637,0.00503126327026009,0.057523958593858344
cliptrase,ade847,0,wall,58,"toilet, can, commode, crapper, pot, potty, stool, throne",11062425,0.004960764112288746,0.034888026777256935
cliptrase,ade847,7,bed,376,beds,10195200,0.004571871201622268,0.1816096857786552
cliptrase,ade847,0,wall,6,ceiling,10058648,0.004510636683778192,0.03172237378034219
cliptrase,ade847,9,"earth, ground",118,"land, ground, soil",9602223,0.00430596033479039,0.2814384211677108
cliptrase,ade847,1,"building, edifice",565,block,9583524,0.004297575073137932,0.028506238727983694
cliptrase,ade847,7,bed,121,"eiderdown, duvet, continental quilt",9492617,0.004256809311276873,0.16909439644019936
cliptrase,ade847,1,"building, edifice",101,"hovel, hut, hutch, shack, shanty",9154785,0.00410531405941458,0.02723095248818328
cliptrase,ade847,0,wall,7,bed,8504616,0.003813756372729909,0.026821358855611478
cliptrase,ade847,0,wall,107,"booth, cubicle, stall, kiosk",8474431,0.003800220401663038,0.02672616317398909
cliptrase,ade847,1,"building, edifice",163,"curb, curbing, kerb",7856890,0.003523294209560772,0.023370357501009836
cliptrase,ade847,0,wall,172,closet,7710348,0.003457579839109174,0.024316443048063102
cliptrase,ade847,0,wall,101,"hovel, hut, hutch, shack, shanty",7588133,0.0034027745151423796,0.02393100855313252
cliptrase,ade847,2,sky,565,block,7531472,0.0033773658135813392,0.03861444746196365
cliptrase,ade847,0,wall,27,"rug, carpet, carpeting",6981006,0.003130518311534081,0.022016287049195032
cliptrase,ade847,0,wall,376,beds,6972324,0.0031266250101988956,0.02198890626708983
cliptrase,ade847,6,ceiling,219,"fluorescent, fluorescent fixture",6758702,0.003030829707523818,0.08947999332954762
cliptrase,ade847,0,wall,64,double door,6513092,0.0029206899078307817,0.02054060733507689
cliptrase,ade847,1,"building, edifice",523,building materials,6234737,0.00279586614681309,0.018545255516466894
cliptrase,ade847,4,"road, route",14,"car, auto, automobile, machine, motorcar",6099607,0.0027352693016825173,0.04524812383627865
cliptrase,ade847,1,"building, edifice",169,central reservation,6016723,0.002698101323352003,0.017896771813599072
cliptrase,ade847,0,wall,771,office,5816382,0.002608261668572871,0.018343364222831365
cliptrase,ade847,1,"building, edifice",458,revolving door,5618203,0.0025193915274411326,0.016711372136207325
cliptrase,ade847,1,"building, edifice",115,"traffic light, traffic signal, stoplight",5547969,0.002487896235345368,0.016502460761767066
cliptrase,ade847,2,sky,8,"sidewalk, pavement",5406785,0.002424584572628615,0.027721010623239808
cliptrase,ade847,1,"building, edifice",46,"wardrobe, closet, press",5166411,0.002316792771759701,0.015367514635835518
cliptrase,ade847,1,"building, edifice",0,wall,5119164,0.0022956056249981813,0.015226978204645797
cliptrase,ade847,6,ceiling,26,house,4983059,0.002234571557015523,0.06597185170773061
cliptrase,ade847,0,wall,69,kitchen island,4975171,0.002231034312033728,0.015690402336687677
cliptrase,ade847,1,"building, edifice",431,"box office, ticket office, ticket booth",4749490,0.0021298313474373185,0.014127381094487922
cliptrase,ade847,2,sky,26,house,4625679,0.0020743103232941868,0.023716218917285835
cliptrase,ade847,11,"person, individual, someone, somebody, mortal, soul",252,"bag, handbag, pocketbook, purse",4591442,0.0020589572988974174,0.12729629376102766
cliptrase,ade847,0,wall,21,"sofa, couch, lounge",4485876,0.002011617947509465,0.014147292479492899
cliptrase,ade847,18,chair,588,tables,4441867,0.001991882829050563,0.1969878319341028
cliptrase,ade847,3,tree,8,"sidewalk, pavement",4423561,0.0019836738018400232,0.044281141641081025
cliptrase,coco_stuff164k,111,furniture-other,112,grass,34111442,0.029864421381089558,0.652583224039989
cliptrase,coco_stuff164k,144,shelf,145,sky-other,29761400,0.026055978240121267,0.3777784801554404
cliptrase,coco_stuff164k,156,towel,157,tree,29301845,0.025653639805768753,0.40048253603579426
cliptrase,coco_stuff164k,142,sand,143,sea,22293212,0.019517611630313438,0.6755060467261025
cliptrase,coco_stuff164k,93,clothes,94,clouds,16527797,0.014470015489497858,0.5730606125832453
cliptrase,coco_stuff164k,146,skyscraper,147,snow,15205809,0.013312620657208335,0.6678895063384196
cliptrase,coco_stuff164k,159,wall-brick,161,wall-other,14334356,0.012549667287901502,0.23924023168373942
cliptrase,coco_stuff164k,83,bridge,84,building-other,14259304,0.012483959583328545,0.3215880096395411
cliptrase,coco_stuff164k,127,paper,128,pavement,14121790,0.01236356666526313,0.4214817539441155
cliptrase,coco_stuff164k,144,shelf,94,clouds,13477915,0.011799856860302407,0.17108288737640745
cliptrase,coco_stuff164k,136,river,137,road,11476528,0.010047651113191666,0.3954738589884219
cliptrase,coco_stuff164k,4,airplane,5,bus,9664952,0.008461624083672695,0.8308309709191383
cliptrase,coco_stuff164k,58,potted plant,59,bed,8675702,0.007595539945357966,0.658278562159762
cliptrase,coco_stuff164k,14,bird,15,cat,8011099,0.007013682865169557,0.9027894508254601
cliptrase,coco_stuff164k,5,bus,6,train,7500866,0.006566976058856958,0.6737731042685425
cliptrase,coco_stuff164k,141,salad,142,sand,7448688,0.006521294443320959,0.5378022827771515
cliptrase,coco_stuff164k,132,platform,112,grass,7103029,0.006218671469183249,0.28272306053886803
cliptrase,coco_stuff164k,136,river,128,pavement,6761894,0.005920009237670491,0.23301056854918634
cliptrase,coco_stuff164k,132,platform,38,tennis racket,6551589,0.00573588811084888,0.26077400127083555
cliptrase,coco_stuff164k,19,cow,20,elephant,6172507,0.0054040034433526715,0.8669012763131801
cliptrase,coco_stuff164k,52,hot dog,53,pizza,6066780,0.005311439907652291,0.6833436189645037
cliptrase,coco_stuff164k,156,towel,85,bush,6018516,0.005269184982353709,0.08225797900616853
cliptrase,coco_stuff164k,2,car,3,motorcycle,5761815,0.005044444356233387,0.8305226738384309
cliptrase,coco_stuff164k,15,cat,16,dog,5475337,0.004793634094139754,0.8175981385892126
cliptrase,coco_stuff164k,156,towel,170,wood,5331645,0.004667832363533011,0.0728701797051538
cliptrase,coco_stuff164k,159,wall-brick,96,cupboard,5106811,0.004470991159435105,0.08523261504075028
cliptrase,coco_stuff164k,89,carpet,90,ceiling-other,5019392,0.0043944561993266035,0.42266834384714863
cliptrase,coco_stuff164k,108,fog,109,food-other,4893390,0.004284141987958463,0.6803304921985812
cliptrase,coco_stuff164k,93,clothes,145,sky-other,4560356,0.003992572147251355,0.15811910098833365
cliptrase,coco_stuff164k,21,bear,22,zebra,4494098,0.003934563552016119,0.8283075965798683
cliptrase,coco_stuff164k,1,bicycle,2,car,4470131,0.0039135805461601786,0.5915682424771135
cliptrase,coco_stuff164k,44,spoon,109,food-other,4429611,0.003878105459696177,0.4423586517521787
cliptrase,coco_stuff164k,56,chair,57,couch,4356153,0.0038137932952965583,0.5788416875751929
cliptrase,coco_stuff164k,6,train,7,truck,4300613,0.00376516826315908,0.5886170838865089
cliptrase,coco_stuff164k,132,platform,35,baseball glove,4060289,0.0035547656304005773,0.16161236744947824
cliptrase,coco_stuff164k,144,shelf,114,ground-other,4055299,0.0035503969067713728,0.0514762307148144
cliptrase,coco_stuff164k,135,railroad,136,river,3983410,0.003487458395152159,0.6017869253001411
cliptrase,coco_stuff164k,76,scissors,77,teddy bear,3875548,0.0033930256760953954,0.7621360626597679
cliptrase,coco_stuff164k,111,furniture-other,114,ground-other,3852159,0.00337254870676404,0.07369534069344415
cliptrase,coco_stuff164k,146,skyscraper,30,skis,3834601,0.003357176752960118,0.1684283795025184
cliptrase,coco_stuff164k,71,sink,72,refrigerator,3781419,0.0033106161397239756,0.7170522916109248
cliptrase,coco_stuff164k,142,sand,37,surfboard,3639045,0.003185968312472602,0.11026660948670786
cliptrase,coco_stuff164k,168,window-blind,169,window-other,3609014,0.0031596763005871035,0.30304142750851454
cliptrase,coco_stuff164k,156,towel,114,ground-other,3487710,0.0030534751680987237,0.04766822518368383
cliptrase,coco_stuff164k,159,wall-brick,160,wall-concrete,3387002,0.0029653057454033485,0.0565290232217819
cliptrase,coco_stuff164k,17,horse,18,sheep,3299698,0.0028888714673023334,0.9062888469577494
cliptrase,coco_stuff164k,16,dog,17,horse,3291546,0.002881734426215104,0.8584472480258467
cliptrase,coco_stuff164k,18,sheep,19,cow,3230702,0.002828465764793197,0.8089135421763008
cliptrase,coco_stuff164k,156,towel,112,grass,3212203,0.002812269969519319,0.04390273730892326
cliptrase,coco_stuff164k,98,desk-stuff,114,ground-other,3206853,0.0028075860674318955,0.17343951902427227
cliptrase,context459,43,building,345,shed,8043672,0.00880535887706735,0.1458411229339586
cliptrase,context459,439,wall,78,closet,7698057,0.00842701623600769,0.1343908676896614
cliptrase,context459,283,person,441,wardrobe,7324688,0.008018291459739866,0.09668062723994301
cliptrase,context459,188,ground,323,road,6395406,0.007001012099268815,0.11524410025056027
cliptrase,context459,419,tree,186,grass,6315190,0.006913200131341377,0.11545945960967503
cliptrase,context459,188,ground,353,sidewalk,6125868,0.0067059504879789745,0.1103870725195084
cliptrase,context459,283,person,7,baby carriage,5772472,0.006319090033485045,0.0761924895210565
cliptrase,context459,157,floor,329,rug,5722595,0.006264489984563174,0.20617385789865328
cliptrase,context459,419,tree,457,wood,4912559,0.005377748495931598,0.08981541449119433
cliptrase,context459,419,tree,228,leaves,4079678,0.004465998724572108,0.07458800404445153
cliptrase,context459,43,building,439,wall,3521932,0.0038554375664034495,0.06385672088283095
cliptrase,context459,283,person,79,cloth,3489252,0.0038196629689183008,0.04605562338740239
cliptrase,context459,359,sky,1,aeroplane,3417935,0.0037415926822338347,0.044810926480377364
cliptrase,context459,359,sky,419,tree,3347556,0.003664549218451482,0.04388822075462118
cliptrase,context459,43,building,85,concrete,3173549,0.0034740648125580224,0.057540132149339424
cliptrase,context459,188,ground,85,concrete,2978095,0.0032601025060444893,0.053664752282449664
cliptrase,context459,188,ground,333,sand,2871732,0.0031436675760471555,0.051748109580649286
cliptrase,context459,307,pottedplant,292,plant,2599205,0.0028453339246140123,0.36649175902733794
cliptrase,context459,43,building,38,brick,2554856,0.0027967853437122726,0.046322508920622535
cliptrase,context459,188,ground,186,grass,2536733,0.002776946205700542,0.04571148605122247
cliptrase,context459,188,ground,331,runway,2526228,0.002765446446013226,0.04552218778413323
cliptrase,context459,439,wall,441,wardrobe,2486769,0.0027222509184071523,0.0434134280447328
cliptrase,context459,444,water,111,dock,2285140,0.002501528876903693,0.08731625496358676
cliptrase,context459,359,sky,286,picture,2176079,0.002382140462695376,0.028529540814700424
cliptrase,context459,18,bedclothes,17,bed,2165437,0.0023704907299402674,0.29440602756607026
cliptrase,context459,283,person,284,photo,2144470,0.0023475382824044316,0.028305465665874177
cliptrase,context459,43,building,114,door,2129723,0.0023313948310851695,0.03861435347665582
cliptrase,context459,359,sky,362,smoke,2098912,0.0022976662165467695,0.027517840836874256
cliptrase,context459,188,ground,157,floor,2090930,0.0022889283696334753,0.037678193774860265
cliptrase,context459,283,person,107,dais,2067730,0.002263531470562011,0.027292552715262052
cliptrase,context459,430,unknown,64,cat,2063453,0.0022588494646426723,0.06854237784255968
cliptrase,context459,444,water,30,boat,2057839,0.002252703852944948,0.07863097875754327
cliptrase,context459,43,building,278,patio,1868374,0.0020452976683512,0.03387579232726197
cliptrase,context459,439,wall,114,door,1839350,0.002013525271857658,0.032110939485766175
cliptrase,context459,444,water,333,sand,1810045,0.001981445266371052,0.06916265555526813
cliptrase,context459,439,wall,345,shed,1756136,0.001922431411541588,0.03065820905470708
cliptrase,context459,283,person,408,tong,1712268,0.0018744093784180107,0.022600709305690938
cliptrase,context459,439,wall,367,sofa,1622566,0.0017762131439133348,0.02832637542483034
cliptrase,context459,439,wall,67,ceiling,1588636,0.0017390701790213185,0.02773403346883934
cliptrase,context459,283,person,270,pack,1576333,0.001725602159655964,0.020806464818572627
cliptrase,context459,186,grass,346,sheep,1561882,0.0017097827377386481,0.027294885111308283
cliptrase,context459,439,wall,64,cat,1551374,0.0016982796939695557,0.027083522240895434
cliptrase,context459,430,unknown,419,tree,1500648,0.0016427502499049395,0.04984750426817644
cliptrase,context459,419,tree,345,shed,1462957,0.0016014901411591396,0.026746974303574613
cliptrase,context459,283,person,22,bicycle,1450563,0.0015879225046465653,0.019146391039598337
cliptrase,context459,43,building,353,sidewalk,1435161,0.0015710620288061044,0.026021137091495394
cliptrase,context459,323,road,353,sidewalk,1432798,0.0015684752670601617,0.06518999237583593
cliptrase,context459,430,unknown,186,grass,1414938,0.0015489240335508363,0.04700044780268593
cliptrase,context459,439,wall,157,floor,1410519,0.0015440865810940777,0.024624508795239308
cliptrase,context459,359,sky,30,boat,1409716,0.0015432075418719059,0.018482118599157576
cliptrase,context59,36,people,17,cloth,12017697,0.014350392250302399,0.15862497951306342
cliptrase,context59,29,ground,44,sidewalk,8764443,0.010465665335497901,0.15793373364135463
cliptrase,context59,10,building,55,wall,8498334,0.010147903244197402,0.1540846734710018
cliptrase,context59,29,ground,40,road,8165042,0.00974991759570853,0.14713263220474745
cliptrase,context59,52,tree,28,grass,7604251,0.009080274250528556,0.13902712526405872
cliptrase,context59,52,tree,58,wood,6049868,0.007224177715793007,0.11060862618383065
cliptrase,context59,29,ground,25,floor,4543161,0.005425011331728209,0.08186696852997849
cliptrase,context59,55,wall,23,door,4324414,0.005163804442123911,0.07549460204169954
cliptrase,context59,10,building,23,door,4131625,0.004933594130485703,0.07491116365038462
cliptrase,context59,10,building,44,sidewalk,3978071,0.00475023452909095,0.07212705114666729
cliptrase,context59,46,sky,0,aeroplane,3816359,0.0045571334189879985,0.05003447478425613
cliptrase,context59,55,wall,25,floor,3721051,0.004443325658267137,0.06496123276399256
cliptrase,context59,46,sky,52,tree,3634534,0.004340015274728643,0.047650653351930874
cliptrase,context59,56,water,7,boat,3335233,0.003982618449787245,0.1274407935579301
cliptrase,context59,55,wall,15,ceiling,3314917,0.003958359012312898,0.05787104095867429
cliptrase,context59,29,ground,28,grass,3107564,0.0037107577552436813,0.05599776107271877
cliptrase,context59,55,wall,36,people,2940260,0.0035109792098997113,0.05133036721255817
cliptrase,context59,55,wall,12,cabinet,2776679,0.0033156463175246817,0.04847460860651738
cliptrase,context59,46,sky,29,ground,2769358,0.003306904274713612,0.03630774070772115
cliptrase,context59,55,wall,21,curtain,2651758,0.0031664775250097744,0.04629376718345957
cliptrase,context59,3,bedclothes,2,bed,2638485,0.0031506281691524693,0.35872015101001
cliptrase,context59,50,track,51,train,2452800,0.0029289007795371877,0.7979338562020912
cliptrase,context59,36,people,44,sidewalk,2196258,0.0026225626909103005,0.02898903011578688
cliptrase,context59,16,chair,49,table,2187683,0.0026123232404110623,0.14827334125323496
cliptrase,context59,29,ground,0,aeroplane,2147907,0.002564826519354771,0.03870490937352221
cliptrase,context59,36,people,12,cabinet,2126036,0.002538710248582895,0.028062150089491797
cliptrase,context59,36,people,48,sofa,2110704,0.0025204022305007584,0.027859778687891783
cliptrase,context59,10,building,58,wood,2107487,0.002516560794669149,0.03821118895060857
cliptrase,context59,55,wall,48,sofa,2101961,0.0025099621703590863,0.03669554052923074
cliptrase,context59,36,people,28,grass,2091738,0.002497754834795971,0.027609441093139245
cliptrase,context59,36,people,49,table,2084456,0.002489059362080467,0.027513323916877094
cliptrase,context59,55,wall,58,wood,2077565,0.002480830784425627,0.03626964090181086
cliptrase,context59,28,grass,29,ground,2043280,0.0024398908940038914,0.03570762250300214
cliptrase,context59,40,road,44,sidewalk,2027265,0.0024207673021968594,0.0922372797099096
cliptrase,context59,55,wall,49,table,1972360,0.002355204966376373,0.03443299676741554
cliptrase,context59,52,tree,29,ground,1944368,0.0023217795788108135,0.03554852325303667
cliptrase,context59,46,sky,7,boat,1929623,0.002304172500372182,0.025298372961406582
cliptrase,context59,10,building,57,window,1904257,0.0022738828325746686,0.034526392825919704
cliptrase,context59,10,building,15,ceiling,1883886,0.002249557719324525,0.03415704291765794
cliptrase,context59,29,ground,30,horse,1804022,0.002154191716447422,0.03250816167452328
cliptrase,context59,36,people,3,bedclothes,1752651,0.0020928493477481375,0.023133735936972794
cliptrase,context59,54,tvmonitor,18,computer,1750717,0.002090539948650117,0.21482297247220103
cliptrase,context59,46,sky,51,train,1750367,0.002090122011895046,0.02294823247097405
cliptrase,context59,55,wall,14,cat,1694513,0.00202342647041581,0.02958240922110751
cliptrase,context59,36,people,5,bicycle,1641863,0.001960556841402995,0.021671413810670784
cliptrase,context59,46,sky,28,grass,1625186,0.0019406427520763717,0.02130704368659397
cliptrase,context59,29,ground,51,train,1619364,0.00193369067268202,0.029180656733622273
cliptrase,context59,28,grass,42,sheep,1612185,0.0019251181927830076,0.028173962151541887
cliptrase,context59,10,building,24,fence,1498866,0.0017898034066461948,0.02717618278909567
cliptrase,context59,55,wall,16,chair,1494820,0.0017849720577575747,0.026096215816518335
cliptrase,voc20,14,person,10,diningtable,857300,0.013120467609608897,0.0659480663400777
cliptrase,voc20,14,person,17,sofa,666364,0.010198305468575088,0.0512602557781868
cliptrase,voc20,8,chair,17,sofa,477781,0.007312154595808407,0.22598740985331045
cliptrase,voc20,14,person,1,bicycle,462612,0.007080002055075692,0.03558657047208215
cliptrase,voc20,8,chair,10,diningtable,424340,0.006494271813205925,0.20071015276277993
cliptrase,voc20,14,person,8,chair,320852,0.0049104494033339946,0.024681638844449565
cliptrase,voc20,14,person,13,motorbike,311466,0.004766802244831966,0.023959617905842348
cliptrase,voc20,14,person,12,horse,264127,0.004042306950102845,0.020318050761933635
cliptrase,voc20,14,person,3,boat,202298,0.003096050806588896,0.015561835908625966
cliptrase,voc20,14,person,6,car,187593,0.0028709995104273436,0.014430649258059253
cliptrase,voc20,10,diningtable,8,chair,154922,0.00237098924882285,0.05407871542019373
cliptrase,voc20,8,chair,14,person,154522,0.002364867486261502,0.07308793473443531
cliptrase,voc20,19,tvmonitor,10,diningtable,152536,0.00233447293514441,0.08609321610110658
cliptrase,voc20,14,person,16,sheep,149320,0.0022852539641511726,0.01148648695427552
cliptrase,voc20,14,person,9,cow,144584,0.0022127722954248135,0.01112216869673836
cliptrase,voc20,14,person,11,dog,139845,0.0021402447134792443,0.010757619663277927
cliptrase,voc20,14,person,18,train,125645,0.0019229221425513935,0.0096652802931285
cliptrase,voc20,14,person,5,bus,123859,0.0018955884727149752,0.009527891693474495
cliptrase,voc20,4,bottle,10,diningtable,122613,0.0018765191823363766,0.06380188752389065
cliptrase,voc20,7,cat,11,dog,122211,0.001870366810962222,0.021362007820028523
cliptrase,voc20,17,sofa,8,chair,111437,0.001705477136372316,0.03202916733132427
cliptrase,voc20,14,person,19,tvmonitor,110611,0.0016928356966831326,0.008508785216309735
cliptrase,voc20,13,motorbike,1,bicycle,102478,0.0015683649594045264,0.03960594255325727
cliptrase,voc20,19,tvmonitor,14,person,93173,0.0014259574578211708,0.05258800036573926
cliptrase,voc20,11,dog,16,sheep,92808,0.0014203713494839408,0.018434809070177135
cliptrase,voc20,11,dog,17,sofa,89634,0.001371795163559645,0.017804345274073975
cliptrase,voc20,17,sofa,10,diningtable,88558,0.0013553276222696192,0.025453296486152847
cliptrase,voc20,13,motorbike,2,bird,79940,0.0012234342478853787,0.030895402405466406
cliptrase,voc20,10,diningtable,14,person,79580,0.0012179246615801657,0.0277790383104983
cliptrase,voc20,13,motorbike,6,car,67464,0.0010324964735969376,0.026073648084593264
cliptrase,voc20,14,person,15,pottedplant,55885,0.0008552867518523191,0.00429897082400005
cliptrase,voc20,13,motorbike,14,person,55539,0.0008499914272367532,0.021464845561636213
cliptrase,voc20,7,cat,17,sofa,54548,0.0008348247604910138,0.009534778396109318
cliptrase,voc20,17,sofa,11,dog,51800,0.0007927682516945537,0.014888330336984999
cliptrase,voc20,17,sofa,7,cat,50405,0.0007714186047618529,0.014487380128102873
cliptrase,voc20,19,tvmonitor,8,chair,49887,0.0007634909222449073,0.02815684344440594
cliptrase,voc20,14,person,4,bottle,49247,0.0007536961021467506,0.0037883406311090715
cliptrase,voc20,5,bus,18,train,46764,0.0007156952610471835,0.010823115976107862
cliptrase,voc20,4,bottle,14,person,44813,0.0006858363641542091,0.02331852238839366
cliptrase,voc20,8,chair,7,cat,43724,0.0006691698655809394,0.020681177167836618
cliptrase,voc20,15,pottedplant,10,diningtable,43251,0.0006619308813521455,0.03503347746002226
cliptrase,voc20,17,sofa,14,person,41289,0.0006319036359887341,0.011867263924397173
cliptrase,voc20,6,car,5,bus,38257,0.0005855006757737169,0.010646302972015225
cliptrase,voc20,14,person,0,aeroplane,38250,0.0005853935449288934,0.0029423930217053217
cliptrase,voc20,5,bus,6,car,37496,0.0005738540225007525,0.008678118994101027
cliptrase,voc20,2,bird,3,boat,34812,0.0005327769957141082,0.016177444426630605
cliptrase,voc20,12,horse,9,cow,34456,0.0005273286270345085,0.013041946117564499
cliptrase,voc20,15,pottedplant,17,sofa,34247,0.0005241300060962042,0.02774020259816842
cliptrase,voc20,6,car,1,bicycle,33442,0.0005118099589414915,0.009306366520901617
cliptrase,voc20,2,bird,15,pottedplant,32192,0.0004926794509372794,0.014959907244113882
corrclip,ade20k,0,wall,25,house,7741547,0.017276303736914675,0.09851327992053731
corrclip,ade20k,0,wall,5,ceiling,7228899,0.01613226074936686,0.09198969543222979
corrclip,ade20k,0,wall,14,door,4851937,0.010827750231881893,0.06174221093507693
corrclip,ade20k,6,road,11,sidewalk,4238194,0.009458100149746473,0.21649462312861786
corrclip,ade20k,7,bed,131,blanket,4081801,0.009109088127946786,0.3353732778929841
corrclip,ade20k,0,wall,1,building,4062382,0.009065752016667329,0.05169490995923065
corrclip,ade20k,0,wall,145,shower,3504071,0.007819805900773365,0.0445902514425653
corrclip,ade20k,1,building,25,house,3328456,0.007427897399700094,0.0647690532894552
corrclip,ade20k,3,floor,28,rug,2639316,0.005889988767580781,0.08498197625413259
corrclip,ade20k,1,building,48,skyscraper,2172519,0.004848268455674057,0.04227545711385517
corrclip,ade20k,13,earth,9,grass,1944871,0.004340241314186554,0.25025094307114687
corrclip,ade20k,12,people,92,apparel,1875741,0.004185968417912346,0.2200267986477979
corrclip,ade20k,19,chair,15,table,1564814,0.0034920929829369246,0.3211091463781252
corrclip,ade20k,0,wall,79,hovel,1531165,0.0034170007120454034,0.019484488855977946
corrclip,ade20k,2,sky,4,tree,1515297,0.003381589135044403,0.03808461431315784
corrclip,ade20k,17,plant,9,grass,1513493,0.003377563266320569,0.23983242869527863
corrclip,ade20k,1,building,4,tree,1465548,0.0032705675479368433,0.028518375039434045
corrclip,ade20k,1,building,0,wall,1419958,0.003168827328912669,0.027631230627891197
corrclip,ade20k,0,wall,10,cabinet,1316293,0.0029374849335377833,0.016750184525966685
corrclip,ade20k,21,water,128,lake,1264352,0.0028215716035019283,0.3173613330083628
corrclip,ade20k,16,mountain,34,rock,1239673,0.0027664970945022,0.2236548528314686
corrclip,ade20k,0,wall,45,counter,1119434,0.0024981675881357228,0.014245100494070082
corrclip,ade20k,21,water,60,river,1048686,0.00234028390716353,0.2632276350788451
corrclip,ade20k,13,earth,46,sand,1039853,0.002320571879204755,0.13380023348867934
corrclip,ade20k,0,wall,34,rock,1031069,0.002300969201338812,0.013120631963403242
corrclip,ade20k,0,wall,18,curtain,991618,0.0022129289868022314,0.01261860731559769
corrclip,ade20k,4,tree,68,hill,968808,0.0021620254027719305,0.04582314248240378
corrclip,ade20k,30,armchair,23,sofa,954514,0.0021301264185488215,0.5465443387254052
corrclip,ade20k,0,wall,3,floor,938477,0.00209433769530928,0.011942373714192536
corrclip,ade20k,0,wall,8,windowpane,912060,0.0020353846054658583,0.011606210242516806
corrclip,ade20k,29,field,9,grass,885504,0.0019761213184203226,0.43555360556089506
corrclip,ade20k,8,windowpane,25,house,882506,0.0019694308780466773,0.09900512029685404
corrclip,ade20k,13,earth,91,dirttrack,869391,0.0019401629909551652,0.1118665030470234
corrclip,ade20k,26,sea,128,lake,810109,0.0018078672317055247,0.4330237184890682
corrclip,ade20k,3,floor,15,table,787823,0.0017581330241781558,0.025366706934091827
corrclip,ade20k,11,sidewalk,3,floor,749302,0.0016721682297708247,0.09712681425288447
corrclip,ade20k,11,sidewalk,6,road,718902,0.0016043265395243914,0.0931862733851333
corrclip,ade20k,13,earth,68,hill,701345,0.0015651457317725284,0.09024364478067363
corrclip,ade20k,0,wall,47,sink,643814,0.0014367575646157006,0.008192707323066152
corrclip,ade20k,24,shelf,62,bookcase,630825,0.0014077708634771834,0.24631316063721828
corrclip,ade20k,4,tree,94,land,626247,0.001397554440518362,0.029620529052379753
corrclip,ade20k,58,screendoor,145,shower,614429,0.001371180983435061,0.8441385014226305
corrclip,ade20k,8,windowpane,1,building,610795,0.0013630712234891551,0.06852285701368259
corrclip,ade20k,35,wardrobe,10,cabinet,599131,0.0013370414381261814,0.32143014258935576
corrclip,ade20k,0,wall,134,sconce,583465,0.0013020806513037925,0.007424749971657641
corrclip,ade20k,1,building,84,tower,576593,0.0012867448586928224,0.01122003197378209
corrclip,ade20k,1,building,79,hovel,572435,0.0012774657222439844,0.011139120667285158
corrclip,ade20k,21,water,109,swimmingpool,543587,0.0012130875288153954,0.13644419823436582
corrclip,ade20k,14,door,8,windowpane,524686,0.0011709074042315847,0.09164115043714537
corrclip,ade20k,10,cabinet,44,chestofdrawers,520895,0.0011624472776617088,0.05675903146304591
corrclip,ade847,4,"road, route",8,"sidewalk, pavement",99276410,0.04451888730769823,0.7364525769776926
corrclip,ade847,1,"building, edifice",143,dirt track,32601707,0.014619703915276514,0.096973935963616
corrclip,ade847,5,"floor, flooring",27,"rug, carpet, carpeting",30536497,0.013693594165168393,0.2557453279625009
corrclip,ade847,1,"building, edifice",80,"bus, autobus, coach, charabanc, double-decker, jitney, motorbus, motorcoach, omnibus, passenger vehicle",25348065,0.011366926435023282,0.07539794257127629
corrclip,ade847,0,wall,6,ceiling,23909161,0.01072167339834925,0.07540330887574354
corrclip,ade847,7,bed,150,"blanket, cover",21663364,0.009714582352662095,0.38589500244709574
corrclip,ade847,1,"building, edifice",26,house,19946753,0.008944796140004374,0.059331713768977355
corrclip,ade847,0,wall,13,"windowpane, window",18740104,0.008403694071034043,0.059101440250268804
corrclip,ade847,3,tree,195,forest,15013012,0.006732340435931569,0.1502846486871661
corrclip,ade847,19,"curtain, drape, drapery, mantle, pall",79,"computer, computing machine, computing device, data processor, electronic computer, information processing system",14805797,0.006639418247936811,0.6914526528472936
corrclip,ade847,0,wall,190,shower,12184058,0.005463742142292002,0.03842536711070598
corrclip,ade847,0,wall,138,manhole,9093176,0.004077686507933417,0.028677524844535455
corrclip,ade847,7,bed,120,arcade machine,8804771,0.003948355988286537,0.15684162102391475
corrclip,ade847,1,"building, edifice",3,tree,8752266,0.003924810977159617,0.02603365776585053
corrclip,ade847,1,"building, edifice",59,skyscraper,8448074,0.003788401034778508,0.025128837183031223
corrclip,ade847,0,wall,109,"doorframe, doorcase",8313595,0.00372809611998302,0.02621892803569465
corrclip,ade847,11,"person, individual, someone, somebody, mortal, soul",94,"airplane, aeroplane, plane",8182799,0.0036694427864841783,0.22686554361166786
corrclip,ade847,0,wall,3,tree,8125787,0.003643876684696387,0.025626630186626018
corrclip,ade847,0,wall,26,house,7118631,0.0031922339987322987,0.022450320697804626
corrclip,ade847,2,sky,3,tree,6794225,0.0030467594176516455,0.03483452428784971
corrclip,ade847,18,chair,76,book,6116919,0.002743032585800777,0.27127300568128676
corrclip,ade847,0,wall,80,"bus, autobus, coach, charabanc, double-decker, jitney, motorbus, motorcoach, omnibus, passenger vehicle",5853205,0.002624774342503479,0.01845949443930912
corrclip,ade847,1,"building, edifice",250,"arch, archway",5541607,0.0024850433001812984,0.016483536961838414
corrclip,ade847,0,wall,64,double door,5481092,0.0024579063351618607,0.017285946297001677
corrclip,ade847,16,"plant, flora, plant life",131,"conveyer belt, conveyor belt, conveyer, conveyor, transporter",5354139,0.002400976332350778,0.2074183409303397
corrclip,ade847,9,"earth, ground",12,grass,5073369,0.0022750696039609978,0.14869900036285427
corrclip,ade847,0,wall,1,"building, edifice",4868709,0.002183293164055551,0.01535464872870748
corrclip,ade847,0,wall,121,"eiderdown, duvet, continental quilt",4642431,0.002081822484543557,0.014641026451213698
corrclip,ade847,1,"building, edifice",0,wall,4621123,0.002072267259382288,0.013745552828936015
corrclip,ade847,0,wall,20,door,4532421,0.002032490293817483,0.01429408336904446
corrclip,ade847,20,door,109,"doorframe, doorcase",4506359,0.002020803214872815,0.22136730728222245
corrclip,ade847,17,table,76,book,4505785,0.0020205458139322028,0.21300368722910581
corrclip,ade847,11,"person, individual, someone, somebody, mortal, soul",202,jacket,4498420,0.002017243099772603,0.12471728789789396
corrclip,ade847,9,"earth, ground",118,"land, ground, soil",4420830,0.0019824491294204894,0.12957326813289494
corrclip,ade847,3,tree,131,"conveyer belt, conveyor belt, conveyer, conveyor, transporter",4419882,0.001982024014278154,0.04424431377319415
corrclip,ade847,1,"building, edifice",148,ruins,4238689,0.0019007709678802859,0.012608001036745822
corrclip,ade847,16,"plant, flora, plant life",161,"scaffolding, staging",3694289,0.0016566436646235413,0.14311606316108036
corrclip,ade847,24,water,134,lake,3684464,0.0016522378035756032,0.22027256792077882
corrclip,ade847,42,work surface,67,countertop,3640396,0.0016324762275287293,0.7139291247475045
corrclip,ade847,8,"sidewalk, pavement",5,"floor, flooring",3579121,0.001604998452901512,0.062355867907802086
corrclip,ade847,9,"earth, ground",161,"scaffolding, staging",3520216,0.0015785834661301333,0.10317652831113318
corrclip,ade847,0,wall,250,"arch, archway",3496925,0.0015681389969527768,0.011028396851328639
corrclip,ade847,1,"building, edifice",90,hill,3434185,0.0015400042669631955,0.010214999977676342
corrclip,ade847,9,"earth, ground",127,"ashcan, trash can, garbage can, wastebin, ash bin, ash-bin, ashbin, dustbin, trash barrel, trash bin",3349322,0.001501948838351371,0.0981676738461791
corrclip,ade847,15,"mountain, mount",189,"footbridge, overcrossing, pedestrian bridge",3318862,0.0014882895480185269,0.16354886724518097
corrclip,ade847,18,chair,39,"signboard, sign",3242709,0.0014541399768853327,0.14380759610839375
corrclip,ade847,29,armchair,21,"sofa, couch, lounge",3235569,0.0014509381603069838,0.5353832728023651
corrclip,ade847,11,"person, individual, someone, somebody, mortal, soul",228,water tower,3205382,0.0014374012923727235,0.08886821366540411
corrclip,ade847,5,"floor, flooring",76,book,3164142,0.0014189078868137445,0.026499913644643765
corrclip,ade847,17,table,68,"chest of drawers, chest, bureau, dresser",3036756,0.0013617837122129662,0.14355772084445007
corrclip,coco_stuff164k,136,river,127,paper,21059253,0.018437285810519954,0.7265830636381684
corrclip,coco_stuff164k,159,wall-brick,160,wall-concrete,20445367,0.017899831246624604,0.3420167962780274
corrclip,coco_stuff164k,156,towel,84,building-other,18855761,0.01650813800146926,0.2579754428235524
corrclip,coco_stuff164k,144,shelf,93,clothes,13125298,0.011491142186963893,0.16672131402627913
corrclip,coco_stuff164k,132,platform,111,furniture-other,9071371,0.007941946460316622,0.3616797280962262
corrclip,coco_stuff164k,156,towel,116,house,7417231,0.006493753974542626,0.10147898309432223
corrclip,coco_stuff164k,85,bush,95,counter,5415616,0.004741348614408347,0.5399600245711196
corrclip,coco_stuff164k,159,wall-brick,115,hill,5083304,0.004450410881609111,0.08503517440343732
corrclip,coco_stuff164k,93,clothes,144,shelf,4759619,0.00416702605036281,0.16513844705806593
corrclip,coco_stuff164k,159,wall-brick,89,carpet,4677463,0.00409509882421433,0.07824613321780974
corrclip,coco_stuff164k,132,platform,102,floor-marble,4586129,0.0040151362983726945,0.18285106956095368
corrclip,coco_stuff164k,144,shelf,107,flower,3902701,0.0034167980113065754,0.04957323170656191
corrclip,coco_stuff164k,159,wall-brick,83,bridge,3173885,0.0027787227246247586,0.05309378792050478
corrclip,coco_stuff164k,115,hill,83,bridge,3170167,0.0027754676315479287,0.3742945450801633
corrclip,coco_stuff164k,156,towel,81,blanket,3162230,0.0027685188220399133,0.04326410822453265
corrclip,coco_stuff164k,58,potted plant,80,banner,2963904,0.0025948852584155445,0.22506613240331336
corrclip,coco_stuff164k,86,cabinet-merged,100,door-stuff,2943930,0.002577398106958685,0.604864011255998
corrclip,coco_stuff164k,107,flower,93,clothes,2686314,0.002351856402257055,0.35707868278091637
corrclip,coco_stuff164k,152,structural-other,105,floor-tile,2552368,0.0022345872529108794,0.15308364185055998
corrclip,coco_stuff164k,159,wall-brick,147,snow,2527569,0.002212875834618166,0.04228200216467904
corrclip,coco_stuff164k,160,wall-concrete,147,snow,2459884,0.0021536179069943776,0.11348905473323116
corrclip,coco_stuff164k,98,desk-stuff,141,salad,2431280,0.002128575227497431,0.1316359681389933
corrclip,coco_stuff164k,6,train,1,bicycle,2430397,0.0021278021647790765,0.3335778713961289
corrclip,coco_stuff164k,129,pillow,84,building-other,2345223,0.0020532326925558585,0.28413103967897335
corrclip,coco_stuff164k,165,wall-wood,135,railroad,2306450,0.0020192870971099375,0.4537892271072981
corrclip,coco_stuff164k,83,bridge,158,vegetable,2252701,0.0019722300778021,0.050851244993771985
corrclip,coco_stuff164k,98,desk-stuff,113,gravel,2250657,0.001970440564555989,0.1218565583329778
corrclip,coco_stuff164k,83,bridge,145,sky-other,2238041,0.0019593953105868423,0.05052031814124753
corrclip,coco_stuff164k,142,sand,135,railroad,2195341,0.0019220116434591808,0.0666139704058406
corrclip,coco_stuff164k,132,platform,98,desk-stuff,1984490,0.0017374124959759372,0.07912252774246363
corrclip,coco_stuff164k,152,structural-other,59,bed,1931640,0.0016911425473179302,0.11585417382768302
corrclip,coco_stuff164k,84,building-other,111,furniture-other,1849464,0.0016191978112551036,0.17636694192651378
corrclip,coco_stuff164k,159,wall-brick,48,sandwich,1846578,0.0016166711306150466,0.030890161650680436
corrclip,coco_stuff164k,132,platform,48,sandwich,1796878,0.0015731589934664574,0.07164235113546683
corrclip,coco_stuff164k,142,sand,165,wall-wood,1735371,0.001519309878383997,0.052656945976572216
corrclip,coco_stuff164k,150,stone,111,furniture-other,1720389,0.0015061932015477764,0.594702810890971
corrclip,coco_stuff164k,129,pillow,111,furniture-other,1717413,0.0015035877262931645,0.20806991115479623
corrclip,coco_stuff164k,102,floor-marble,127,paper,1698133,0.0014867081688640941,0.19892131708397628
corrclip,coco_stuff164k,98,desk-stuff,111,furniture-other,1672138,0.001463949657693519,0.09053400039978941
corrclip,coco_stuff164k,103,floor-other,127,paper,1648306,0.0014430848437594107,0.6187636784077301
corrclip,coco_stuff164k,119,mat,10,fire hydrant,1619933,0.0014182444037731548,0.08788902130659053
corrclip,coco_stuff164k,159,wall-brick,163,wall-stone,1566636,0.0013715831085295256,0.026207200176637756
corrclip,coco_stuff164k,161,wall-other,147,snow,1557704,0.0013637631807828215,0.25377773838786954
corrclip,coco_stuff164k,152,structural-other,102,floor-marble,1536199,0.001344935645382813,0.09213676771029428
corrclip,coco_stuff164k,168,window-blind,83,bridge,1530731,0.001340148434800751,0.12871219360841327
corrclip,coco_stuff164k,98,desk-stuff,112,grass,1516090,0.0013273303020041212,0.08208514648080285
corrclip,coco_stuff164k,160,wall-concrete,83,bridge,1471846,0.0012885948694889868,0.06790499521639531
corrclip,coco_stuff164k,159,wall-brick,102,floor-marble,1429928,0.0012518958400122347,0.02392030397244751
corrclip,coco_stuff164k,156,towel,114,ground-other,1411669,0.0012359101637105026,0.019313775529679306
corrclip,coco_stuff164k,107,flower,144,shelf,1380618,0.0012087251461933828,0.18351885031445436
corrclip,context459,359,sky,103,cup,71373943,0.07813262184066544,0.9357499520580832
corrclip,context459,283,person,27,bird nest,35084765,0.038407079122889626,0.4630937299672012
corrclip,context459,419,tree,163,forceps,30490615,0.033377891025080694,0.5574543174578519
corrclip,context459,439,wall,183,glove,25025524,0.027395289105107967,0.4368897092796853
corrclip,context459,444,water,188,ground,22962166,0.025136543636388217,0.8773949696614664
corrclip,context459,323,road,67,ceiling,13909276,0.015226399945221515,0.6328495687413004
corrclip,context459,419,tree,228,leaves,13133694,0.014377375041098915,0.2401209166974915
corrclip,context459,367,sofa,111,dock,10993360,0.012034364412770327,0.5807568736978896
corrclip,context459,188,ground,97,cow,10180001,0.011143985256224334,0.18344184181501594
corrclip,context459,415,train,159,fly,9439709,0.010333592100732421,0.8084760535971056
corrclip,context459,188,ground,157,floor,9368726,0.010255887441819071,0.1688228078661512
corrclip,context459,257,motorbike,1,aeroplane,8158806,0.008931395367485193,0.8023170294584895
corrclip,context459,396,table,140,fan,7340421,0.008035514279269667,0.5110720116255948
corrclip,context459,188,ground,67,ceiling,7188471,0.00786917553729083,0.12953499317670297
corrclip,context459,346,sheep,90,cooker,5072709,0.005553063728099485,0.8692901897553595
corrclip,context459,283,person,57,cap,4848614,0.005307748292865874,0.06399822664997731
corrclip,context459,365,snow,109,disc case,4598154,0.005033571252286611,0.9005917500489159
corrclip,context459,439,wall,114,door,4525526,0.004954065821865822,0.07900556801438631
corrclip,context459,439,wall,67,ceiling,4158048,0.0045517898875130835,0.07259022356099225
corrclip,context459,283,person,28,blackboard,4024217,0.004405285904770276,0.05311677763061604
corrclip,context459,258,mountain,2,air conditioner,3957313,0.004332046502379016,0.6725439217850966
corrclip,context459,43,building,183,glove,3942594,0.004315933702489668,0.07148381189992425
corrclip,context459,419,tree,186,grass,3934101,0.0043066364669804465,0.07192644647427586
corrclip,context459,188,ground,77,clock,3882688,0.0042503549681890155,0.06996536030920435
corrclip,context459,430,unknown,157,floor,3863002,0.004228804823571738,0.12831857216547393
corrclip,context459,283,person,79,cloth,3829620,0.004192261750950892,0.05054823682464435
corrclip,context459,453,window,197,hard disk drive,3777806,0.004135541279895338,0.485513651756511
corrclip,context459,323,road,97,cow,3714185,0.004065895757661475,0.16898941220775307
corrclip,context459,43,building,38,brick,3292378,0.0036041461970305663,0.05969464004040203
corrclip,context459,43,building,89,controller,3193095,0.0034954617000257306,0.05789452384866122
corrclip,context459,283,person,155,flame,3099209,0.0033926852661367874,0.040907335584488586
corrclip,context459,439,wall,157,floor,3033133,0.003320352270315836,0.05295172219277485
corrclip,context459,283,person,156,flashlight,2952570,0.0032321604435962513,0.038971805975877544
corrclip,context459,157,floor,73,chicken,2906088,0.0031812768805514324,0.10470064268972057
corrclip,context459,186,grass,188,ground,2876110,0.003148460146052969,0.05026185846144899
corrclip,context459,188,ground,75,clip,2755919,0.0030168877884539018,0.04966117952768343
corrclip,context459,439,wall,78,closet,2712765,0.0029696473667931277,0.04735881303400902
corrclip,context459,426,tvmonitor,84,computer,2708863,0.0029653758710958492,0.3323929576738924
corrclip,context459,43,building,67,ceiling,2490337,0.0027261567863333157,0.045152704456868156
corrclip,context459,325,rock,69,cello,2466214,0.00269974948476862,0.5602142894948037
corrclip,context459,283,person,40,broom,2416896,0.0026457613697511,0.03190129344126457
corrclip,context459,283,person,234,line,2404113,0.0026317678973015084,0.031732567011141105
corrclip,context459,43,building,114,door,2186608,0.002393666495036904,0.03964574464701909
corrclip,context459,426,tvmonitor,83,comb,2130352,0.0023320833935643053,0.2614063546833088
corrclip,context459,353,sidewalk,97,cow,2117685,0.002318216905610071,0.7824021990323814
corrclip,context459,43,building,143,fence,2066546,0.0022622353529542258,0.03746888103277712
corrclip,context459,439,wall,201,heater,2051677,0.0022459583489760535,0.035817694289470896
corrclip,context459,307,pottedplant,51,camel,1962879,0.002148751717780024,0.2767688495012214
corrclip,context459,457,wood,201,heater,1903647,0.002083910807185155,0.5241961088294133
corrclip,context459,43,building,197,hard disk drive,1889557,0.0020684865697749425,0.03425986473935312
corrclip,context59,29,ground,25,floor,11049505,0.01319426932811483,0.19911015218409386
corrclip,context59,29,ground,44,sidewalk,10894472,0.013009143645403648,0.19631648457422748
corrclip,context59,29,ground,40,road,8357912,0.00998022462985291,0.15060811595281998
corrclip,context59,10,building,55,wall,7334422,0.00875807008857416,0.1329815960361798
corrclip,context59,52,tree,28,grass,6796446,0.00811567024929974,0.12425817472258752
corrclip,context59,55,wall,23,door,5762893,0.0068814994292601935,0.10060722993772012
corrclip,context59,55,wall,15,ceiling,5507994,0.006577123255172111,0.09615726317555832
corrclip,context59,36,people,17,cloth,4442513,0.005304827050229979,0.058637984766259116
corrclip,context59,40,road,44,sidewalk,3726508,0.0044498418893312,0.16955008878326996
corrclip,context59,54,tvmonitor,18,computer,3680048,0.004394363770358068,0.4515629026281109
corrclip,context59,28,grass,29,ground,3587573,0.004283938909143251,0.062695128609864
corrclip,context59,10,building,24,fence,3537651,0.004224326798609961,0.06414172462383368
corrclip,context59,55,wall,25,floor,3327529,0.003973419064755626,0.05809121828696662
corrclip,context59,10,building,23,door,2904972,0.003468841632148444,0.05267051895846916
corrclip,context59,55,wall,10,building,2656012,0.003171557247741408,0.04636803251445826
corrclip,context59,10,building,57,window,2654525,0.003169781613584864,0.04812962374103101
corrclip,context59,10,building,15,ceiling,2630267,0.003140815014143404,0.0476897980047091
corrclip,context59,55,wall,58,wood,1969333,0.002351590410497517,0.03438015211369362
corrclip,context59,55,wall,57,window,1843016,0.0022007546473823835,0.032174939651126125
corrclip,context59,48,sofa,3,bedclothes,1701884,0.002032228218477604,0.08990707401890406
corrclip,context59,16,chair,48,sofa,1609362,0.0019217472343271069,0.10907680912910542
corrclip,context59,52,tree,39,pottedplant,1562587,0.0018658929722744112,0.028568491306374517
corrclip,context59,16,chair,49,table,1540068,0.0018390029214531466,0.10438030926655602
corrclip,context59,46,sky,52,tree,1536395,0.0018346169737349306,0.020142946951834773
corrclip,context59,29,ground,50,track,1512461,0.001806037264318165,0.02725428332604101
corrclip,context59,29,ground,28,grass,1473539,0.0017595603089442468,0.02655291567714549
corrclip,context59,2,bed,3,bedclothes,1461646,0.0017453588180069359,0.48700900385203466
corrclip,context59,55,wall,21,curtain,1440773,0.0017204342640395193,0.025152676008223445
corrclip,context59,49,table,25,floor,1420958,0.0016967730731774313,0.09893327146978108
corrclip,context59,40,road,25,floor,1419353,0.0016948565346291773,0.06457826661442846
corrclip,context59,55,wall,32,light,1400157,0.0016719344947710578,0.02444361143750342
corrclip,context59,52,tree,34,mountain,1382619,0.00165099228102696,0.025278169395706113
corrclip,context59,10,building,58,wood,1376325,0.0016434765840657698,0.02495437202338441
corrclip,context59,10,building,25,floor,1302221,0.0015549886260721201,0.023610780368491218
corrclip,context59,17,cloth,3,bedclothes,1226820,0.001464951913874679,0.1723764619197968
corrclip,context59,36,people,1,bag,1178644,0.001407424710696685,0.01555725530051183
corrclip,context59,52,tree,24,fence,1173911,0.0014017730116631115,0.021462399340297478
corrclip,context59,10,building,44,sidewalk,1124544,0.0013428236294128618,0.020389289835369407
corrclip,context59,10,building,38,platform,1093419,0.0013056571108369097,0.01982495740717996
corrclip,context59,48,sofa,25,floor,1077841,0.0012870553429212093,0.056940150190970464
corrclip,context59,12,cabinet,23,door,1059284,0.0012648963361673478,0.1490140139717695
corrclip,context59,38,platform,44,sidewalk,996517,0.0011899459467229533,0.4788343453631703
corrclip,context59,36,people,3,bedclothes,943416,0.0011265377763486038,0.012452414441160917
corrclip,context59,36,people,49,table,886312,0.0010583496036012574,0.011698682604677274
corrclip,context59,55,wall,12,cabinet,866141,0.0010342633113540115,0.015120885767875066
corrclip,context59,10,building,52,tree,850288,0.0010153331645593267,0.015416709773505156
corrclip,context59,52,tree,29,ground,820585,0.0009798646633139773,0.015002604935687634
corrclip,context59,10,building,46,sky,818801,0.00097773437996813,0.014845813864544479
corrclip,context59,36,people,33,motorbike,813032,0.0009708455881395462,0.010731439172036453
corrclip,context59,3,bedclothes,2,bed,796686,0.0009513267475727185,0.10831493157154988
corrclip,voc20,8,chair,17,sofa,608646,0.009314965739785392,0.28788573228650366
corrclip,voc20,8,chair,10,diningtable,429577,0.006574420989540372,0.2031872208450222
corrclip,voc20,14,person,13,motorbike,285907,0.004375636921568238,0.021993483964881134
corrclip,voc20,14,person,17,sofa,268470,0.004108773987112679,0.020652137373522294
corrclip,voc20,10,diningtable,4,bottle,160129,0.0024506792929651963,0.05589632603193996
corrclip,voc20,14,person,4,bottle,134657,0.002060845453058562,0.010358531166634601
corrclip,voc20,19,tvmonitor,6,car,82467,0.0012621084828666942,0.04654540077234198
corrclip,voc20,10,diningtable,19,tvmonitor,81949,0.0012541808003497486,0.028605986560781917
corrclip,voc20,14,person,6,car,81209,0.001242855539611255,0.006247027317638366
corrclip,voc20,14,person,1,bicycle,67903,0.0010392151080080168,0.005223459172623698
corrclip,voc20,13,motorbike,8,chair,64006,0.000979573836254085,0.024737191973533686
corrclip,voc20,10,diningtable,2,bird,62630,0.0009585149730430481,0.021862291648485906
corrclip,voc20,14,person,8,chair,61599,0.0009427361300411739,0.004738522032523559
corrclip,voc20,17,sofa,8,chair,60933,0.0009325433953765297,0.017513332672268473
corrclip,voc20,11,dog,17,sofa,60902,0.0009320689587780252,0.012097197892336091
corrclip,voc20,10,diningtable,15,pottedplant,59793,0.0009150963720766882,0.02087197835762283
corrclip,voc20,14,person,10,diningtable,58249,0.0008914663685898852,0.004480822251537602
corrclip,voc20,7,cat,11,dog,52231,0.000799364450854406,0.009129775801261014
corrclip,voc20,18,train,5,bus,45181,0.0006914683857106492,0.01152869159391223
corrclip,voc20,9,cow,11,dog,42385,0.0006486772654068273,0.014286224688591647
corrclip,voc20,10,diningtable,8,chair,39026,0.0005972697642979083,0.01362282921720918
corrclip,voc20,10,diningtable,17,sofa,37221,0.0005696453107398258,0.012992756785059779
corrclip,voc20,10,diningtable,14,person,34822,0.0005329300397781419,0.012155336416790296
corrclip,voc20,3,boat,5,bus,28007,0.0004286305101391769,0.02076664642424701
corrclip,voc20,12,horse,16,sheep,27063,0.00041418315049439585,0.010243620495114002
corrclip,voc20,15,pottedplant,4,bottle,24654,0.0003773148354686781,0.01996983545581348
corrclip,voc20,12,horse,11,dog,23644,0.0003618573850012746,0.008949494253647987
corrclip,voc20,9,cow,16,sheep,23576,0.0003608166853658455,0.007946491288385907
corrclip,voc20,17,sofa,14,person,23167,0.0003545571831468673,0.006658647662489024
corrclip,voc20,10,diningtable,6,car,21048,0.00032212714597812674,0.007347237978881229
corrclip,voc20,13,motorbike,6,car,20279,0.0003103580574539354,0.007837476424574096
corrclip,voc20,3,boat,4,bottle,20178,0.00030881231240719505,0.014961595013691438
corrclip,voc20,14,person,12,horse,15765,0.00024127396694912428,0.0012127274767891347
corrclip,voc20,5,bus,6,car,14176,0.00021695526517416974,0.003280910360048436
corrclip,voc20,19,tvmonitor,10,diningtable,13971,0.00021381786186147893,0.007885406213277915
corrclip,voc20,0,aeroplane,8,chair,13359,0.00020445156514261665,0.00694402210609867
corrclip,voc20,19,tvmonitor,14,person,12730,0.00019482509351489706,0.007184970373990972
corrclip,voc20,5,bus,18,train,12518,0.00019158055935738266,0.0028971808611093623
corrclip,voc20,14,person,11,dog,12079,0.00018486192494630334,0.0009291807923968256
corrclip,voc20,6,car,3,boat,11599,0.00017751580987268587,0.003227813685662875
corrclip,voc20,15,pottedplant,10,diningtable,10216,0.0001563498158168255,0.008274999554497871
corrclip,voc20,2,bird,3,boat,9716,0.0001486976126151406,0.004515111169974232
corrclip,voc20,14,person,5,bus,8950,0.00013697443731015935,0.0006884815044251668
corrclip,voc20,10,diningtable,16,sheep,8773,0.0001342655573767629,0.003062396369665765
corrclip,voc20,14,person,15,pottedplant,8513,0.00013028641171188677,0.0006548651449353569
corrclip,voc20,0,aeroplane,3,boat,8437,0.00012912327682523068,0.004385561382525225
corrclip,voc20,14,person,18,train,8220,0.00012580222063569943,0.0006323260297625554
corrclip,voc20,12,horse,14,person,7359,0.00011262512672239806,0.002785456276966483
corrclip,voc20,4,bottle,10,diningtable,7174,0.00010979381153777467,0.003733003360951869
corrclip,voc20,8,chair,7,cat,6958,0.0001064880597546468,0.0032910902647014725
freeda,ade20k,0,wall,5,ceiling,15433778,0.03444255218448089,0.19639900039945896
freeda,ade20k,6,road,11,sidewalk,9902049,0.022097754640230463,0.5058145914170299
freeda,ade20k,1,building,25,house,9118443,0.020349032418939452,0.1774375027291512
freeda,ade20k,0,wall,88,booth,6714986,0.014985394744116353,0.08545001347669776
freeda,ade20k,0,wall,145,shower,5206337,0.011618641515544263,0.0662520468120455
freeda,ade20k,0,wall,134,sconce,3722585,0.008307449292303272,0.0473709012078585
freeda,ade20k,9,grass,29,field,3633652,0.008108983337083335,0.3792800962632844
freeda,ade20k,4,tree,1,building,2869002,0.006402563980276252,0.13569942385725697
freeda,ade20k,0,wall,58,screendoor,2841659,0.0063415443968417706,0.03616087953812256
freeda,ade20k,0,wall,14,door,2254697,0.0050316597195250905,0.028691629295410297
freeda,ade20k,0,wall,8,windowpane,2238666,0.004995884386092835,0.028487630483492454
freeda,ade20k,3,floor,28,rug,2173074,0.004849507012847964,0.06996969027826638
freeda,ade20k,12,people,92,apparel,2103519,0.0046942856718910336,0.24674544698058912
freeda,ade20k,0,wall,22,painting,1947275,0.004345606163638937,0.024779601177550722
freeda,ade20k,1,building,84,tower,1935440,0.004319194768768327,0.037662092122756965
freeda,ade20k,2,sky,1,building,1803685,0.004025165758951918,0.045332794539570856
freeda,ade20k,0,wall,25,house,1698521,0.0037904781433902098,0.021614139231333342
freeda,ade20k,1,building,0,wall,1645571,0.0036723130940958465,0.032021476561679675
freeda,ade20k,21,water,60,river,1553201,0.003466177010935877,0.38986448377502636
freeda,ade20k,10,cabinet,70,countertop,1551244,0.003461809702126263,0.16903043224231598
freeda,ade20k,7,bed,44,chestofdrawers,1464185,0.003267525830048492,0.12030192625552762
freeda,ade20k,4,tree,25,house,1454363,0.0032456067155221605,0.06878915427013012
freeda,ade20k,13,earth,52,path,1445467,0.0032257540945868886,0.18599150274142678
freeda,ade20k,8,windowpane,25,house,1442239,0.0032185503782673,0.16179951829428296
freeda,ade20k,4,tree,68,hill,1402383,0.0031296063517389497,0.06633057945836622
freeda,ade20k,0,wall,79,hovel,1392591,0.003107754186249046,0.017721097217109315
freeda,ade20k,10,cabinet,73,kitchenisland,1392089,0.003106633905706161,0.15168819695017252
freeda,ade20k,1,building,42,column,1378384,0.0030760493542315763,0.0268222343180539
freeda,ade20k,0,wall,73,kitchenisland,1378106,0.003075428959827349,0.01753677167343581
freeda,ade20k,13,earth,29,field,1355075,0.003024032184562033,0.17436055999710745
freeda,ade20k,0,wall,106,canopy,1271029,0.00283647222737612,0.0161741878805516
freeda,ade20k,0,wall,27,mirror,1240594,0.0027685524299205216,0.015786894271873447
freeda,ade20k,0,wall,1,building,1214229,0.0027097153850735734,0.015451392514265442
freeda,ade20k,1,building,11,sidewalk,1208977,0.0026979948404296833,0.02352571154274705
freeda,ade20k,0,wall,100,poster,1143985,0.002552956447913361,0.014557518610930848
freeda,ade20k,2,sky,4,tree,1043615,0.0023289672883727514,0.026229626777078168
freeda,ade20k,16,mountain,34,rock,1026895,0.002291654358737213,0.18526663894298814
freeda,ade20k,15,table,33,desk,1002583,0.002237398859616447,0.19266122391722307
freeda,ade20k,3,floor,11,sidewalk,1001555,0.0022351047393015344,0.032248553499167124
freeda,ade20k,1,building,48,skyscraper,921846,0.0020572233811484764,0.017938375240252873
freeda,ade20k,3,floor,110,stool,882669,0.001969794634477933,0.02842060442866976
freeda,ade20k,14,door,58,screendoor,882139,0.0019686118681677156,0.15407354647441132
freeda,ade20k,1,building,38,railing,872056,0.0019461102970244658,0.01696950223628888
freeda,ade20k,57,pillow,7,bed,868985,0.0019392569473288476,0.9103980991313877
freeda,ade20k,0,wall,101,stage,867370,0.0019356528575345058,0.011037517902387784
freeda,ade20k,1,building,14,door,863528,0.0019270789176027033,0.016803554275296614
freeda,ade20k,4,tree,61,bridge,853067,0.0019037337886004685,0.040348769506482966
freeda,ade20k,0,wall,18,curtain,830668,0.001853747406369223,0.01057047502327802
freeda,ade20k,12,people,108,plaything,802664,0.0017912527124987912,0.09415350536659169
freeda,ade20k,15,table,44,chestofdrawers,788871,0.0017604717771840196,0.15159328691270815
freeda,ade847,4,"road, route",8,"sidewalk, pavement",52826922,0.023689371798703885,0.39188083896969644
freeda,ade847,1,"building, edifice",399,shops,48284547,0.02165241779589188,0.1436226197852219
freeda,ade847,1,"building, edifice",179,"arcade, colonnade",41565225,0.01863924740725537,0.12363596383046112
freeda,ade847,7,bed,376,beds,34500961,0.015471393403189052,0.6145743767921803
freeda,ade847,0,wall,279,stalls,28646734,0.012846160761449848,0.09034438858324072
freeda,ade847,0,wall,756,floor spotlight,25490786,0.0114309273403284,0.08039134498460566
freeda,ade847,5,"floor, flooring",393,"baseboard, mopboard, skirting board",24876630,0.011155519096281836,0.20834354045101466
freeda,ade847,1,"building, edifice",26,house,23902093,0.010718503868996901,0.07109689182773142
freeda,ade847,0,wall,6,ceiling,23875630,0.01070663696814076,0.07529756077567794
freeda,ade847,3,tree,195,forest,22792296,0.010220833500201117,0.22815756073024526
freeda,ade847,4,"road, route",163,"curb, curbing, kerb",20129147,0.009026587755269272,0.14932210160009604
freeda,ade847,5,"floor, flooring",27,"rug, carpet, carpeting",20091551,0.009009728442092857,0.16826816447774975
freeda,ade847,1,"building, edifice",592,brick,19221874,0.008619735972007596,0.05717555765950216
freeda,ade847,0,wall,394,shower room,15457970,0.006931874595745152,0.04875043864993746
freeda,ade847,10,cabinet,288,pantry,14675366,0.006580928592736443,0.405075889730797
freeda,ade847,0,wall,576,dollhouse,14546146,0.00652298199074005,0.04587478162824958
freeda,ade847,1,"building, edifice",256,shanties,14391725,0.0064537344112099064,0.04280825597739319
freeda,ade847,8,"sidewalk, pavement",257,forecourt,12523526,0.00561597103167841,0.21818634603186787
freeda,ade847,12,grass,31,field,10611434,0.004758524551996567,0.2590611291878738
freeda,ade847,3,tree,1,"building, edifice",9958992,0.004465947575524419,0.09969242774190133
freeda,ade847,0,wall,107,"booth, cubicle, stall, kiosk",9843147,0.00441399877419125,0.031042739373010556
freeda,ade847,18,chair,588,tables,9595570,0.004302976905421236,0.4255441530491388
freeda,ade847,1,"building, edifice",148,ruins,9335330,0.004186276520778446,0.027767984468396803
freeda,ade847,0,wall,179,"arcade, colonnade",9153966,0.004104946792218828,0.02886924077913293
freeda,ade847,7,bed,121,"eiderdown, duvet, continental quilt",9148129,0.004102329284744343,0.16295794424362475
freeda,ade847,4,"road, route",257,forecourt,9025538,0.004047355349708436,0.06695327438522494
freeda,ade847,0,wall,19,"curtain, drape, drapery, mantle, pall",9004126,0.004037753487442944,0.028396684180348828
freeda,ade847,0,wall,227,"skylight, fanlight",8524541,0.0038226914140917583,0.026884197151332067
freeda,ade847,17,table,588,tables,8475687,0.003800783634383263,0.4006743736773499
freeda,ade847,1,"building, edifice",523,building materials,8266185,0.003706835878529305,0.024587807468283887
freeda,ade847,16,"plant, flora, plant life",353,parterre,7676411,0.003442361344820739,0.29738272277193584
freeda,ade847,0,wall,110,sconce,7423806,0.0033290847514350487,0.023412763703904046
freeda,ade847,0,wall,109,"doorframe, doorcase",7259264,0.003255298574483411,0.02289384080029264
freeda,ade847,0,wall,513,niche,7178416,0.0032190436071547904,0.022638867122379554
freeda,ade847,0,wall,306,"shower stall, shower bath",6962994,0.0031224411238297087,0.02195948186061188
freeda,ade847,6,ceiling,227,"skylight, fanlight",6598263,0.0029588834540204955,0.08735590490993697
freeda,ade847,27,"rug, carpet, carpeting",200,"tapestry, tapis",6402927,0.002871288209882069,0.5797637944927154
freeda,ade847,1,"building, edifice",257,forecourt,6106364,0.002738299368155893,0.018163409403885816
freeda,ade847,1,"building, edifice",418,temple,6101581,0.002736154509795355,0.01814918234713342
freeda,ade847,5,"floor, flooring",588,tables,6045596,0.0027110489494117603,0.05063229524161803
freeda,ade847,11,"person, individual, someone, somebody, mortal, soul",765,club,5915913,0.0026528947226148385,0.16401683808979456
freeda,ade847,1,"building, edifice",59,skyscraper,5743370,0.0025755206276739336,0.01708368198620254
freeda,ade847,3,tree,256,shanties,5597935,0.002510302673322088,0.056036969453470836
freeda,ade847,13,"windowpane, window",231,"pane, pane of glass, window glass",5547579,0.002487721346204534,0.1788785014544816
freeda,ade847,3,tree,353,parterre,5183971,0.002324667267434184,0.05189306852878404
freeda,ade847,0,wall,69,kitchen island,4659291,0.0020893830766319267,0.014694198529800858
freeda,ade847,2,sky,3,tree,4269170,0.0019144396753207136,0.021888369321586984
freeda,ade847,1,"building, edifice",505,eaves,4110070,0.001843093874534255,0.012225423195968825
freeda,ade847,15,"mountain, mount",494,canyon,4093650,0.0018357305932714413,0.20172933384944453
freeda,ade847,9,"earth, ground",370,trench,3999756,0.0017936253599650696,0.11723170912569705
freeda,coco_stuff164k,144,shelf,145,sky-other,60068266,0.0525895096271619,0.7624808723733667
freeda,coco_stuff164k,156,towel,157,tree,31120171,0.027245576431379336,0.4253344799260108
freeda,coco_stuff164k,127,paper,128,pavement,19784101,0.017320895695644743,0.5904802145965582
freeda,coco_stuff164k,111,furniture-other,112,grass,19626123,0.017182586633221003,0.37546576373831925
freeda,coco_stuff164k,132,platform,133,playingfield,18767305,0.016430695152301944,0.7469982042402474
freeda,coco_stuff164k,159,wall-brick,161,wall-other,17664538,0.01546522736664926,0.2948209297792115
freeda,coco_stuff164k,83,bridge,84,building-other,16657989,0.014583998027921383,0.37568520364720254
freeda,coco_stuff164k,146,skyscraper,147,snow,15209820,0.013316132270530327,0.6680656827463912
freeda,coco_stuff164k,142,sand,143,sea,14525515,0.012717026173720157,0.44013725856600217
freeda,coco_stuff164k,93,clothes,145,sky-other,13730971,0.01202140630453326,0.47608756645684697
freeda,coco_stuff164k,156,towel,85,bush,13153785,0.011516082433461918,0.17977916323254015
freeda,coco_stuff164k,136,river,128,pavement,12651944,0.011076722787208695,0.4359779471095623
freeda,coco_stuff164k,159,wall-brick,90,ceiling-other,11314897,0.00990614386491272,0.1888454967741591
freeda,coco_stuff164k,93,clothes,94,clouds,11103797,0.009721326718995874,0.38499678516259617
freeda,coco_stuff164k,136,river,137,road,11011651,0.009640653290631811,0.37945449310137314
freeda,coco_stuff164k,89,carpet,90,ceiling-other,10015117,0.008768192041512449,0.8433437587312216
freeda,coco_stuff164k,4,airplane,5,bus,9549534,0.008360576118976198,0.8209092611163845
freeda,coco_stuff164k,142,sand,166,water-other,8744046,0.007655374824659438,0.26495311424173373
freeda,coco_stuff164k,141,salad,142,sand,8384219,0.007340347827199369,0.6053485013070176
freeda,coco_stuff164k,5,bus,6,train,8252449,0.007224983756533985,0.7412848303846288
freeda,coco_stuff164k,14,bird,15,cat,8248126,0.007221198988548202,0.929500576872062
freeda,coco_stuff164k,52,hot dog,53,pizza,7688362,0.006731128003863234,0.8659936758855883
freeda,coco_stuff164k,111,furniture-other,122,moss,6699917,0.005865748639600912,0.12817556750196402
freeda,coco_stuff164k,19,cow,20,elephant,6658825,0.005829772769586629,0.9352024859989809
freeda,coco_stuff164k,163,wall-stone,164,wall-tile,6178415,0.005409175872050335,0.5152229052483828
freeda,coco_stuff164k,111,furniture-other,133,playingfield,6166011,0.005398316223173251,0.11796145521628891
freeda,coco_stuff164k,2,car,3,motorcycle,6013501,0.005264794371331574,0.866801334241047
freeda,coco_stuff164k,142,sand,37,surfboard,5985129,0.005239954806841035,0.18135524077623946
freeda,coco_stuff164k,15,cat,16,dog,5691733,0.004983087865375289,0.8499112120672746
freeda,coco_stuff164k,84,building-other,85,bush,5513165,0.004826752346132849,0.525247720294953
freeda,coco_stuff164k,58,potted plant,59,bed,5502204,0.004817156037575793,0.4174858631416445
freeda,coco_stuff164k,144,shelf,94,clouds,5105872,0.004470169068956583,0.06481175495871225
freeda,coco_stuff164k,21,bear,22,zebra,5095402,0.0044610026287967095,0.939133989563257
freeda,coco_stuff164k,83,bridge,152,structural-other,4797437,0.004200135547398733,0.10819589905658027
freeda,coco_stuff164k,76,scissors,77,teddy bear,4569582,0.004000649470738938,0.8986195587000722
freeda,coco_stuff164k,85,bush,96,cupboard,4550068,0.003983565047312025,0.4530319882599759
freeda,coco_stuff164k,159,wall-brick,121,mirror-stuff,4540026,0.003974773319319145,0.07577298011087492
freeda,coco_stuff164k,111,furniture-other,114,ground-other,4416399,0.0038665384102795344,0.0844897702673192
freeda,coco_stuff164k,168,window-blind,169,window-other,4355424,0.003813155058918664,0.36571592860677304
freeda,coco_stuff164k,71,sink,72,refrigerator,4343154,0.003802412726467695,0.8235713970123792
freeda,coco_stuff164k,56,chair,57,couch,4245185,0.003716641286541937,0.5640963596707681
freeda,coco_stuff164k,62,tv,63,laptop,4225816,0.003699683809994029,0.7735009654539721
freeda,coco_stuff164k,108,fog,109,food-other,3969085,0.0034749169190021884,0.5518238995109741
freeda,coco_stuff164k,152,structural-other,153,table,3957946,0.003465164772207457,0.23710915544975691
freeda,coco_stuff164k,1,bicycle,2,car,3948072,0.0034565201274950794,0.5224799931395976
freeda,coco_stuff164k,107,flower,145,sky-other,3902068,0.00341624382251754,0.5185827335691413
freeda,coco_stuff164k,58,potted plant,81,blanket,3900876,0.0034152002316225477,0.2959833157528375
freeda,coco_stuff164k,6,train,7,truck,3814697,0.0033397508862034677,0.5221106442385338
freeda,coco_stuff164k,100,door-stuff,101,fence,3691667,0.00323203864810707,0.32137082417462837
freeda,coco_stuff164k,98,desk-stuff,99,dirt,3610647,0.0031611059850934144,0.1952783239663407
freeda,context459,419,tree,388,sunshade,22903318,0.025072123088260737,0.41873715906386716
freeda,context459,283,person,126,earrings,10214385,0.011181625212158524,0.13482255471772522
freeda,context459,367,sofa,105,cushion,8686276,0.00950881357236559,0.45887831325791295
freeda,context459,439,wall,67,ceiling,8643864,0.009462385413597533,0.15090254373946926
freeda,context459,188,ground,353,sidewalk,6824707,0.007470965296177378,0.12298002936618886
freeda,context459,419,tree,80,clothes tree,6664465,0.007295549352168345,0.12184519032485054
freeda,context459,186,grass,199,hay,5658066,0.006193850480244962,0.09887831566161824
freeda,context459,439,wall,251,mirror,5353124,0.005860032325216926,0.09345357915774735
freeda,context459,283,person,284,photo,5282611,0.005782842172448557,0.0697266757225185
freeda,context459,186,grass,388,sunshade,4997340,0.005470557741628916,0.08733170698051795
freeda,context459,186,grass,188,ground,4746630,0.005196107027568279,0.08295038966829071
freeda,context459,188,ground,331,runway,4534158,0.004963515219830687,0.08170473604082053
freeda,context459,157,floor,243,mat,4484196,0.004908822121925148,0.16155677431195278
freeda,context459,444,water,92,coral,4458330,0.004880506768848317,0.17035484871465548
freeda,context459,283,person,256,mop,4440686,0.004861191989226898,0.05861386967685635
freeda,context459,43,building,196,hanger,4196137,0.00459348568444123,0.07608084119600254
freeda,context459,43,building,439,wall,4119161,0.004509220524832392,0.07468517684283593
freeda,context459,43,building,345,shed,4043739,0.004426656519583773,0.0733176883159635
freeda,context459,43,building,38,brick,3879527,0.004246894640690529,0.0703403338839042
freeda,context459,419,tree,277,parterre,3730267,0.0040835006253712725,0.06819978686623897
freeda,context459,323,road,353,sidewalk,3700764,0.004051203870487419,0.16837877840754112
freeda,context459,157,floor,329,rug,3609415,0.003951204675087454,0.130040133070271
freeda,context459,283,person,240,mannequin,3591654,0.0039317618162767526,0.047407256329395915
freeda,context459,415,train,133,engine,3415193,0.00373859103149013,0.2924986097465992
freeda,context459,186,grass,331,runway,3230989,0.003536944031638406,0.05646359555389001
freeda,context459,188,ground,85,concrete,3166563,0.0034664172807945203,0.057060912758582466
freeda,context459,188,ground,323,road,3164500,0.0034641589272262257,0.05702373785853439
freeda,context459,43,building,453,window,2996139,0.0032798551632361055,0.05432348263656546
freeda,context459,18,bedclothes,105,cushion,2884656,0.003157815400340242,0.39218878861616846
freeda,context459,58,car,413,toy car,2837942,0.0031066778683047085,0.13476326506248884
freeda,context459,323,road,371,speed bump,2780338,0.0030436191194205433,0.1265008836013499
freeda,context459,439,wall,454,window blinds,2772228,0.003034741151684786,0.04839690409587441
freeda,context459,307,pottedplant,292,plant,2599424,0.0028455736625836955,0.3665226383520649
freeda,context459,188,ground,333,sand,2594354,0.00284002356438144,0.04674980641751939
freeda,context459,453,window,454,window blinds,2479268,0.002714039619272021,0.3186289768090425
freeda,context459,359,sky,388,sunshade,2459156,0.002692023135042483,0.03224082924917498
freeda,context459,188,ground,414,track,2400743,0.002628078778772593,0.04326096997873643
freeda,context459,359,sky,386,sun,2353781,0.002576669762643537,0.03085930754736679
freeda,context459,43,building,6,atrium,2326256,0.0025465383123443107,0.04217772520707691
freeda,context459,283,person,57,cap,2298151,0.0025157719395682977,0.03033394462291121
freeda,context459,419,tree,228,leaves,2291004,0.002507948162082791,0.041886005615603634
freeda,context459,188,ground,157,floor,2273652,0.0024889530330876163,0.04097081233355425
freeda,context459,439,wall,453,window,2178851,0.0023851749542568457,0.03803786805637922
freeda,context459,323,road,331,runway,2067514,0.002263295016674104,0.09406854413318141
freeda,context459,186,grass,277,parterre,1813535,0.0019852657481710264,0.031692681950580434
freeda,context459,112,dog,256,mop,1782797,0.0019516170462891874,0.0639504055663491
freeda,context459,43,building,388,sunshade,1779576,0.0019480910371551708,0.032265781372776296
freeda,context459,439,wall,305,poster,1747646,0.0019131374601141426,0.030509992632474146
freeda,context459,71,chair,105,cushion,1744632,0.0019098380526227034,0.1182449266631929
freeda,context459,283,person,391,sweeper,1742321,0.0019073082149608863,0.02299738734719141
freeda,context59,55,wall,15,ceiling,13334455,0.01592273958097014,0.2327897776826989
freeda,context59,29,ground,44,sidewalk,10141779,0.012110349159733318,0.18275308804398452
freeda,context59,10,building,55,wall,9610446,0.011475881760070144,0.17424855669601774
freeda,context59,28,grass,29,ground,7704837,0.009200384497515887,0.13464694561839957
freeda,context59,10,building,57,window,6750177,0.008060420204384376,0.12238855508814628
freeda,context59,55,wall,57,window,6316131,0.007542123699265736,0.11026552876025325
freeda,context59,29,ground,40,road,5184582,0.006190935364226383,0.09342526303494263
freeda,context59,40,road,44,sidewalk,4776588,0.005703747682945196,0.21732703095796435
freeda,context59,52,tree,24,fence,4769769,0.0056956050808514,0.08720481113046165
freeda,context59,29,ground,25,floor,4268267,0.00509675902787543,0.07691342661344067
freeda,context59,10,building,15,ceiling,4192086,0.005005790913766688,0.07600739185731674
freeda,context59,3,bedclothes,17,cloth,3998795,0.0047749811614112075,0.5436636351004734
freeda,context59,28,grass,24,fence,3810049,0.004549598616346576,0.06658303874649622
freeda,context59,10,building,24,fence,3702283,0.004420914695355218,0.06712669414408058
freeda,context59,48,sofa,17,cloth,3432023,0.004098195874139578,0.18130680228240068
freeda,context59,52,tree,46,sky,3376920,0.004032397105526223,0.0617396085224837
freeda,context59,36,people,17,cloth,2902277,0.003465623519134398,0.03830797445352759
freeda,context59,29,ground,50,track,2835222,0.003385552807387877,0.051090205750908384
freeda,context59,55,wall,17,cloth,2372157,0.0028326045688537986,0.04141255871788221
freeda,context59,25,floor,17,cloth,2156752,0.002575388378207921,0.07770353840707515
freeda,context59,52,tree,10,building,2141501,0.0025571770826319585,0.03915266970804975
freeda,context59,55,wall,23,door,2061659,0.002461837350065174,0.03599195769662392
freeda,context59,40,road,29,ground,2047447,0.0024448667295992647,0.09315552807857644
freeda,context59,52,tree,47,snow,1973092,0.0023560790512469785,0.03607367887271372
freeda,context59,28,grass,52,tree,1938043,0.002314226864594174,0.03386853874093897
freeda,context59,3,bedclothes,2,bed,1865551,0.00222766380388388,0.2536344669144888
freeda,context59,10,building,23,door,1808943,0.0021600679072237196,0.032798239217551865
freeda,context59,28,grass,50,track,1800750,0.002150284604840016,0.03146925591317935
freeda,context59,52,tree,28,grass,1717160,0.002050469366678929,0.03139452109332413
freeda,context59,36,people,16,chair,1662363,0.0019850359942000075,0.02194199910500944
freeda,context59,29,ground,24,fence,1570391,0.0018752117678074787,0.02829817181842366
freeda,context59,10,building,44,sidewalk,1482529,0.0017702953130244977,0.026879973989759737
freeda,context59,52,tree,57,window,1473531,0.0017595507561041308,0.026940296804704857
freeda,context59,49,table,16,chair,1383736,0.0016523260963281433,0.09634171406227982
freeda,context59,29,ground,41,rock,1363072,0.001627651110308755,0.02456231961141039
freeda,context59,28,grass,46,sky,1329243,0.0015872557317736262,0.023229370061253512
freeda,context59,49,table,17,cloth,1230703,0.0014695886236459376,0.08568689151802797
freeda,context59,56,water,7,boat,1206018,0.001440112141363291,0.0460825048700189
freeda,context59,16,chair,48,sofa,1192089,0.001423479452616482,0.08079553532263478
freeda,context59,52,tree,29,ground,1152936,0.001376726658984217,0.021078917265282642
freeda,context59,48,sofa,25,floor,1142597,0.0013643808072394212,0.06036107810683791
freeda,context59,10,building,58,wood,1141990,0.0013636559854956268,0.02070560609375312
freeda,context59,36,people,49,table,1139899,0.0013611591119103315,0.015045849094211767
freeda,context59,39,pottedplant,26,flower,1122611,0.0013405154244198556,0.1582898155757006
freeda,context59,49,table,25,floor,1115802,0.001332384763376204,0.07768698453615425
freeda,context59,55,wall,12,cabinet,1097126,0.0013100836581256183,0.019153367545198415
freeda,context59,16,chair,17,cloth,1093589,0.0013058601086893729,0.07411955707832624
freeda,context59,56,water,46,sky,1083757,0.0012941196681869227,0.04141085558459084
freeda,context59,50,track,38,platform,1057615,0.0012629033748981667,0.3440585515847907
freeda,context59,55,wall,25,floor,1033154,0.0012336943721387654,0.01803655942233793
freeda,voc20,8,chair,10,diningtable,604026,0.009244259382201823,0.28570050132603786
freeda,voc20,14,person,8,chair,430633,0.00659058244270233,0.03312657605532099
freeda,voc20,8,chair,17,sofa,412296,0.006309945542483739,0.19501341646670858
freeda,voc20,14,person,13,motorbike,246228,0.0037683733798889296,0.01894116467839106
freeda,voc20,10,diningtable,4,bottle,232810,0.003563018854768514,0.08126712627628938
freeda,voc20,18,train,5,bus,171633,0.0026267411842295623,0.04379504491573754
freeda,voc20,10,diningtable,15,pottedplant,155904,0.002386018175910959,0.05442150274893097
freeda,voc20,5,bus,6,car,152729,0.00233742668558026,0.03534778205275378
freeda,voc20,14,person,10,diningtable,132947,0.0020346749181087997,0.010226988890370128
freeda,voc20,14,person,1,bicycle,128956,0.0019735950321529507,0.009919979987111935
freeda,voc20,11,dog,16,sheep,116502,0.001782993954805384,0.023141239185132497
freeda,voc20,17,sofa,8,chair,107903,0.0016513913641428074,0.03101342680215622
freeda,voc20,14,person,17,sofa,99612,0.0015245025306524686,0.007662683756290471
freeda,voc20,14,person,4,bottle,86383,0.00132204053834229,0.006645038859973093
freeda,voc20,14,person,12,horse,81718,0.00125064548247057,0.006286182299286679
freeda,voc20,2,bird,16,sheep,71379,0.00109241322466613,0.0331704528820081
freeda,voc20,10,diningtable,19,tvmonitor,66821,0.0010226557402795709,0.023325246531110917
freeda,voc20,14,person,7,cat,55817,0.0008542460522168899,0.004293739903072574
freeda,voc20,10,diningtable,8,chair,52618,0.0008052872561325101,0.018367396806004015
freeda,voc20,13,motorbike,1,bicycle,46000,0.000704002694555009,0.01777819002566243
freeda,voc20,8,chair,14,person,42107,0.0006444226404266905,0.0199163463316736
freeda,voc20,16,sheep,9,cow,41997,0.0006427391557223198,0.0217285240880482
freeda,voc20,14,person,6,car,41484,0.0006348879952373912,0.0031911694669914657
freeda,voc20,13,motorbike,6,car,40595,0.0006212823779447955,0.015689252697647094
freeda,voc20,19,tvmonitor,14,person,40206,0.0006153289638538846,0.02269276660303857
freeda,voc20,11,dog,7,cat,30505,0.00046686091733479454,0.006059325173322919
freeda,voc20,10,diningtable,14,person,29619,0.00045330121326140894,0.010339122087442185
freeda,voc20,6,car,0,aeroplane,28513,0.000436374539779282,0.007934705717674415
freeda,voc20,14,person,11,dog,27780,0.00042515640988561194,0.002136985049489512
freeda,voc20,17,sofa,10,diningtable,26851,0.00041093861633688145,0.007717501117343324
freeda,voc20,9,cow,16,sheep,26781,0.0004098673078886456,0.009026763793445155
freeda,voc20,17,sofa,15,pottedplant,26560,0.00040648503407350085,0.007633862041511999
freeda,voc20,14,person,5,bus,24718,0.00037829431747849374,0.0019014397571375725
freeda,voc20,11,dog,14,person,23645,0.000361872689407678,0.004696697056981493
freeda,voc20,7,cat,14,person,22268,0.0003407985217902378,0.0038923598541571146
freeda,voc20,6,car,10,diningtable,20889,0.0003196937453599909,0.005813070099130252
freeda,voc20,3,boat,18,train,20705,0.0003168777345817709,0.015352355275967948
freeda,voc20,6,car,3,boat,18516,0.0002833763889647945,0.005152702664344666
freeda,voc20,4,bottle,10,diningtable,16813,0.00025731298485985577,0.008748673753510423
freeda,voc20,7,cat,11,dog,16740,0.0002561957631924098,0.002926086939042128
freeda,voc20,15,pottedplant,10,diningtable,16430,0.00025145139720736517,0.013308363613978075
freeda,voc20,5,bus,18,train,16371,0.00025054843722956637,0.003788923779934604
freeda,voc20,3,boat,5,bus,15701,0.00024029448493930863,0.011641986485775066
freeda,voc20,18,train,10,diningtable,15289,0.00023398906950112028,0.0039012453416109446
freeda,voc20,7,cat,8,chair,15060,0.0002304843604347486,0.0026324294684572547
freeda,voc20,6,car,5,bus,15000,0.00022956609605054643,0.004174256857051739
freeda,voc20,14,person,15,pottedplant,14128,0.00021622065366680798,0.0010868007479909224
freeda,voc20,14,person,19,tvmonitor,14075,0.0002154095201274294,0.0010827237066798013
freeda,voc20,19,tvmonitor,4,bottle,13720,0.00020997645585423312,0.007743738690585714
freeda,voc20,15,pottedplant,17,sofa,12504,0.00019136629766773548,0.010128288413218615
naclip,ade20k,1,building,25,house,9044519,0.020184061066644145,0.1759990016657844
naclip,ade20k,1,building,0,wall,8378162,0.018696995764422346,0.16303223508007572
naclip,ade20k,0,wall,25,house,8358247,0.01865255276240729,0.10636095425836609
naclip,ade20k,3,floor,28,rug,6625808,0.01478638203843226,0.21334097854157735
naclip,ade20k,0,wall,14,door,4176464,0.009320341349124356,0.053146634272199976
naclip,ade20k,0,wall,79,hovel,3966890,0.008852648770449814,0.05047974842547365
naclip,ade20k,0,wall,5,ceiling,3760751,0.008392621856446212,0.04785657388302888
naclip,ade20k,1,building,11,sidewalk,3426425,0.0076465284046919645,0.06667545054443308
naclip,ade20k,6,road,11,sidewalk,3378227,0.007538968082767702,0.17256595172564573
naclip,ade20k,1,building,86,awning,2696552,0.006017718602546072,0.05247271413105265
naclip,ade20k,0,wall,145,shower,2492556,0.005562474081377933,0.03171844941916839
naclip,ade20k,13,earth,9,grass,2131817,0.004757436466318454,0.2743057070135259
naclip,ade20k,5,ceiling,25,house,2025599,0.004520396707943596,0.09436122899412305
naclip,ade20k,1,building,4,tree,1916975,0.004277987636847262,0.03730277820393401
naclip,ade20k,1,building,14,door,1812707,0.004045299565840185,0.03527380751951309
naclip,ade20k,0,wall,3,floor,1748217,0.0039013814538667478,0.022246534275751597
naclip,ade20k,17,plant,9,grass,1691376,0.0037745331145477502,0.26802027754136
naclip,ade20k,2,sky,4,tree,1623859,0.0036238598447987883,0.04081314997254675
naclip,ade20k,16,mountain,34,rock,1555734,0.0034718297412448976,0.28067680655698074
naclip,ade20k,0,wall,10,cabinet,1536609,0.0034291497305224293,0.019553765228760726
naclip,ade20k,12,people,121,step,1459554,0.0032571911304586487,0.17120753562116944
naclip,ade20k,0,wall,35,wardrobe,1457172,0.003251875376966313,0.01854290791341436
naclip,ade20k,21,water,128,lake,1396989,0.003117568914989303,0.350654162162135
naclip,ade20k,8,windowpane,25,house,1364553,0.0030451836168039967,0.15308421009764586
naclip,ade20k,12,people,92,apparel,1338874,0.0029878774732566885,0.15705161854049773
naclip,ade20k,16,mountain,68,hill,1326370,0.0029599731148737475,0.2392962395325824
naclip,ade20k,19,chair,15,table,1309347,0.0029219839999702923,0.26868579747034416
naclip,ade20k,0,wall,65,toilet,1268200,0.0028301589332410163,0.016138188090213158
naclip,ade20k,1,building,79,hovel,1261420,0.0028150284510084236,0.024546209774257064
naclip,ade20k,0,wall,18,curtain,1260019,0.002811901931007264,0.01603408265198099
naclip,ade20k,7,bed,131,blanket,1226356,0.0027367784172320766,0.100761166843687
naclip,ade20k,0,wall,50,refrigerator,1155208,0.0025780020824408517,0.01470033432212503
naclip,ade20k,5,ceiling,86,awning,1147026,0.0025597428485725515,0.0534334698270551
naclip,ade20k,1,building,84,tower,1122463,0.002504927209180343,0.021842219294003512
naclip,ade20k,4,tree,68,hill,1082421,0.0024155680986261427,0.05119686430019776
naclip,ade20k,10,cabinet,50,refrigerator,1078637,0.0024071235934981,0.11753307561064216
naclip,ade20k,1,building,121,step,1066641,0.0023803529054653295,0.02075596846397182
naclip,ade20k,0,wall,7,bed,1014900,0.0022648859023389903,0.012914877064151817
naclip,ade20k,21,water,60,river,1003511,0.002239469816476601,0.25188838918952566
naclip,ade20k,1,building,8,windowpane,957369,0.0021364977351821623,0.018629623999437708
naclip,ade20k,10,cabinet,73,kitchenisland,951691,0.002123826514221003,0.10370047593487675
naclip,ade20k,1,building,48,skyscraper,933374,0.002082949664212979,0.018162700767260242
naclip,ade20k,29,field,9,grass,908036,0.002026404508046396,0.4466364395633367
naclip,ade20k,5,ceiling,79,hovel,859995,0.001919194552746103,0.04006231496401848
naclip,ade20k,0,wall,42,column,810457,0.0018086438405280827,0.010313284580531372
naclip,ade20k,3,floor,110,stool,801044,0.0017876374645317116,0.025792403102362655
naclip,ade20k,0,wall,36,lamp,791241,0.0017657607510617843,0.010068755781965266
naclip,ade20k,0,wall,45,counter,782401,0.0017460331016611768,0.009956264390451715
naclip,ade20k,5,ceiling,106,canopy,779127,0.0017387267301523996,0.03629513110072829
naclip,ade20k,30,armchair,23,sofa,769912,0.0017181622177964496,0.440843240556717
naclip,ade847,4,"road, route",8,"sidewalk, pavement",51934843,0.023289333516995633,0.38526321572548683
naclip,ade847,4,"road, route",163,"curb, curbing, kerb",45836127,0.020554463769734865,0.3400217015082112
naclip,ade847,5,"floor, flooring",27,"rug, carpet, carpeting",34062260,0.015274665093001622,0.28527384312758514
naclip,ade847,1,"building, edifice",26,house,27314748,0.012248853358518661,0.08124785071574038
naclip,ade847,1,"building, edifice",0,wall,22466132,0.010074570572685626,0.0668256188523547
naclip,ade847,1,"building, edifice",80,"bus, autobus, coach, charabanc, double-decker, jitney, motorbus, motorcoach, omnibus, passenger vehicle",19787662,0.008873454375121164,0.058858496816061735
naclip,ade847,1,"building, edifice",90,hill,14678799,0.006582468065609478,0.04366215898599391
naclip,ade847,1,"building, edifice",53,"cliff, drop, drop-off",13268090,0.005949858616950369,0.03946599820737895
naclip,ade847,3,tree,195,forest,12592873,0.0056470685630872,0.1260583482359902
naclip,ade847,0,wall,138,manhole,11372872,0.005099979007428619,0.03586709630757412
naclip,ade847,16,"plant, flora, plant life",240,jar,11067155,0.004962885203663479,0.42873950954932505
naclip,ade847,1,"building, edifice",249,"hat, chapeau, lid",10933814,0.004903090606412271,0.032522682897373686
naclip,ade847,0,wall,26,house,10856757,0.004868535651219297,0.03423940310828518
naclip,ade847,1,"building, edifice",13,"windowpane, window",10460429,0.004690808821966653,0.03111459691352823
naclip,ade847,1,"building, edifice",20,door,10432331,0.004678208732020092,0.031031019275930737
naclip,ade847,1,"building, edifice",163,"curb, curbing, kerb",9922378,0.004449528624235951,0.02951416159831116
naclip,ade847,1,"building, edifice",8,"sidewalk, pavement",9754124,0.004374077861410528,0.02901368925734993
naclip,ade847,1,"building, edifice",3,tree,9531632,0.004274304951865708,0.028351885721712457
naclip,ade847,6,ceiling,249,"hat, chapeau, lid",9335930,0.004186545580995114,0.12360050112064765
naclip,ade847,8,"sidewalk, pavement",163,"curb, curbing, kerb",9312957,0.004176243713732592,0.16225143450669613
naclip,ade847,1,"building, edifice",202,jacket,9054327,0.0040602653073378596,0.02693213967881005
naclip,ade847,3,tree,240,jar,8133421,0.003647300027519793,0.08141792716943269
naclip,ade847,0,wall,6,ceiling,7936239,0.003558876974781418,0.025028844827667606
naclip,ade847,5,"floor, flooring",8,"sidewalk, pavement",7749366,0.003475076824999093,0.06490148981959042
naclip,ade847,7,bed,121,"eiderdown, duvet, continental quilt",7321377,0.003283152136546575,0.13041754712384976
naclip,ade847,0,wall,64,double door,7263526,0.003257209798889143,0.02290728204578128
naclip,ade847,0,wall,109,"doorframe, doorcase",7200733,0.003229051301913756,0.02270924916732793
naclip,ade847,2,sky,3,tree,7113774,0.0031900559562783714,0.03647287706563644
naclip,ade847,0,wall,80,"bus, autobus, coach, charabanc, double-decker, jitney, motorbus, motorcoach, omnibus, passenger vehicle",6608052,0.0029632731714554334,0.020840086610440862
naclip,ade847,1,"building, edifice",22,sea,6500507,0.0029150463697861706,0.019335789673498922
naclip,ade847,1,"building, edifice",64,double door,6311539,0.00283030675141398,0.018773703438837264
naclip,ade847,0,wall,46,"wardrobe, closet, press",5972031,0.002678059924679794,0.0188342409049199
naclip,ade847,9,"earth, ground",12,grass,5877232,0.002635548858879948,0.17225999593181154
naclip,ade847,0,wall,249,"hat, chapeau, lid",5697595,0.002554993575310639,0.017968740753131908
naclip,ade847,10,cabinet,121,"eiderdown, duvet, continental quilt",5645379,0.002531578161521414,0.15582622752254063
naclip,ade847,0,wall,137,"basket, handbasket",5219028,0.0023403880074603996,0.016459464232774796
naclip,ade847,1,"building, edifice",255,pier,5172729,0.002319625975841215,0.015386307557550266
naclip,ade847,0,wall,121,"eiderdown, duvet, continental quilt",5156986,0.0023125662841895415,0.016263799814049736
naclip,ade847,7,bed,150,"blanket, cover",5113792,0.002293196639191614,0.0910932750958687
naclip,ade847,1,"building, edifice",33,"rock, stone",5065320,0.002271460161154397,0.01506681896488498
naclip,ade847,0,wall,27,"rug, carpet, carpeting",4952912,0.0022210526264290404,0.015620203208735627
naclip,ade847,0,wall,54,sand,4935685,0.002213327459174808,0.015565873707085509
naclip,ade847,9,"earth, ground",8,"sidewalk, pavement",4922074,0.0022072238281596952,0.14426458700559638
naclip,ade847,0,wall,101,"hovel, hut, hutch, shack, shanty",4865669,0.002181929925624433,0.01534506135510695
naclip,ade847,9,"earth, ground",127,"ashcan, trash can, garbage can, wastebin, ash bin, ash-bin, ashbin, dustbin, trash barrel, trash bin",4462459,0.002001116975686608,0.13079340226587546
naclip,ade847,0,wall,33,"rock, stone",4426989,0.001985211032544586,0.013961578114619707
naclip,ade847,0,wall,58,"toilet, can, commode, crapper, pot, potty, stool, throne",4329428,0.0019414613928806785,0.013653895958092908
naclip,ade847,0,wall,20,door,4264057,0.001912146833841008,0.013447732734527004
naclip,ade847,0,wall,5,"floor, flooring",4206981,0.0018865520322967724,0.013267729795177022
naclip,ade847,9,"earth, ground",118,"land, ground, soil",4039168,0.0018112990287306,0.11838686362013671
naclip,coco_stuff164k,159,wall-brick,160,wall-concrete,30000035,0.026264902160613293,0.5014802844927767
naclip,coco_stuff164k,144,shelf,93,clothes,22045052,0.019300348613114363,0.2799242686327509
naclip,coco_stuff164k,136,river,127,paper,15031678,0.013160169712463445,0.5181659634403193
naclip,coco_stuff164k,132,platform,111,furniture-other,9311355,0.00815205142453125,0.37079006452719676
naclip,coco_stuff164k,142,sand,165,wall-wood,6456907,0.005652994425345807,0.1957061150752164
naclip,coco_stuff164k,156,towel,84,building-other,6268403,0.0054879599806565175,0.08571602547598735
naclip,coco_stuff164k,156,towel,169,window-other,5604011,0.004906287630064453,0.07663092970310195
naclip,coco_stuff164k,156,towel,81,blanket,5470391,0.004789303892322109,0.07480376968736885
naclip,coco_stuff164k,132,platform,118,light,5325046,0.00466205496729471,0.21205014199869848
naclip,coco_stuff164k,83,bridge,160,wall-concrete,5071702,0.004440253380297281,0.11448340841105209
naclip,coco_stuff164k,159,wall-brick,95,counter,4591870,0.004020162519285573,0.07675765291453315
naclip,coco_stuff164k,93,clothes,144,shelf,4467619,0.0039113813009183825,0.15493303707203468
naclip,coco_stuff164k,85,bush,95,counter,3767288,0.003298244509743156,0.3754007447851735
naclip,coco_stuff164k,44,spoon,108,fog,3539111,0.003098476523462398,0.3534953894220397
naclip,coco_stuff164k,159,wall-brick,89,carpet,2996052,0.0026230306947345153,0.05008197521486733
naclip,coco_stuff164k,132,platform,98,desk-stuff,2902338,0.002540984489085765,0.11557481100223709
naclip,coco_stuff164k,156,towel,114,ground-other,2811667,0.0024616024169046833,0.038447579104596966
naclip,coco_stuff164k,152,structural-other,59,bed,2690669,0.00235566918610579,0.16142793281972018
naclip,coco_stuff164k,142,sand,141,salad,2478562,0.0021699704160016483,0.07512416393685994
naclip,coco_stuff164k,159,wall-brick,115,hill,2445869,0.002141347834516762,0.04088512169909346
naclip,coco_stuff164k,83,bridge,127,paper,2426767,0.0021246241153253667,0.054779353672487784
naclip,coco_stuff164k,107,flower,144,shelf,2377655,0.0020816267696585353,0.31607606281706907
naclip,coco_stuff164k,83,bridge,151,straw,2357501,0.0020639820289725663,0.05321581390477274
naclip,coco_stuff164k,146,skyscraper,29,frisbee,2354962,0.002061759145346404,0.10346113163965387
naclip,coco_stuff164k,107,flower,93,clothes,2308859,0.002021396166292854,0.30693059435441866
naclip,coco_stuff164k,122,moss,114,ground-other,2285528,0.002000969975713101,0.36562685720730415
naclip,coco_stuff164k,161,wall-other,160,wall-concrete,2254827,0.0019740913816970276,0.3672186225883652
naclip,coco_stuff164k,111,furniture-other,113,gravel,2233259,0.001955208690066831,0.042736122704467576
naclip,coco_stuff164k,98,desk-stuff,111,furniture-other,2230311,0.001952627728692303,0.12064557913730534
naclip,coco_stuff164k,84,building-other,111,furniture-other,2192265,0.0019193186186328415,0.20898787073107838
naclip,coco_stuff164k,98,desk-stuff,112,grass,2138318,0.0018720882511729835,0.11566934543645459
naclip,coco_stuff164k,156,towel,113,gravel,2066777,0.0018094544120633813,0.028261729500350365
naclip,coco_stuff164k,163,wall-stone,60,dining table,2013670,0.0017629594610060345,0.16799359417375487
naclip,coco_stuff164k,104,floor-stone,103,floor-other,2012245,0.001761711879608917,0.21825052934493985
naclip,coco_stuff164k,132,platform,102,floor-marble,1993769,0.001745536220736536,0.07939443144014213
naclip,coco_stuff164k,129,pillow,111,furniture-other,1990959,0.001743076077770992,0.24101845772127184
naclip,coco_stuff164k,156,towel,116,house,1978860,0.0017324834550876765,0.02705952603452783
naclip,coco_stuff164k,98,desk-stuff,113,gravel,1947903,0.0017053807341679806,0.10536911019956162
naclip,coco_stuff164k,58,potted plant,80,banner,1909629,0.0016718720110849804,0.1450506435233281
naclip,coco_stuff164k,156,towel,129,pillow,1852017,0.0016214329518213079,0.02532503675241711
naclip,coco_stuff164k,150,stone,111,furniture-other,1770717,0.0015502551500068146,0.6115971973249831
naclip,coco_stuff164k,104,floor-stone,102,floor-marble,1759332,0.0015402876312656337,0.19081927911039248
naclip,coco_stuff164k,103,floor-other,127,paper,1726446,0.0015114960791073136,0.6458081382974147
naclip,coco_stuff164k,85,bush,71,sink,1686691,0.0014766907468670284,0.1680745028313336
naclip,coco_stuff164k,145,sky-other,83,bridge,1670581,0.001462586510861721,0.45894729381202565
naclip,coco_stuff164k,142,sand,36,skateboard,1668844,0.0014610657748008137,0.050581954472409846
naclip,coco_stuff164k,83,bridge,168,window-blind,1640551,0.0014362953744719398,0.03703211863633942
naclip,coco_stuff164k,142,sand,135,railroad,1621009,0.0014191864371649431,0.049132095892346205
naclip,coco_stuff164k,165,wall-wood,135,railroad,1609189,0.0014088380777867475,0.31649330416980614
naclip,coco_stuff164k,143,sea,95,counter,1559196,0.0013650694203929962,0.35040931382794394
naclip,context459,359,sky,103,cup,66620633,0.07292920225767485,0.8734315566092398
naclip,context459,419,tree,163,forceps,32730254,0.03582961023368048,0.5984012262065599
naclip,context459,439,wall,183,glove,25655472,0.028084889354085155,0.4478871932317224
naclip,context459,444,water,188,ground,18670448,0.020438426011854333,0.7134064424290804
naclip,context459,323,road,67,ceiling,12049712,0.01319074653035392,0.5482424133834768
naclip,context459,283,person,27,bird nest,11798310,0.01291553828809684,0.1557292284901817
naclip,context459,283,person,79,cloth,11279065,0.012347123940753633,0.14887556697023652
naclip,context459,188,ground,97,cow,8722646,0.009548627590435812,0.15718055899408864
naclip,context459,43,building,183,glove,8271483,0.009054742194928097,0.1499716011604089
naclip,context459,367,sofa,111,dock,7793665,0.008531677732836335,0.41172348763696115
naclip,context459,188,ground,67,ceiling,7446567,0.008151711660685167,0.1341858380641532
naclip,context459,157,floor,73,chicken,7445322,0.008150348766747927,0.2682403280395899
naclip,context459,43,building,89,controller,6965352,0.0076249285233285025,0.12628992794712343
naclip,context459,415,train,159,fly,6656138,0.007286433835850755,0.5700735247704914
naclip,context459,283,person,28,blackboard,6376891,0.006980743841238292,0.08417038674148952
naclip,context459,396,table,140,fan,5839385,0.0063923392881216345,0.40656336177534286
naclip,context459,188,ground,85,concrete,5446083,0.005961793977836936,0.098137465428289
naclip,context459,419,tree,186,grass,5123550,0.005608719061965532,0.09367292421655572
naclip,context459,419,tree,201,heater,4882411,0.0053447456634658,0.0892642241408941
naclip,context459,257,motorbike,1,aeroplane,4602587,0.005038424030458326,0.4526071498285731
naclip,context459,188,ground,77,clock,4503554,0.004930013206934864,0.08115325730060166
naclip,context459,346,sheep,90,cooker,4341046,0.004752116686490661,0.7439079791639427
naclip,context459,188,ground,157,floor,4220237,0.004619867808045639,0.07604793439370756
naclip,context459,365,snow,109,disc case,4118961,0.004509001586047294,0.8067372896543336
naclip,context459,419,tree,228,leaves,3997330,0.004375852869195515,0.07308245067552081
naclip,context459,439,wall,78,closet,3737080,0.004090958775085664,0.0652410632742366
naclip,context459,43,building,38,brick,3558021,0.0038949439754806074,0.06451105640093309
naclip,context459,43,building,85,concrete,3521234,0.0038546734700434545,0.06384406533150963
naclip,context459,439,wall,114,door,3316005,0.0036300105304082164,0.057890035006658916
naclip,context459,258,mountain,2,air conditioner,3268806,0.0035783420718188182,0.5555324046378577
naclip,context459,188,ground,186,grass,3003077,0.0032874501496911843,0.05411492356359421
naclip,context459,307,pottedplant,36,box,2953064,0.0032327012223954455,0.416386402719411
naclip,context459,367,sofa,105,cushion,2883799,0.0031568772476460935,0.1523452421837455
naclip,context459,283,person,30,boat,2809171,0.003075182429374316,0.037079042043054664
naclip,context459,283,person,126,earrings,2790417,0.003054652539495599,0.03683150269622407
naclip,context459,43,building,114,door,2773212,0.003035818330507472,0.050281557007039714
naclip,context459,367,sofa,73,chicken,2762876,0.003024503574093565,0.1459571257718232
naclip,context459,323,road,97,cow,2709835,0.0029664399135914295,0.1232931110943576
naclip,context459,283,person,7,baby carriage,2562052,0.0028046627612001284,0.03381724851370468
naclip,context459,329,rug,73,chicken,2502668,0.002739655457128584,0.8528116872849798
naclip,context459,323,road,115,drainer,2471704,0.002705759354419583,0.11245853561724904
naclip,context459,453,window,197,hard disk drive,2351208,0.0025738531151732404,0.30217104375373505
naclip,context459,283,person,105,cushion,2316847,0.0025362383371993363,0.030580718411348067
naclip,context459,283,person,155,flame,2269615,0.0024845337537103968,0.0299572898931918
naclip,context459,439,wall,201,heater,2245156,0.0024577586349867355,0.039195405144265553
naclip,context459,430,unknown,28,blackboard,2109171,0.002308896681528414,0.07006100726140572
naclip,context459,414,track,59,card,2099123,0.0022978971969650486,0.6828772464255146
naclip,context459,283,person,183,glove,2092882,0.00229106521217604,0.02762454107249161
naclip,context459,430,unknown,186,grass,2067505,0.0022632851644287747,0.06867697442170058
naclip,context459,188,ground,125,earphone,2055397,0.0022500306103788916,0.037037895314652555
naclip,context59,36,people,17,cloth,18042773,0.02154496571457621,0.2381516606288088
naclip,context59,10,building,55,wall,15154338,0.01809587099705236,0.2747657626070233
naclip,context59,29,ground,44,sidewalk,12651473,0.01510718734996481,0.2279773360329675
naclip,context59,29,ground,40,road,10588154,0.012643367785575585,0.19079668766054425
naclip,context59,29,ground,25,floor,7409302,0.008847484672059053,0.1335143292661446
naclip,context59,52,tree,28,grass,7310421,0.008729410374121425,0.13365508530689024
naclip,context59,52,tree,58,wood,6483501,0.0077419810555406626,0.11853665872899907
naclip,context59,55,wall,23,door,5717720,0.006827558123440708,0.0998186103332998
naclip,context59,10,building,23,door,4940334,0.005899277602647616,0.08957399782447809
naclip,context59,55,wall,12,cabinet,3857235,0.004605943655560227,0.06733870099077353
naclip,context59,29,ground,28,grass,3688236,0.004404141102216699,0.06646136919715893
naclip,context59,40,road,44,sidewalk,3224453,0.003850335496282218,0.1467073980325498
naclip,context59,3,bedclothes,2,bed,2879624,0.003438573458241192,0.3915046536675588
naclip,context59,55,wall,21,curtain,2807042,0.0033519029280795936,0.049004678715852915
naclip,context59,55,wall,58,wood,2741104,0.0032731660316342565,0.047853548627608454
naclip,context59,10,building,57,window,2731046,0.003261155723398532,0.04951703841532771
naclip,context59,10,building,58,wood,2564611,0.003062414855312152,0.0464993784093611
naclip,context59,36,people,49,table,2526710,0.003017157081158027,0.03335075946626483
naclip,context59,10,building,44,sidewalk,2476178,0.002956816566565898,0.04489598532913372
naclip,context59,16,chair,49,table,2447766,0.002922889654894253,0.1659008382046512
naclip,context59,46,sky,52,tree,2361036,0.002819324926987673,0.030954424415187604
naclip,context59,55,wall,15,ceiling,2144039,0.00256020772115873,0.0374301283519301
naclip,context59,36,people,25,floor,2128672,0.0025418579094010864,0.028096943398558952
naclip,context59,55,wall,25,floor,2037384,0.002432850450838468,0.03556817045873175
naclip,context59,56,water,7,boat,1877908,0.002242419359547913,0.07175573213289309
naclip,context59,28,grass,29,ground,1858922,0.002219748081742836,0.03248584875226388
naclip,context59,13,car,53,truck,1838553,0.0021954253567027216,0.08730601445358434
naclip,context59,10,building,15,ceiling,1834166,0.0021901868180041607,0.033255561525542945
naclip,context59,10,building,24,fence,1824287,0.00217839025456603,0.03307644377267279
naclip,context59,16,chair,48,sofa,1792197,0.0021400714246510963,0.12146871250269073
naclip,context59,54,tvmonitor,12,cabinet,1662754,0.0019855028892606726,0.20402941010456982
naclip,context59,36,people,16,chair,1638308,0.0019563117980764886,0.021624490360847664
naclip,context59,52,tree,39,pottedplant,1634537,0.0019518088280668527,0.02988393994986998
naclip,context59,10,building,29,ground,1447802,0.0017288276281863582,0.026250333114780304
naclip,context59,29,ground,41,rock,1441865,0.0017217382267153405,0.02598215572362006
naclip,context59,50,track,51,train,1404370,0.0016769652591970975,0.45686332747657
naclip,context59,10,building,52,tree,1380712,0.0016487151227643304,0.025033913432620302
naclip,context59,36,people,1,bag,1366908,0.0016322316971443323,0.018042205049456854
naclip,context59,48,sofa,2,bed,1333236,0.0015920237930964784,0.0704321491574441
naclip,context59,54,tvmonitor,18,computer,1310083,0.0015643766796960281,0.1607546646575652
naclip,context59,36,people,55,wall,1252373,0.0014954648793099015,0.0165304252110628
naclip,context59,36,people,5,bicycle,1183331,0.0014130214808995923,0.015619120338295503
naclip,context59,48,sofa,17,cloth,1153065,0.0013768806985310859,0.06091408127910458
naclip,context59,29,ground,58,wood,1124683,0.0013429896100098757,0.02026659142548587
naclip,context59,43,shelves,12,cabinet,1101729,0.0013155801235073086,0.3962610657584709
naclip,context59,36,people,29,ground,1099935,0.0013134378991113164,0.014518352962360544
naclip,context59,49,table,25,floor,1099789,0.0013132635597792011,0.07657208988335973
naclip,context59,55,wall,49,table,1085628,0.0012963538386690306,0.0189526381667727
naclip,context59,10,building,25,floor,1073086,0.0012813773735773169,0.01945629648308756
naclip,context59,49,table,58,wood,1065690,0.0012725457728901604,0.07419796930847429
naclip,voc20,8,chair,17,sofa,609080,0.009321607852164454,0.2880910115585474
naclip,voc20,19,tvmonitor,14,person,521004,0.00797365695378126,0.2940611394132594
naclip,voc20,14,person,8,chair,468062,0.007163411069974057,0.036005813399357815
naclip,voc20,13,motorbike,6,car,338502,0.0051805721763534705,0.13082506261014748
naclip,voc20,8,chair,10,diningtable,321735,0.00492396319418817,0.15217863269815007
naclip,voc20,14,person,10,diningtable,302179,0.004624670222563871,0.02324521257270307
naclip,voc20,14,person,1,bicycle,294193,0.00450244923302656,0.022630887064955654
naclip,voc20,14,person,13,motorbike,248239,0.003799150541166106,0.01909586147229039
naclip,voc20,14,person,17,sofa,240798,0.0036852704531186316,0.018523460257270537
naclip,voc20,5,bus,6,car,200924,0.0030750225521906658,0.046502090376860324
naclip,voc20,13,motorbike,1,bicycle,164609,0.0025192430336522928,0.06361848004204929
naclip,voc20,9,cow,12,horse,156290,0.00239192567678266,0.052678873577444586
naclip,voc20,17,sofa,8,chair,137955,0.0021113193853768753,0.03965095775364412
naclip,voc20,14,person,12,horse,130830,0.002002275489752866,0.010064138013848556
naclip,voc20,19,tvmonitor,10,diningtable,119766,0.0018329475373059828,0.06759742040937963
naclip,voc20,7,cat,11,dog,114684,0.0017551705439640577,0.020046317474140225
naclip,voc20,10,diningtable,14,person,110744,0.0016948711827347808,0.03865747447421241
naclip,voc20,14,person,6,car,97499,0.0014921643199221483,0.007500140580999926
naclip,voc20,14,person,4,bottle,93368,0.0014289418170698278,0.007182362134655751
naclip,voc20,18,train,5,bus,81588,0.001248655909638132,0.020818549606341406
naclip,voc20,11,dog,7,cat,78243,0.0011974626702188603,0.01554170724590412
naclip,voc20,11,dog,16,sheep,74801,0.0011447849033784615,0.014858009581698991
naclip,voc20,13,motorbike,8,chair,71348,0.0010919387880676257,0.027574745694586154
naclip,voc20,11,dog,17,sofa,70872,0.0010846538906196218,0.014077577239263792
naclip,voc20,14,person,3,boat,70689,0.001081853184247805,0.005437773080034705
naclip,voc20,2,bird,16,sheep,66359,0.001015585104521214,0.030837614463598194
naclip,voc20,14,person,16,sheep,59784,0.0009149586324190578,0.0045989025989446
naclip,voc20,10,diningtable,8,chair,58538,0.0008958893420404591,0.020433894755214243
naclip,voc20,4,bottle,14,person,55317,0.000846593849015205,0.028784297033422713
naclip,voc20,4,bottle,10,diningtable,52631,0.0008054862134157539,0.027386632267947842
naclip,voc20,18,train,3,boat,52416,0.0008021957660390294,0.013374823456464078
naclip,voc20,18,train,14,person,47347,0.0007246177299803481,0.012081382902037634
naclip,voc20,19,tvmonitor,8,chair,47340,0.0007245105991355244,0.02671928495716674
naclip,voc20,13,motorbike,14,person,46763,0.0007156799566407801,0.018073076090653308
naclip,voc20,11,dog,14,person,46319,0.000708884800197684,0.009200520659011452
naclip,voc20,5,bus,14,person,43836,0.0006708839590981168,0.010145456161334878
naclip,voc20,9,cow,16,sheep,42491,0.0006502995324855845,0.014321952890007024
naclip,voc20,17,sofa,10,diningtable,42377,0.0006485548301556004,0.012179976345374774
naclip,voc20,7,cat,16,sheep,41476,0.0006347655599861642,0.007249843601177496
naclip,voc20,0,aeroplane,3,boat,40490,0.0006196754152724416,0.021046744148209832
naclip,voc20,19,tvmonitor,4,bottle,40203,0.0006152830506346745,0.022691073365715558
naclip,voc20,19,tvmonitor,17,sofa,39905,0.0006107223375264703,0.02252287845829613
naclip,voc20,5,bus,3,boat,37742,0.0005776189064759815,0.008735053527719248
naclip,voc20,14,person,9,cow,36283,0.0005552897775334651,0.002791080941347299
naclip,voc20,10,diningtable,4,bottle,35808,0.0005480201844918644,0.012499520027925648
naclip,voc20,7,cat,17,sofa,33988,0.0005201661648377314,0.005940970303713491
naclip,voc20,16,sheep,9,cow,31459,0.0004814613210436093,0.016276344483794277
naclip,voc20,12,horse,16,sheep,30102,0.00046069324155423655,0.011393912875288093
naclip,voc20,7,cat,14,person,29620,0.0004533165176678123,0.0051774608801928215
naclip,voc20,13,motorbike,4,bottle,29455,0.00045079129061125633,0.011383838852301889
proxyclip,ade20k,1,building,25,house,10539035,0.023519274604155285,0.20508107048266028
proxyclip,ade20k,0,wall,25,house,9839115,0.02195730895161306,0.1252054001823353
proxyclip,ade20k,0,wall,79,hovel,8931513,0.019931872972960313,0.11365591919585555
proxyclip,ade20k,3,floor,28,rug,7041067,0.015713088369025803,0.22671168916407003
proxyclip,ade20k,1,building,0,wall,6808677,0.015194478816513675,0.1324913303476711
proxyclip,ade20k,0,wall,14,door,4713373,0.010518526022431012,0.05997894654891363
proxyclip,ade20k,0,wall,5,ceiling,3406950,0.007603067321877843,0.043354360443109696
proxyclip,ade20k,6,road,11,sidewalk,3126096,0.006976303832651796,0.15968664374115007
proxyclip,ade20k,1,building,11,sidewalk,3015003,0.006728384855857486,0.0586695122227445
proxyclip,ade20k,0,wall,145,shower,2420418,0.005401488428384603,0.0308004738534439
proxyclip,ade20k,5,ceiling,25,house,2396436,0.005347969368664539,0.11163643256427372
proxyclip,ade20k,1,building,14,door,2199617,0.004908741288644381,0.04280276220848092
proxyclip,ade20k,1,building,79,hovel,2108885,0.004706260622873349,0.04103719110192015
proxyclip,ade20k,2,sky,4,tree,2069857,0.0046191643897503945,0.05202261043768314
proxyclip,ade20k,13,earth,9,grass,2064587,0.0046074036756846475,0.2656550711087933
proxyclip,ade20k,1,building,86,awning,2032133,0.004534978208077484,0.03954365945298975
proxyclip,ade20k,1,building,4,tree,1993407,0.0044485559285879,0.03879008291248946
proxyclip,ade20k,10,cabinet,73,kitchenisland,1940767,0.004331082686003286,0.2114745874224963
proxyclip,ade20k,5,ceiling,79,hovel,1750029,0.003905425175666963,0.08152397745820184
proxyclip,ade20k,0,wall,65,toilet,1659724,0.0037038974178477467,0.021120436910456508
proxyclip,ade20k,19,chair,15,table,1626430,0.0036295973772206168,0.33375311630888665
proxyclip,ade20k,0,wall,35,wardrobe,1567547,0.0034981920401554608,0.019947459648517085
proxyclip,ade20k,16,mountain,34,rock,1551397,0.003462151142212043,0.27989434933097834
proxyclip,ade20k,0,wall,10,cabinet,1495142,0.0033366105407379274,0.019026086435560228
proxyclip,ade20k,8,windowpane,25,house,1474239,0.0032899626837898615,0.16538948125147454
proxyclip,ade20k,21,water,128,lake,1438321,0.0032098068341098814,0.36102878775366465
proxyclip,ade20k,12,people,92,apparel,1421524,0.0031723220686141794,0.1667465683807158
proxyclip,ade20k,0,wall,3,floor,1350628,0.0030141081057289444,0.017187106689724348
proxyclip,ade20k,1,building,84,tower,1237178,0.002760929166305988,0.02407448012247769
proxyclip,ade20k,12,people,121,step,1219037,0.0027204450839783383,0.1429945864291582
proxyclip,ade20k,16,mountain,68,hill,1208916,0.0026978587107222805,0.21810584732071095
proxyclip,ade20k,1,building,88,booth,1180376,0.002634167860734346,0.02296915928754773
proxyclip,ade20k,17,plant,9,grass,1163984,0.002597586907230414,0.18444823311534655
proxyclip,ade20k,0,wall,88,booth,1144409,0.0025539026609615345,0.014562914125636928
proxyclip,ade20k,4,tree,68,hill,1044547,0.0023310471717710958,0.04940548179883674
proxyclip,ade20k,17,plant,4,tree,1027865,0.0022938190442483657,0.16287842713568715
proxyclip,ade20k,21,water,60,river,1016351,0.0022681240040675287,0.25511132039525586
proxyclip,ade20k,11,sidewalk,6,road,970434,0.002165654040546296,0.12579061962023816
proxyclip,ade20k,3,floor,15,table,929385,0.0020740476740026825,0.02992478884716609
proxyclip,ade20k,5,ceiling,106,canopy,919476,0.0020519344072707116,0.04283319916261821
proxyclip,ade20k,29,field,9,grass,903772,0.002016888818335515,0.4445391022569986
proxyclip,ade20k,30,armchair,23,sofa,900893,0.0020104639424730316,0.5158415371040618
proxyclip,ade20k,0,wall,18,curtain,864298,0.0019287972762043399,0.010998425871309772
proxyclip,ade20k,0,wall,50,refrigerator,863745,0.001927563182299528,0.010991388796704908
proxyclip,ade20k,1,building,48,skyscraper,837210,0.0018683467595794916,0.01629142734783479
proxyclip,ade20k,0,wall,45,counter,830859,0.0018541736485678108,0.010572905549949862
proxyclip,ade20k,0,wall,36,lamp,799980,0.0017852630053730863,0.010179961921154963
proxyclip,ade20k,0,wall,7,bed,794282,0.0017725471517209754,0.010107453329656749
proxyclip,ade20k,13,earth,68,hill,782551,0.0017463678468433138,0.10069260416308796
proxyclip,ade20k,0,wall,1,building,768824,0.0017157341994086825,0.009783493392422363
proxyclip,ade847,4,"road, route",163,"curb, curbing, kerb",69213642,0.031037729188166344,0.5134408568250147
proxyclip,ade847,1,"building, edifice",26,house,48130881,0.021583508783801046,0.14316553952117975
proxyclip,ade847,4,"road, route",8,"sidewalk, pavement",39840638,0.01786588448745074,0.2955459461470795
proxyclip,ade847,5,"floor, flooring",27,"rug, carpet, carpeting",36564726,0.016396855166608697,0.30623217334748587
proxyclip,ade847,1,"building, edifice",53,"cliff, drop, drop-off",29795339,0.013361233945059718,0.08862638070455116
proxyclip,ade847,1,"building, edifice",0,wall,26039639,0.011677051518826516,0.07745503279634032
proxyclip,ade847,0,wall,26,house,23981302,0.010754023853500324,0.07563082292801852
proxyclip,ade847,1,"building, edifice",80,"bus, autobus, coach, charabanc, double-decker, jitney, motorbus, motorcoach, omnibus, passenger vehicle",23541445,0.010556777153962114,0.07002414259845315
proxyclip,ade847,1,"building, edifice",90,hill,20591496,0.009233920625462976,0.061249504956874035
proxyclip,ade847,1,"building, edifice",3,tree,14047553,0.006299396089724822,0.041784514690212445
proxyclip,ade847,0,wall,138,manhole,13701110,0.006144039375319648,0.04320975668157233
proxyclip,ade847,0,wall,6,ceiling,13489021,0.006048931521498158,0.042540882839610765
proxyclip,ade847,0,wall,64,double door,12845970,0.005760565785850558,0.04051286633263858
proxyclip,ade847,1,"building, edifice",202,jacket,12307533,0.005519112492713799,0.036608816741162994
proxyclip,ade847,3,tree,195,forest,12169617,0.005457266311310498,0.12182143166889924
proxyclip,ade847,1,"building, edifice",143,dirt track,11462261,0.005140064046941509,0.034094551067901234
proxyclip,ade847,2,sky,3,tree,10399385,0.004663434635522853,0.05331846227659519
proxyclip,ade847,1,"building, edifice",8,"sidewalk, pavement",9907504,0.004442858621464751,0.029469918813001705
proxyclip,ade847,0,wall,20,door,9479887,0.004251100750346567,0.029897111302573345
proxyclip,ade847,1,"building, edifice",169,central reservation,8702591,0.0039025350333879807,0.025885899236857166
proxyclip,ade847,0,wall,172,closet,8285811,0.0037156368382165145,0.026131304486971898
proxyclip,ade847,8,"sidewalk, pavement",163,"curb, curbing, kerb",8150250,0.003654846718163635,0.14199461611260528
proxyclip,ade847,1,"building, edifice",64,double door,7870770,0.0035295184692396915,0.023411643628486994
proxyclip,ade847,7,bed,120,arcade machine,7250172,0.0032512214153335027,0.12914915438257257
proxyclip,ade847,1,"building, edifice",22,sea,7017161,0.003146731431756799,0.020872579508195186
proxyclip,ade847,1,"building, edifice",249,"hat, chapeau, lid",6935825,0.003110257628785288,0.020630645180782923
proxyclip,ade847,1,"building, edifice",255,pier,6857049,0.0030749318160715605,0.020396325585816017
proxyclip,ade847,0,wall,46,"wardrobe, closet, press",6783263,0.0030418436874931217,0.021392656780152293
proxyclip,ade847,9,"earth, ground",118,"land, ground, soil",6479623,0.0029056812805113475,0.18991590456522262
proxyclip,ade847,10,cabinet,69,kitchen island,6049397,0.002712753445884352,0.16697810958239911
proxyclip,ade847,9,"earth, ground",127,"ashcan, trash can, garbage can, wastebin, ash bin, ash-bin, ashbin, dustbin, trash barrel, trash bin",5992675,0.0026873173898679503,0.17564359738064939
proxyclip,ade847,10,cabinet,121,"eiderdown, duvet, continental quilt",5846938,0.002621964008540382,0.16138974745507587
proxyclip,ade847,6,ceiling,249,"hat, chapeau, lid",5710213,0.002560651911667167,0.07559880893554652
proxyclip,ade847,0,wall,80,"bus, autobus, coach, charabanc, double-decker, jitney, motorbus, motorcoach, omnibus, passenger vehicle",5670613,0.0025428939373670803,0.017883646504944558
proxyclip,ade847,1,"building, edifice",37,"bathtub, bathing tub, bath, tub",5010199,0.0022467420474828045,0.014902861282416068
proxyclip,ade847,0,wall,32,lamp,4863111,0.0021807828322340387,0.01533699408482071
proxyclip,ade847,23,"painting, picture",210,"air conditioner, air conditioning",4671533,0.0020948728019193424,0.4412825792522422
proxyclip,ade847,9,"earth, ground",12,grass,4546464,0.0020387876481885972,0.13325556488907153
proxyclip,ade847,18,chair,76,book,4511714,0.002023204577306577,0.2000854053412087
proxyclip,ade847,5,"floor, flooring",8,"sidewalk, pavement",4423824,0.0019837917399016624,0.037049839728780364
proxyclip,ade847,0,wall,121,"eiderdown, duvet, continental quilt",4247878,0.001904891625098556,0.013396708353776016
proxyclip,ade847,2,sky,139,"tent, collapsible shelter",4160059,0.0018655106264859474,0.021328948669552122
proxyclip,ade847,0,wall,107,"booth, cubicle, stall, kiosk",3957188,0.0017745364344598656,0.012479947290638338
proxyclip,ade847,7,bed,121,"eiderdown, duvet, continental quilt",3937926,0.0017658987046374347,0.07014727552962144
proxyclip,ade847,1,"building, edifice",148,ruins,3726822,0.0016712325580049735,0.0110854501568214
proxyclip,ade847,1,"building, edifice",59,skyscraper,3589745,0.001609762612471313,0.010677713953926115
proxyclip,ade847,42,work surface,67,countertop,3540405,0.0015876368939873164,0.6943195858092605
proxyclip,ade847,24,water,35,river,3481525,0.0015612331180582988,0.20814003123124272
proxyclip,ade847,14,"car, auto, automobile, machine, motorcar",93,"truck, motortruck",3397801,0.0015236884554244493,0.12148008882652371
proxyclip,ade847,1,"building, edifice",244,roof,3283805,0.0014725688079923113,0.009767693936608965
proxyclip,coco_stuff164k,159,wall-brick,160,wall-concrete,24895822,0.02179618553905167,0.41629836472298287
proxyclip,coco_stuff164k,144,shelf,93,clothes,20508690,0.017955270261929637,0.26049631922879424
proxyclip,coco_stuff164k,136,river,127,paper,11250691,0.009849931786889332,0.3878500756778298
proxyclip,coco_stuff164k,132,platform,111,furniture-other,9131525,0.007994611029693609,0.36384114631063735
proxyclip,coco_stuff164k,159,wall-brick,95,counter,5847943,0.005119849051370886,0.0977870547071398
proxyclip,coco_stuff164k,156,towel,84,building-other,5319605,0.004657291395097015,0.07273851273099166
proxyclip,coco_stuff164k,93,clothes,144,shelf,4397966,0.003850400397722996,0.15257406898656212
proxyclip,coco_stuff164k,156,towel,169,window-other,4148936,0.0036323756992498934,0.056731173471727625
proxyclip,coco_stuff164k,132,platform,118,light,4018771,0.0035184167992107357,0.16012596443638347
proxyclip,coco_stuff164k,142,sand,36,skateboard,3977093,0.00348192788870613,0.1206990768329837
proxyclip,coco_stuff164k,83,bridge,160,wall-concrete,3892726,0.003408064941526753,0.08787211907638887
proxyclip,coco_stuff164k,85,bush,95,counter,3678738,0.0032207193639784163,0.3665675731099799
proxyclip,coco_stuff164k,152,structural-other,59,bed,3594511,0.0031469789861994575,0.21544853256292762
proxyclip,coco_stuff164k,159,wall-brick,115,hill,3581630,0.003135701725865233,0.05989063996532338
proxyclip,coco_stuff164k,83,bridge,127,paper,3572633,0.0031278248908969057,0.08064652698192382
proxyclip,coco_stuff164k,44,spoon,108,fog,3408905,0.0029844817280988323,0.3404269406349374
proxyclip,coco_stuff164k,132,platform,98,desk-stuff,3327845,0.0029135140452564855,0.132596355980422
proxyclip,coco_stuff164k,156,towel,114,ground-other,3248409,0.0028439681674589934,0.04441766623686682
proxyclip,coco_stuff164k,156,towel,81,blanket,3099828,0.0027138861382904915,0.0423860189698078
proxyclip,coco_stuff164k,142,sand,141,salad,3045181,0.0026660429238285406,0.09241688225277662
proxyclip,coco_stuff164k,132,platform,37,surfboard,2968381,0.0025988048527417866,0.1182736887569947
proxyclip,coco_stuff164k,142,sand,165,wall-wood,2946683,0.002579808346668344,0.08942760901478716
proxyclip,coco_stuff164k,159,wall-brick,99,dirt,2472243,0.0021644381585641847,0.041339897035648845
proxyclip,coco_stuff164k,146,skyscraper,29,frisbee,2471411,0.0021637097461274114,0.10871312891039349
proxyclip,coco_stuff164k,163,wall-stone,60,dining table,2459659,0.0021534209204579907,0.20519843019791714
proxyclip,coco_stuff164k,159,wall-brick,89,carpet,2447962,0.0021431802470530197,0.040933879488052355
proxyclip,coco_stuff164k,107,flower,93,clothes,2242528,0.001963323659870257,0.2981688208790293
proxyclip,coco_stuff164k,111,furniture-other,113,gravel,2236360,0.001957923602286102,0.04280400001385738
proxyclip,coco_stuff164k,144,shelf,142,sand,2169570,0.0018994492433292755,0.027557342731750062
proxyclip,coco_stuff164k,98,desk-stuff,112,grass,2126915,0.0018621049735088916,0.1150733190251499
proxyclip,coco_stuff164k,161,wall-other,160,wall-concrete,2117432,0.0018538026476219687,0.34486891058805175
proxyclip,coco_stuff164k,144,shelf,156,towel,2090061,0.0018298394543444225,0.026547439035045774
proxyclip,coco_stuff164k,156,towel,129,pillow,2082061,0.0018228354886062191,0.028469410897087516
proxyclip,coco_stuff164k,127,paper,136,river,2072833,0.0018147564141272013,0.06191329403439007
proxyclip,coco_stuff164k,122,moss,114,ground-other,2007269,0.0017573554129197543,0.32115168407645106
proxyclip,coco_stuff164k,84,building-other,111,furniture-other,1994921,0.0017465447918028373,0.19013598358761255
proxyclip,coco_stuff164k,98,desk-stuff,113,gravel,1990613,0.0017427731562528147,0.10769891829462425
proxyclip,coco_stuff164k,129,pillow,111,furniture-other,1965303,0.0017206143596485734,0.23791390030995463
proxyclip,coco_stuff164k,83,bridge,151,straw,1957920,0.0017141505747679288,0.04419694049415327
proxyclip,coco_stuff164k,142,sand,135,railroad,1954045,0.0017107580288634864,0.05930246730214949
proxyclip,coco_stuff164k,165,wall-wood,135,railroad,1948989,0.0017063315225169418,0.3833476687943992
proxyclip,coco_stuff164k,86,cabinet-merged,100,door-stuff,1948022,0.0017054849181583364,0.3998458106874622
proxyclip,coco_stuff164k,85,bush,71,sink,1934689,0.0016938119337599029,0.19278194083203912
proxyclip,coco_stuff164k,156,towel,116,house,1929027,0.0016888548770086895,0.02637687478636603
proxyclip,coco_stuff164k,156,towel,113,gravel,1909122,0.0016714281347563217,0.026104700424564656
proxyclip,coco_stuff164k,132,platform,102,floor-marble,1883023,0.00164857857203115,0.07502813022461148
proxyclip,coco_stuff164k,104,floor-stone,103,floor-other,1864139,0.0016320457109061208,0.2021569317034887
proxyclip,coco_stuff164k,144,shelf,136,river,1828109,0.0016005016002126867,0.02322018937577348
proxyclip,coco_stuff164k,159,wall-brick,60,dining table,1805905,0.0015810620933063028,0.030197649161576523
proxyclip,coco_stuff164k,107,flower,144,shelf,1759803,0.0015406999897484704,0.2339852102133745
proxyclip,context459,359,sky,103,cup,62126179,0.06800915076546199,0.8145068995389801
proxyclip,context459,419,tree,163,forceps,34309780,0.037558707751040546,0.6272794101407616
proxyclip,context459,439,wall,183,glove,21865444,0.023935968725032425,0.38172177623258713
proxyclip,context459,444,water,188,ground,16738709,0.018323763062914195,0.6395938029202957
proxyclip,context459,323,road,67,ceiling,12190556,0.013344927601596217,0.5546505876593917
proxyclip,context459,283,person,27,bird nest,11241595,0.012306105759365367,0.14838098984931605
proxyclip,context459,367,sofa,111,dock,11024905,0.01206889653265004,0.5824233319582213
proxyclip,context459,188,ground,97,cow,9259686,0.010136522016183189,0.16685792609143335
proxyclip,context459,415,train,159,fly,8717770,0.009543289862855103,0.7466446567121126
proxyclip,context459,283,person,79,cloth,8278777,0.009062726892420651,0.10927391762483449
proxyclip,context459,188,ground,67,ceiling,8033742,0.008794488566387194,0.14476662911395094
proxyclip,context459,43,building,89,controller,7606865,0.008327188907554028,0.13792130430070082
proxyclip,context459,157,floor,73,chicken,7314063,0.008006660336781492,0.2635113240800367
proxyclip,context459,396,table,140,fan,7176523,0.007856096134269026,0.4996607205618518
proxyclip,context459,43,building,183,glove,6781803,0.007423998547997977,0.1229619712286738
proxyclip,context459,283,person,28,blackboard,6693634,0.0073274804792810835,0.08835116712610949
proxyclip,context459,257,motorbike,1,aeroplane,6527607,0.007145731730913067,0.6419089089399163
proxyclip,context459,346,sheep,90,cooker,5144396,0.005631539051536384,0.881574908991766
proxyclip,context459,439,wall,78,closet,4930948,0.005397878822527509,0.08608332989124406
proxyclip,context459,419,tree,228,leaves,4578298,0.005011835009701999,0.083704181982182
proxyclip,context459,188,ground,77,clock,4537420,0.004967086111415649,0.08176351671166728
proxyclip,context459,419,tree,186,grass,4524172,0.0049525836062907025,0.08271460625907102
proxyclip,context459,365,snow,109,disc case,4451392,0.0048729117823932385,0.8718470306635541
proxyclip,context459,439,wall,114,door,4187144,0.0045836411019692614,0.07309817468246334
proxyclip,context459,188,ground,85,concrete,3912385,0.004282864093694415,0.07050049506767643
proxyclip,context459,258,mountain,2,air conditioner,3605124,0.003946507343453158,0.6126895278391107
proxyclip,context459,188,ground,157,floor,3376628,0.0036963741602534478,0.06084624740647409
proxyclip,context459,43,building,38,brick,3341507,0.003657927414896168,0.06058540591556731
proxyclip,context459,43,building,114,door,3291586,0.003603279199441575,0.05968028015981967
proxyclip,context459,419,tree,201,heater,3252825,0.003560847768195496,0.05947080241526244
proxyclip,context459,283,person,7,baby carriage,3246561,0.003553990605446201,0.042852276281629555
proxyclip,context459,307,pottedplant,36,box,3123994,0.0034198172550801596,0.44048778616955936
proxyclip,context459,453,window,197,hard disk drive,3021497,0.0033076144117987864,0.38831481612378793
proxyclip,context459,359,sky,163,forceps,2978445,0.003260485648918412,0.039048981306211955
proxyclip,context459,43,building,85,concrete,2970764,0.003252077304876692,0.05386340439189695
proxyclip,context459,323,road,115,drainer,2898389,0.003172848832019053,0.13187201323020184
proxyclip,context459,323,road,97,cow,2730038,0.002988556014968188,0.12421231492907052
proxyclip,context459,329,rug,73,chicken,2518770,0.0027572822187168907,0.8582986211446298
proxyclip,context459,188,ground,186,grass,2407675,0.0026356671970641185,0.04338588340924215
proxyclip,context459,444,water,111,dock,2392151,0.0026186731685647474,0.09140519470465663
proxyclip,context459,283,person,14,basket,2330728,0.0025514337835791205,0.030763937653821963
proxyclip,context459,283,person,105,cushion,2316804,0.00253619126536054,0.03058015084219409
proxyclip,context459,283,person,126,earrings,2309576,0.0025282788176670683,0.030484746427195075
proxyclip,context459,283,person,30,boat,2188089,0.0023952877367405608,0.028881205175813586
proxyclip,context459,359,sky,106,cutting board,2154638,0.002358669130238856,0.028248438021737488
proxyclip,context459,18,bedclothes,17,bed,2121017,0.0023218644257698177,0.28836682358808113
proxyclip,context459,414,track,59,card,2088066,0.0022857931662308597,0.6792802329519226
proxyclip,context459,188,ground,125,earphone,2015353,0.002206194686826404,0.03631630942152342
proxyclip,context459,439,wall,89,controller,2007368,0.0021974535558313335,0.03504415819374425
proxyclip,context459,71,chair,126,earrings,1975014,0.0021620358285658957,0.13385939590055626
proxyclip,context59,36,people,17,cloth,15310597,0.018282460652511306,0.20208889735344218
proxyclip,context59,10,building,55,wall,13108552,0.01565298767588216,0.23767328450466263
proxyclip,context59,29,ground,44,sidewalk,11711494,0.013984753712551002,0.21103907846035655
proxyclip,context59,29,ground,40,road,10836454,0.01293986406067306,0.19527101033719904
proxyclip,context59,55,wall,23,door,7362928,0.008792109246117168,0.1285402644662807
proxyclip,context59,29,ground,25,floor,6470804,0.007726819504171703,0.11660275905512901
proxyclip,context59,52,tree,28,grass,6055101,0.007230426467333825,0.11070430016230753
proxyclip,context59,10,building,23,door,5285585,0.006311543553004757,0.09583379975748482
proxyclip,context59,52,tree,58,wood,4909484,0.005862439462950649,0.08975919483061409
proxyclip,context59,55,wall,12,cabinet,4538480,0.005419421726155388,0.07923171589820321
proxyclip,context59,3,bedclothes,2,bed,3822490,0.004564454476831827,0.5196937598789657
proxyclip,context59,36,people,49,table,3391037,0.004049254286015757,0.044759255841867206
proxyclip,context59,46,sky,52,tree,3343944,0.003993020298568454,0.04384086553386738
proxyclip,context59,10,building,44,sidewalk,3248399,0.0038789295349591574,0.058897249651346816
proxyclip,context59,40,road,44,sidewalk,3163850,0.0037779691500891763,0.1439500595187099
proxyclip,context59,29,ground,28,grass,3010379,0.0035947086594106245,0.05424650432954239
proxyclip,context59,55,wall,58,wood,2671188,0.003189678985441284,0.046632971551420224
proxyclip,context59,16,chair,49,table,2512351,0.0030000109272549876,0.17027817886362243
proxyclip,context59,56,water,7,boat,2505413,0.002991726226664467,0.09573298804322046
proxyclip,context59,55,wall,25,floor,2413609,0.0028821026099143726,0.04213621797988454
proxyclip,context59,10,building,57,window,2373238,0.0028338953963744605,0.04302956347667359
proxyclip,context59,10,building,58,wood,2272541,0.0027136526037305204,0.0412038098213678
proxyclip,context59,28,grass,29,ground,2180868,0.0026041854147373237,0.038112060644100304
proxyclip,context59,50,track,51,train,2086365,0.002491338908553125,0.6787268712879468
proxyclip,context59,55,wall,21,curtain,2079277,0.002482875092210431,0.03629952859496313
proxyclip,context59,13,car,53,truck,2050135,0.0024480764838782096,0.0973532533148618
proxyclip,context59,10,building,24,fence,2015918,0.0024072177925974596,0.036550936545246986
proxyclip,context59,55,wall,15,ceiling,1854801,0.002214827174978129,0.03238067940801837
proxyclip,context59,36,people,16,chair,1772499,0.0021165499440757036,0.023395715299023213
proxyclip,context59,16,chair,48,sofa,1749116,0.002088628186521921,0.11854883617027391
proxyclip,context59,55,wall,49,table,1714104,0.0020468201817546525,0.029924424289183543
proxyclip,context59,54,tvmonitor,18,computer,1692320,0.002020807798119037,0.20765732712606047
proxyclip,context59,52,tree,39,pottedplant,1668838,0.00199276782416882,0.03051105883688232
proxyclip,context59,10,building,40,road,1656434,0.0019779561455691057,0.030033073778491806
proxyclip,context59,36,people,25,floor,1652029,0.0019726961129802843,0.021805597718097456
proxyclip,context59,29,ground,41,rock,1635674,0.001953166525468326,0.02947456008785602
proxyclip,context59,10,building,29,ground,1575108,0.0018808443611608207,0.028558538869096307
proxyclip,context59,10,building,15,ceiling,1531729,0.0018290452797373275,0.02777202717745197
proxyclip,context59,10,building,52,tree,1490966,0.0017803699770317363,0.027032946606519073
proxyclip,context59,36,people,48,sofa,1392441,0.0016627207804792651,0.018379222333376313
proxyclip,context59,48,sofa,2,bed,1380544,0.0016485145131218963,0.07293133468224268
proxyclip,context59,29,ground,58,wood,1346342,0.0016076737334163637,0.024260847930458178
proxyclip,context59,52,tree,29,ground,1293594,0.0015446870821121286,0.023650541661346367
proxyclip,context59,36,people,44,sidewalk,1268841,0.0015151294006884967,0.01674779099775397
proxyclip,context59,36,people,5,bicycle,1238674,0.0014791068347164247,0.016349608238031322
proxyclip,context59,55,wall,57,window,1220569,0.001457487563429112,0.021308406392041828
proxyclip,context59,52,tree,40,road,1213459,0.0014489974767760993,0.022185448165216986
proxyclip,context59,46,sky,40,road,1203637,0.0014372689773237942,0.015780314463575806
proxyclip,context59,46,sky,34,mountain,1092068,0.001304043874962336,0.014317586162280075
proxyclip,context59,10,building,25,floor,1086702,0.001297636307454591,0.01970317038966515
proxyclip,voc20,8,chair,17,sofa,606086,0.009275786459392765,0.28667486837767414
proxyclip,voc20,14,person,10,diningtable,520059,0.007959194289730074,0.04000569862679864
proxyclip,voc20,14,person,17,sofa,428894,0.00656396807996687,0.032992802945131565
proxyclip,voc20,14,person,8,chair,389047,0.005954133398011796,0.02992756020693831
proxyclip,voc20,8,chair,10,diningtable,328783,0.00503182865051912,0.15551229239714634
proxyclip,voc20,14,person,13,motorbike,299659,0.004586103118427379,0.023051360797155425
proxyclip,voc20,14,person,1,bicycle,266346,0.004076267427911923,0.02048874801984642
proxyclip,voc20,19,tvmonitor,14,person,205716,0.0031483612676756136,0.1161086697137413
proxyclip,voc20,13,motorbike,6,car,165825,0.0025378531918387906,0.06408844263055376
proxyclip,voc20,14,person,12,horse,125495,0.0019206264815908882,0.00965374149696495
proxyclip,voc20,14,person,3,boat,122221,0.0018705198550262555,0.009401888039368526
proxyclip,voc20,14,person,6,car,118781,0.0018178726969986635,0.009137264980684439
proxyclip,voc20,19,tvmonitor,10,diningtable,111100,0.0017003195514143804,0.06270622219563213
proxyclip,voc20,14,person,4,bottle,110723,0.00169454979020031,0.008517400850778518
proxyclip,voc20,13,motorbike,1,bicycle,109828,0.001680852346469294,0.04244658813344464
proxyclip,voc20,17,sofa,8,chair,100535,0.001538628497762779,0.028895719892447623
proxyclip,voc20,14,person,16,sheep,97841,0.0014973984269121008,0.00752644903625282
proxyclip,voc20,11,dog,16,sheep,94069,0.0014396702059585901,0.018685286337627068
proxyclip,voc20,10,diningtable,14,person,86924,0.001330320222206513,0.030342612793437473
proxyclip,voc20,5,bus,6,car,83180,0.0012730205246322967,0.01925127848115328
proxyclip,voc20,10,diningtable,8,chair,71755,0.0010981676814737973,0.025047560869185793
proxyclip,voc20,9,cow,12,horse,67640,0.0010351900491239307,0.022798637205056958
proxyclip,voc20,14,person,9,cow,62056,0.0009497302437675139,0.0047736768981685085
proxyclip,voc20,11,dog,17,sofa,60344,0.0009235291000049448,0.011986360211735724
proxyclip,voc20,7,cat,11,dog,58194,0.0008906246262376998,0.01017208502572387
proxyclip,voc20,19,tvmonitor,4,bottle,53381,0.0008169645182182812,0.030128900513276675
proxyclip,voc20,4,bottle,10,diningtable,50104,0.0007668119784344385,0.02607170342864963
proxyclip,voc20,11,dog,14,person,42497,0.0006503913589240047,0.0084413421370498
proxyclip,voc20,2,bird,16,sheep,42212,0.0006460296030990443,0.019616289903967916
proxyclip,voc20,0,aeroplane,3,boat,42119,0.0006446062933035309,0.021893500043923188
proxyclip,voc20,4,bottle,14,person,38305,0.0005862352872810786,0.019932073284257227
proxyclip,voc20,19,tvmonitor,8,chair,38201,0.0005846436290151282,0.021561119658823968
proxyclip,voc20,17,sofa,10,diningtable,38045,0.0005822561416162026,0.010934875051555874
proxyclip,voc20,12,horse,9,cow,36350,0.0005563151727624908,0.013758844363056348
proxyclip,voc20,11,dog,7,cat,35863,0.0005488619268440497,0.007123605267689882
proxyclip,voc20,16,sheep,7,cat,32595,0.0004988471267178374,0.016864091307710813
proxyclip,voc20,13,motorbike,2,bird,30835,0.0004719113714479066,0.011917184553071763
proxyclip,voc20,14,person,5,bus,30133,0.000461167678152741,0.0023179902986417374
proxyclip,voc20,7,cat,14,person,29299,0.00044840380321233063,0.0051213513277774975
proxyclip,voc20,7,cat,16,sheep,28824,0.00044113421017073,0.005038323173891893
proxyclip,voc20,9,cow,16,sheep,27892,0.0004268705034027894,0.009401235791298767
proxyclip,voc20,10,diningtable,15,pottedplant,27583,0.00042214144182414813,0.009628414346801641
proxyclip,voc20,18,train,9,cow,27052,0.0004140148020239588,0.006902772514962343
proxyclip,voc20,4,bottle,15,pottedplant,26183,0.00040071527285943047,0.013624369528826705
proxyclip,voc20,3,boat,5,bus,25681,0.00039303246084493884,0.019041962610100598
proxyclip,voc20,10,diningtable,4,bottle,24841,0.00038017675946610825,0.008671262762893796
proxyclip,voc20,0,aeroplane,14,person,23381,0.00035783232611718836,0.012153468138535295
proxyclip,voc20,19,tvmonitor,17,sofa,23363,0.0003575568468019277,0.0131863678591949
proxyclip,voc20,0,aeroplane,6,car,23171,0.00035461840077248075,0.012044309919935046
proxyclip,voc20,14,person,15,pottedplant,22256,0.0003406148689133974,0.0017120496494398337
resclip,ade20k,1,building,25,house,9354833,0.0208765685096419,0.1820374603392546
resclip,ade20k,0,wall,25,house,7841896,0.017500246032129785,0.0997902480932741
resclip,ade20k,1,building,0,wall,7046639,0.01572552303672492,0.1371218778023664
resclip,ade20k,3,floor,28,rug,6287119,0.014030551965146921,0.20243570590444868
resclip,ade20k,0,wall,14,door,5181194,0.011562531528114458,0.06593209533502908
resclip,ade20k,0,wall,5,ceiling,4724815,0.010544060384924421,0.060124549094354586
resclip,ade20k,6,road,11,sidewalk,4095825,0.009140384570842049,0.20922215683750467
resclip,ade20k,1,building,11,sidewalk,3675580,0.008202551310394272,0.07152380469793074
resclip,ade20k,0,wall,79,hovel,3644540,0.008133281374037387,0.04637775746909436
resclip,ade20k,1,building,86,awning,2785754,0.006216784867459308,0.054208512678945726
resclip,ade20k,0,wall,145,shower,2747996,0.00613252281021178,0.034968992524170794
resclip,ade20k,2,sky,4,tree,2479785,0.005533973876570788,0.062325508005727004
resclip,ade20k,10,cabinet,73,kitchenisland,2294112,0.005119619595217958,0.24997662712783034
resclip,ade20k,5,ceiling,25,house,2135973,0.004766711139498197,0.09950293092476054
resclip,ade20k,13,earth,9,grass,2099734,0.004685838935128444,0.27017751496040177
resclip,ade20k,1,building,4,tree,1992820,0.0044472459591084704,0.03877866036873917
resclip,ade20k,1,building,14,door,1955052,0.004362961585515467,0.03804372573098637
resclip,ade20k,17,plant,9,grass,1709380,0.0038147114629423816,0.270873242864774
resclip,ade20k,0,wall,7,bed,1675562,0.0037392420458123195,0.02132197974516144
resclip,ade20k,0,wall,3,floor,1643637,0.0036679971128808267,0.020915725483388808
resclip,ade20k,0,wall,18,curtain,1634707,0.003648068616370937,0.020802088817527268
resclip,ade20k,0,wall,10,cabinet,1568817,0.0035010262160308876,0.019963620742094255
resclip,ade20k,0,wall,35,wardrobe,1556980,0.0034746103578911823,0.019812991714792685
resclip,ade20k,1,building,84,tower,1457748,0.003253160798465719,0.02836659336779478
resclip,ade20k,16,mountain,34,rock,1441441,0.0032167695338983313,0.260056704243978
resclip,ade20k,21,water,128,lake,1438342,0.0032098536984353806,0.3610340589028329
resclip,ade20k,0,wall,50,refrigerator,1407705,0.003141483110801171,0.017913426955948206
resclip,ade20k,1,building,48,skyscraper,1401778,0.003128256212837664,0.027277462577839674
resclip,ade20k,8,windowpane,25,house,1378331,0.0030759310776005545,0.1546299135234017
resclip,ade20k,12,people,121,step,1365460,0.0030472077093386517,0.16017019006441835
resclip,ade20k,19,chair,15,table,1321194,0.002948422174455473,0.2711168723822133
resclip,ade20k,0,wall,65,toilet,1228058,0.002740576659232058,0.015627370280469163
resclip,ade20k,16,mountain,68,hill,1217466,0.0027169391861040903,0.21964839038788192
resclip,ade20k,3,floor,110,stool,1194933,0.002666653764843469,0.038475032103499326
resclip,ade20k,0,wall,36,lamp,1056051,0.002356719895606457,0.01343853467186382
resclip,ade20k,12,people,92,apparel,1049662,0.002342461982481968,0.12312668407964897
resclip,ade20k,10,cabinet,50,refrigerator,1040173,0.002321286002259981,0.11334186742819734
resclip,ade20k,1,building,79,hovel,1039210,0.0023191369381906613,0.02022218345951839
resclip,ade20k,4,tree,68,hill,1011697,0.0022577379768830915,0.04785172684373009
resclip,ade20k,21,water,60,river,1003230,0.002238842727168731,0.25181785619351243
resclip,ade20k,29,field,9,grass,936580,0.002090104284572521,0.46067640111871105
resclip,ade20k,5,ceiling,106,canopy,910936,0.0020328762482343782,0.04243536874524054
resclip,ade20k,5,ceiling,86,awning,898985,0.002006205983756249,0.04187863908270181
resclip,ade20k,7,bed,131,blanket,850405,0.0018977931774348104,0.06987188066899468
resclip,ade20k,0,wall,42,column,844630,0.0018849054879225356,0.010748145250462656
resclip,ade20k,2,sky,68,hill,844250,0.001884057466794455,0.021218900079577472
resclip,ade20k,30,armchair,23,sofa,843040,0.0018813571889918833,0.48271553829390196
resclip,ade20k,5,ceiling,79,hovel,843017,0.001881305861397289,0.0392714057337798
resclip,ade20k,0,wall,73,kitchenisland,812724,0.0018137029560474464,0.010342132768830153
resclip,ade20k,17,plant,4,tree,798898,0.0017828483767926048,0.12659566157213856
resclip,ade847,4,"road, route",163,"curb, curbing, kerb",51670668,0.023170868545765194,0.3833035119094133
resclip,ade847,4,"road, route",8,"sidewalk, pavement",47195631,0.021164111171069835,0.3501067783579027
resclip,ade847,5,"floor, flooring",27,"rug, carpet, carpeting",34416010,0.015433298512412116,0.28823652446483006
resclip,ade847,1,"building, edifice",26,house,28645664,0.01284568093739679,0.08520666682794432
resclip,ade847,1,"building, edifice",0,wall,21801981,0.009776742886085203,0.06485009847410667
resclip,ade847,1,"building, edifice",80,"bus, autobus, coach, charabanc, double-decker, jitney, motorbus, motorcoach, omnibus, passenger vehicle",21268128,0.009537345213003787,0.06326215013029804
resclip,ade847,0,wall,138,manhole,16688867,0.007483850284938424,0.052632369374534034
resclip,ade847,1,"building, edifice",90,hill,16452005,0.007377633383204407,0.048936568853375995
resclip,ade847,1,"building, edifice",20,door,15043023,0.006745798379535607,0.04474554504465679
resclip,ade847,3,tree,195,forest,12008983,0.005385232613236758,0.12021343826576239
resclip,ade847,0,wall,6,ceiling,11680336,0.005237856224857957,0.036836758227545785
resclip,ade847,1,"building, edifice",163,"curb, curbing, kerb",11556327,0.005182246410843324,0.03437435084219997
resclip,ade847,1,"building, edifice",3,tree,11290446,0.00506301641173016,0.03358348651512832
resclip,ade847,0,wall,109,"doorframe, doorcase",10994231,0.004930183624929653,0.034672960541956066
resclip,ade847,16,"plant, flora, plant life",240,jar,10786609,0.004837078924421255,0.4178712101131985
resclip,ade847,1,"building, edifice",53,"cliff, drop, drop-off",10691441,0.004794402386588158,0.0318017432305854
resclip,ade847,8,"sidewalk, pavement",163,"curb, curbing, kerb",10665429,0.004782737729328212,0.18581436109705193
resclip,ade847,1,"building, edifice",8,"sidewalk, pavement",10596646,0.00475189311452309,0.031519775042242654
resclip,ade847,2,sky,3,tree,9666138,0.004334621974370946,0.04955904741610809
resclip,ade847,1,"building, edifice",255,pier,9525756,0.00427166995547714,0.02833440753114648
resclip,ade847,0,wall,26,house,9518404,0.004268373070955568,0.030018583956840345
resclip,ade847,1,"building, edifice",13,"windowpane, window",8960168,0.00401804123910246,0.026652063275559197
resclip,ade847,0,wall,64,double door,8627556,0.0038688868111251776,0.027209079812996133
resclip,ade847,7,bed,121,"eiderdown, duvet, continental quilt",8372955,0.0037547151440853717,0.14914957299403836
resclip,ade847,1,"building, edifice",249,"hat, chapeau, lid",8211254,0.0036822029672596572,0.024424414941738654
resclip,ade847,1,"building, edifice",202,jacket,8114573,0.0036388479492468627,0.024136836837227185
resclip,ade847,0,wall,46,"wardrobe, closet, press",7395937,0.0033165873528045154,0.023324872087169435
resclip,ade847,0,wall,137,"basket, handbasket",7071568,0.003171129363770557,0.022301896170251394
resclip,ade847,3,tree,240,jar,6978136,0.0031292313068310195,0.06985318583980793
resclip,ade847,1,"building, edifice",22,sea,6159984,0.0027623443828521214,0.018322902354557666
resclip,ade847,0,wall,80,"bus, autobus, coach, charabanc, double-decker, jitney, motorbus, motorcoach, omnibus, passenger vehicle",5919764,0.002654621640772152,0.018669404307558393
resclip,ade847,0,wall,32,lamp,5883923,0.0026385493287294907,0.018556371065052913
resclip,ade847,9,"earth, ground",12,grass,5854686,0.0026254384728049544,0.1715991790934974
resclip,ade847,5,"floor, flooring",8,"sidewalk, pavement",5792939,0.0025977490374739587,0.048516274948687196
resclip,ade847,6,ceiling,249,"hat, chapeau, lid",5717440,0.0025638927419769325,0.07569448883263218
resclip,ade847,1,"building, edifice",64,double door,5693024,0.0025529437848933237,0.016933927564447133
resclip,ade847,0,wall,27,"rug, carpet, carpeting",5223370,0.0023423351065616866,0.016473157777568713
resclip,ade847,0,wall,20,door,5163330,0.002315411147547111,0.016283807148958215
resclip,ade847,10,cabinet,69,kitchen island,4818391,0.0021607288774183856,0.13299934198546495
resclip,ade847,1,"building, edifice",59,skyscraper,4815306,0.0021593454594710177,0.014323151106450221
resclip,ade847,9,"earth, ground",127,"ashcan, trash can, garbage can, wastebin, ash bin, ash-bin, ashbin, dustbin, trash barrel, trash bin",4566963,0.0020479800904910587,0.13385638474042436
resclip,ade847,10,cabinet,121,"eiderdown, duvet, continental quilt",4561970,0.0020457410610546867,0.12592149706352837
resclip,ade847,9,"earth, ground",8,"sidewalk, pavement",4530917,0.0020318158495410354,0.13279988674726056
resclip,ade847,0,wall,101,"hovel, hut, hutch, shack, shanty",4501462,0.00201860723507111,0.01419644669164352
resclip,ade847,1,"building, edifice",143,dirt track,4303024,0.0019296209496125099,0.012799365807008288
resclip,ade847,0,wall,5,"floor, flooring",4218948,0.001891918438318215,0.013305470617505167
resclip,ade847,1,"building, edifice",250,"arch, archway",4139373,0.0018562343270826247,0.012312585111924386
resclip,ade847,0,wall,121,"eiderdown, duvet, continental quilt",4121933,0.0018484136434514754,0.012999510403736887
resclip,ade847,1,"building, edifice",35,river,4066357,0.0018234914924489096,0.012095398664959527
resclip,ade847,20,door,109,"doorframe, doorcase",4060078,0.001820675777281479,0.1994445036926244
resclip,coco_stuff164k,144,shelf,93,clothes,22836267,0.01999305395705845,0.29010937539302656
resclip,coco_stuff164k,159,wall-brick,160,wall-concrete,21361126,0.018701574329181042,0.3578610892332026
resclip,coco_stuff164k,136,river,127,paper,13523548,0.011839808356368837,0.46620413791030285
resclip,coco_stuff164k,132,platform,111,furniture-other,9239038,0.008088738200745044,0.3679373122463124
resclip,coco_stuff164k,159,wall-brick,95,counter,6518996,0.005707353078935722,0.1092121739868437
resclip,coco_stuff164k,156,towel,84,building-other,5385711,0.004715166914983225,0.07364440195526671
resclip,coco_stuff164k,132,platform,118,light,4597641,0.004025215005069969,0.1830973822397362
resclip,coco_stuff164k,156,towel,81,blanket,4532401,0.00396809766447492,0.06197621095273266
resclip,coco_stuff164k,156,towel,169,window-other,4002066,0.0035037916432536496,0.05472439147876788
resclip,coco_stuff164k,85,bush,95,counter,3963378,0.0034699204649436973,0.3949913534742769
resclip,coco_stuff164k,159,wall-brick,89,carpet,3767876,0.0032987593012249144,0.0631228994883342
resclip,coco_stuff164k,142,sand,165,wall-wood,3659579,0.003203945741531136,0.11091256689994324
resclip,coco_stuff164k,146,skyscraper,29,frisbee,3554545,0.0031119889243628276,0.15621967500038675
resclip,coco_stuff164k,44,spoon,108,fog,3459346,0.003028642607573923,0.3454690804141419
resclip,coco_stuff164k,152,structural-other,59,bed,3370414,0.0029507830224451835,0.20198131920269008
resclip,coco_stuff164k,83,bridge,160,wall-concrete,3359895,0.0029415736829951633,0.07582751391636343
resclip,coco_stuff164k,93,clothes,144,shelf,3351668,0.002934370979729138,0.11626695191430887
resclip,coco_stuff164k,98,desk-stuff,111,furniture-other,2662887,0.0023313461640884436,0.1440848495034002
resclip,coco_stuff164k,156,towel,114,ground-other,2656060,0.002325369154826604,0.03631905801430966
resclip,coco_stuff164k,144,shelf,142,sand,2588229,0.002265983404828094,0.03288057100418898
resclip,coco_stuff164k,144,shelf,156,towel,2533911,0.0022184282284571266,0.03219052122273396
resclip,coco_stuff164k,142,sand,36,skateboard,2533571,0.002218130559913253,0.07678611748325588
resclip,coco_stuff164k,98,desk-stuff,112,grass,2442611,0.002138495469469879,0.1321660432193893
resclip,coco_stuff164k,163,wall-stone,60,dining table,2403546,0.002104294229274514,0.2005507342344357
resclip,coco_stuff164k,83,bridge,127,paper,2374874,0.0020791920160687922,0.053597148507500886
resclip,coco_stuff164k,142,sand,141,salad,2352474,0.0020595809120018227,0.07129752627430015
resclip,coco_stuff164k,84,building-other,111,furniture-other,2348029,0.002055689333538533,0.2238086364474726
resclip,coco_stuff164k,107,flower,93,clothes,2301946,0.002015343864399329,0.3059988751419532
resclip,coco_stuff164k,159,wall-brick,115,hill,2301854,0.0020152633187933396,0.038562760207294516
resclip,coco_stuff164k,132,platform,102,floor-marble,2224965,0.0019479473285877486,0.0886074547958474
resclip,coco_stuff164k,132,platform,98,desk-stuff,2201347,0.0019272698707371372,0.08766688680157858
resclip,coco_stuff164k,156,towel,116,house,2154851,0.0018865628218666982,0.029465508490468282
resclip,coco_stuff164k,165,wall-wood,135,railroad,2128090,0.0018631336809766903,0.41857159828581725
resclip,coco_stuff164k,83,bridge,158,vegetable,2115372,0.0018519991264443812,0.04774059896761224
resclip,coco_stuff164k,142,sand,135,railroad,2057593,0.0018014138593959235,0.06236043032965128
resclip,coco_stuff164k,129,pillow,111,furniture-other,2035945,0.0017824611281083448,0.24646493039780346
resclip,coco_stuff164k,159,wall-brick,99,dirt,2030391,0.001777598624894597,0.034014964137625114
resclip,coco_stuff164k,85,bush,71,sink,2022968,0.0017710998201852614,0.2016095533545251
resclip,coco_stuff164k,122,moss,114,ground-other,1917577,0.0016788304510458856,0.3070000566746577
resclip,coco_stuff164k,83,bridge,159,wall-brick,1852549,0.0016218987155428985,0.041809099712415164
resclip,coco_stuff164k,132,platform,34,baseball bat,1830619,0.001602699094463048,0.07290294017700026
resclip,coco_stuff164k,156,towel,111,furniture-other,1790163,0.0015672800397249528,0.02447875193032937
resclip,coco_stuff164k,150,stone,111,furniture-other,1773212,0.001552439511821417,0.6124132690946139
resclip,coco_stuff164k,44,spoon,140,rug,1744283,0.0015271122962163557,0.174193574158821
resclip,coco_stuff164k,58,potted plant,80,banner,1709317,0.0014964997129661027,0.12977854653573384
resclip,coco_stuff164k,132,platform,37,surfboard,1702112,0.001490191766323133,0.06778525149720081
resclip,coco_stuff164k,107,flower,144,shelf,1690144,0.0014797138335787806,0.22467171811498676
resclip,coco_stuff164k,127,paper,159,wall-brick,1676268,0.0014675654550058666,0.05006164272877268
resclip,coco_stuff164k,159,wall-brick,60,dining table,1647916,0.0014427434004296734,0.02760739367039089
resclip,coco_stuff164k,143,sea,95,counter,1637708,0.0014338063401477257,0.36808953317790505
resclip,context459,359,sky,103,cup,60280419,0.06598860850554192,0.7903080146390563
resclip,context459,419,tree,163,forceps,34352836,0.037605840892696626,0.6280665950857837
resclip,context459,439,wall,183,glove,18901553,0.020691415251505654,0.3299788645825983
resclip,context459,444,water,188,ground,16059663,0.017580415531583096,0.6136471415918853
resclip,context459,323,road,67,ceiling,10666039,0.011676048102383658,0.48528752907972283
resclip,context459,367,sofa,111,dock,9173430,0.010042098096945765,0.4846136693318905
resclip,context459,188,ground,97,cow,8822242,0.009657654726639327,0.15897526153659414
resclip,context459,283,person,27,bird nest,8327206,0.009115741824538406,0.1099131456843236
resclip,context459,415,train,159,fly,7707344,0.008437182658493754,0.6601054185923878
resclip,context459,157,floor,73,chicken,7232177,0.007917020229998477,0.26056113233522704
resclip,context459,43,building,89,controller,7096600,0.007768604911661758,0.12866960674342892
resclip,context459,283,person,79,cloth,7076242,0.007746319132726548,0.09340131826251559
resclip,context459,43,building,183,glove,6689721,0.007323196941950625,0.12129241753702592
resclip,context459,188,ground,67,ceiling,6684943,0.0073179664943746146,0.12046150647218974
resclip,context459,257,motorbike,1,aeroplane,5753907,0.006298767040758246,0.5658251430442651
resclip,context459,396,table,140,fan,5548630,0.006074051555814584,0.3863197350487287
resclip,context459,419,tree,186,grass,4975112,0.005446224885053033,0.09095905950851986
resclip,context459,188,ground,85,concrete,4839814,0.005298114986321526,0.0872126038300094
resclip,context459,346,sheep,90,cooker,4701377,0.005146568843357893,0.8056564854087792
resclip,context459,188,ground,77,clock,4640319,0.005079729021655071,0.08361773873786583
resclip,context459,439,wall,114,door,4240810,0.00464238894617483,0.07403506308241067
resclip,context459,419,tree,228,leaves,4214870,0.004613992585747512,0.07705969456580578
resclip,context459,439,wall,78,closet,4195669,0.004592973367684099,0.07324700212646049
resclip,context459,283,person,126,earrings,4115106,0.004504781540964514,0.054316447231452444
resclip,context459,365,snow,109,disc case,3943936,0.004317402781737681,0.772456995638015
resclip,context459,283,person,28,blackboard,3833541,0.004196554045832755,0.05059999121191761
resclip,context459,188,ground,157,floor,3596509,0.003937076555285027,0.06480846466167156
resclip,context459,283,person,7,baby carriage,3579200,0.0039181284981286485,0.047242872463264515
resclip,context459,43,building,38,brick,3475731,0.003804861612351694,0.06301904305103077
resclip,context459,188,ground,186,grass,3468912,0.0037973968944737496,0.06250918898477618
resclip,context459,359,sky,163,forceps,3442017,0.0037679551013475848,0.0451266541731218
resclip,context459,258,mountain,2,air conditioner,3332885,0.0036484889638705577,0.5664226076529003
resclip,context459,43,building,114,door,3259193,0.0035678187791130427,0.059092957417768564
resclip,context459,419,tree,201,heater,3251392,0.003559279071800263,0.05944460313929122
resclip,context459,43,building,85,concrete,3114380,0.003409292867680459,0.0564673294041654
resclip,context459,323,road,115,drainer,3077195,0.003368586674060959,0.140007397127132
resclip,context459,323,road,97,cow,2927990,0.003205252866907605,0.13321881086972753
resclip,context459,307,pottedplant,36,box,2803630,0.003069116730333153,0.3953159871429208
resclip,context459,367,sofa,73,chicken,2553499,0.002795299844055377,0.13489616425102857
resclip,context459,283,person,105,cushion,2537319,0.0027775876963408814,0.033490790655905746
resclip,context459,329,rug,73,chicken,2412056,0.0026404630511517083,0.8219346502156336
resclip,context459,71,chair,126,earrings,2387835,0.0026139484695823145,0.16183892904566993
resclip,context459,414,track,59,card,2371271,0.0025958159594004298,0.7714112088756478
resclip,context459,453,window,197,hard disk drive,2360652,0.0025841914046056073,0.30338476169668616
resclip,context459,283,person,183,glove,2347469,0.002569760054585818,0.03098490684467677
resclip,context459,444,water,111,dock,2335378,0.002556524110332668,0.08923587214978135
resclip,context459,283,person,155,flame,2287217,0.0025038025561869444,0.030189623666408826
resclip,context459,283,person,185,grandstand,2222766,0.0024332484379949214,0.029338916700290738
resclip,context459,439,wall,67,ceiling,2220682,0.002430967095854192,0.03876814381119972
resclip,context459,58,car,167,fox,2006362,0.002196352293742286,0.09527463704942005
resclip,context59,36,people,17,cloth,13865373,0.016556711427052298,0.18301297728391577
resclip,context59,10,building,55,wall,12751570,0.015226713679600056,0.23120078590611082
resclip,context59,29,ground,44,sidewalk,12625397,0.01507604986760701,0.2275074510627039
resclip,context59,29,ground,40,road,9678076,0.011556639082199996,0.17439724089081152
resclip,context59,55,wall,23,door,7264557,0.008674643941736927,0.1268229266957888
resclip,context59,52,tree,28,grass,7151796,0.0085399954661982,0.13075497354768986
resclip,context59,29,ground,25,floor,6751966,0.008062556458255295,0.12166924923802717
resclip,context59,10,building,23,door,5590677,0.006675855440085057,0.10136547234161895
resclip,context59,52,tree,58,wood,4642399,0.00554351192515601,0.08487612879937037
resclip,context59,29,ground,28,grass,4405147,0.005260208122258604,0.07937998033063966
resclip,context59,55,wall,12,cabinet,4402719,0.005257308835283426,0.07686163230588686
resclip,context59,46,sky,52,tree,3870585,0.004621884957503647,0.05074540617976978
resclip,context59,40,road,44,sidewalk,3381492,0.004037856553652464,0.15385241862352558
resclip,context59,55,wall,21,curtain,3171593,0.0037872151052163604,0.05536892429199424
resclip,context59,55,wall,15,ceiling,2888840,0.003449578330054717,0.0504326889521085
resclip,context59,3,bedclothes,2,bed,2883098,0.0034427217790615246,0.39197696781928176
resclip,context59,36,people,49,table,2842482,0.003394222009793063,0.037518723347431004
resclip,context59,10,building,57,window,2789733,0.0033312341643838136,0.05058110194024832
resclip,context59,56,water,7,boat,2741242,0.0032733308181262556,0.10474412306856146
resclip,context59,10,building,44,sidewalk,2601287,0.0031062098508235292,0.04716435691976355
resclip,context59,36,people,16,chair,2540833,0.0030340214262776465,0.03353717293514019
resclip,context59,55,wall,58,wood,2475176,0.0029556200733413807,0.04321104017866137
resclip,context59,10,building,58,wood,2371596,0.0028319346759406706,0.04299979210809248
resclip,context59,16,chair,49,table,2289176,0.0027335165406465354,0.15515217434917006
resclip,context59,10,building,24,fence,2126360,0.002539097138607589,0.038553378377667834
resclip,context59,36,people,25,floor,2115371,0.002525975118603376,0.027921379740022442
resclip,context59,13,car,53,truck,2107883,0.002517033660254887,0.1000954901297187
resclip,context59,16,chair,48,sofa,1917997,0.0022902898354737393,0.12999498725532033
resclip,context59,10,building,15,ceiling,1814203,0.0021663488995999286,0.03289360913152059
resclip,context59,54,tvmonitor,18,computer,1798063,0.0021470760446660854,0.2206325970172696
resclip,context59,55,wall,25,floor,1758126,0.0020993870727024615,0.03069295000644366
resclip,context59,50,track,51,train,1726259,0.0020613345282057592,0.5615788081676312
resclip,context59,36,people,28,grass,1713637,0.0020462625347128865,0.0226187791236397
resclip,context59,36,people,5,bicycle,1627502,0.0019434082992899268,0.021481858912524566
resclip,context59,52,tree,39,pottedplant,1570574,0.0018754302890251302,0.02871451616135156
resclip,context59,36,people,48,sofa,1554861,0.0018566673169324738,0.02052304982149752
resclip,context59,10,building,52,tree,1530959,0.0018281258188761716,0.02775806618244134
resclip,context59,36,people,44,sidewalk,1468569,0.0017536256070222393,0.019384057323006233
resclip,context59,46,sky,0,aeroplane,1435620,0.0017142810408998605,0.01882173367069864
resclip,context59,36,people,1,bag,1432655,0.0017107405195319022,0.018910018285890205
resclip,context59,29,ground,41,rock,1428636,0.0017059414114786733,0.025743771451813915
resclip,context59,54,tvmonitor,12,cabinet,1419230,0.0016947096597123954,0.17414762478557178
resclip,context59,36,people,55,wall,1318901,0.001574906297713787,0.01740854708724632
resclip,context59,36,people,2,bed,1301397,0.0015540046835401818,0.01717750684372906
resclip,context59,29,ground,30,horse,1297500,0.0015493512562987203,0.023380723612402707
resclip,context59,55,wall,49,table,1288789,0.0015389494075175117,0.02249937509931286
resclip,context59,29,ground,58,wood,1278316,0.0015264435457007747,0.02303503127962403
resclip,context59,55,wall,57,window,1235929,0.0014758290164516542,0.021576557657707073
resclip,context59,36,people,58,wood,1234168,0.00147372619752114,0.01629013227040742
resclip,context59,55,wall,48,sofa,1229992,0.0014687396149806362,0.021472910908732167
resclip,voc20,14,person,8,chair,811184,0.012414689603911096,0.06240057884755581
resclip,voc20,8,chair,17,sofa,609922,0.00933449416235609,0.28848927226606086
resclip,voc20,14,person,10,diningtable,416892,0.006380284594313626,0.032069545401432024
resclip,voc20,14,person,17,sofa,403001,0.006167691084964417,0.031000975951379513
resclip,voc20,14,person,1,bicycle,362204,0.005543317216926141,0.027862654170817108
resclip,voc20,14,person,13,motorbike,356903,0.0054621885585818776,0.02745487311439724
resclip,voc20,8,chair,10,diningtable,351080,0.005373071000095056,0.1660586332468228
resclip,voc20,13,motorbike,6,car,244780,0.00374621259941685,0.09460315988003587
resclip,voc20,14,person,4,bottle,194850,0.002982063587696598,0.014988896216451816
resclip,voc20,19,tvmonitor,14,person,168332,0.0025762213386920385,0.09500867501921824
resclip,voc20,13,motorbike,1,bicycle,157994,0.002418004385294002,0.061061899019880655
resclip,voc20,14,person,12,horse,145118,0.0022209448484442128,0.011163246811080598
resclip,voc20,19,tvmonitor,10,diningtable,130851,0.0020025968822873367,0.07385393231791773
resclip,voc20,14,person,3,boat,125696,0.0019237026672779655,0.009669203483824107
resclip,voc20,5,bus,6,car,121477,0.0018591333766621485,0.028114781871303885
resclip,voc20,17,sofa,8,chair,120688,0.0018470582000098897,0.034688085168147594
resclip,voc20,14,person,6,car,112185,0.0017169248323620366,0.008629865650719255
resclip,voc20,7,cat,11,dog,109710,0.0016790464265136966,0.01917688160587287
resclip,voc20,9,cow,12,horse,107837,0.0016503812733201849,0.036347377887074615
resclip,voc20,14,person,16,sheep,99253,0.0015190082487536588,0.007635067570805707
resclip,voc20,14,person,9,cow,89117,0.001363882785449103,0.006855352651380736
resclip,voc20,19,tvmonitor,4,bottle,80268,0.001228454093185684,0.04530425781457245
resclip,voc20,11,dog,7,cat,70656,0.0010813481388364937,0.014034672330644295
resclip,voc20,11,dog,16,sheep,68546,0.0010490558413253836,0.013615554936259395
resclip,voc20,4,bottle,10,diningtable,64713,0.0009903940515812674,0.03367352195389996
resclip,voc20,2,bird,16,sheep,64382,0.0009853282930617519,0.029918885070531184
resclip,voc20,18,train,5,bus,62744,0.0009602596753730323,0.016010186259012172
resclip,voc20,13,motorbike,8,chair,60742,0.000929620253753486,0.023475713446495378
resclip,voc20,10,diningtable,8,chair,59198,0.0009059902502666831,0.02066428135090322
resclip,voc20,10,diningtable,4,bottle,56779,0.0008689688911769316,0.019819879570643163
resclip,voc20,14,person,11,dog,55638,0.0008515065634706868,0.00427997027298407
resclip,voc20,11,dog,17,sofa,52742,0.0008071850025265279,0.010476345788932877
resclip,voc20,14,person,15,pottedplant,50612,0.0007745866168873503,0.003893343676197379
resclip,voc20,10,diningtable,14,person,46222,0.000707400272776557,0.0161347412514181
resclip,voc20,10,diningtable,15,pottedplant,45834,0.0007014621630920497,0.015999301858800944
resclip,voc20,19,tvmonitor,8,chair,45695,0.0006993348506019812,0.02579082649171386
resclip,voc20,7,cat,16,sheep,45204,0.0006918203870579267,0.007901483512094406
resclip,voc20,17,sofa,10,diningtable,40518,0.000620103938651736,0.011645663486369848
resclip,voc20,5,bus,3,boat,39847,0.0006098346819550748,0.009222237240184117
resclip,voc20,18,train,3,boat,39808,0.0006092378101053435,0.01015768032957345
resclip,voc20,0,aeroplane,3,boat,38687,0.0005920815705271659,0.020109542871370553
resclip,voc20,19,tvmonitor,17,sofa,36635,0.0005606769285874512,0.020677249776210466
resclip,voc20,9,cow,16,sheep,34217,0.0005236708739041031,0.01153313082858418
resclip,voc20,6,car,3,boat,32026,0.0004901389194743199,0.008912316673595932
resclip,voc20,5,bus,14,person,26340,0.0004031180646647595,0.006096161038634015
resclip,voc20,4,bottle,14,person,24750,0.00037878405848340156,0.01287870548976286
resclip,voc20,8,chair,6,car,23969,0.0003668313170823698,0.011337186340130727
resclip,voc20,4,bottle,15,pottedplant,23154,0.00035435822586362347,0.012048224117574516
resclip,voc20,2,bird,11,dog,22414,0.00034303296512512983,0.010415984125545742
resclip,voc20,12,horse,16,sheep,21897,0.00033512058701458766,0.008288237001866434
scclip,ade20k,3,floor,28,rug,7046978,0.015726279560836547,0.22690201440804922
scclip,ade20k,1,building,25,house,6810668,0.015198922000897907,0.13253007359231644
scclip,ade20k,1,building,0,wall,5865309,0.013089226196632182,0.11413415444882588
scclip,ade20k,0,wall,79,hovel,4185569,0.009340660381680072,0.05326249786040482
scclip,ade20k,0,wall,10,cabinet,3880397,0.008659628003525974,0.04937910160124497
scclip,ade20k,0,wall,25,house,3822020,0.008529351873541893,0.048636238483327945
scclip,ade20k,0,wall,5,ceiling,3768951,0.008410921259736368,0.047960921101401176
scclip,ade20k,6,road,11,sidewalk,3695984,0.008248085581703094,0.1887975546115637
scclip,ade20k,0,wall,14,door,3496026,0.007801852400838083,0.04448787664112565
scclip,ade20k,0,wall,145,shower,2814333,0.006280562751194598,0.03581314879553215
scclip,ade20k,2,sky,4,tree,2397418,0.005350160833790262,0.06025534260110212
scclip,ade20k,0,wall,18,curtain,2266011,0.005056908432796411,0.028835603006223003
scclip,ade20k,17,plant,9,grass,2259598,0.00504259696044278,0.3580623605229718
scclip,ade20k,1,building,11,sidewalk,2180369,0.004865786786872561,0.04242821174492802
scclip,ade20k,13,earth,9,grass,2076867,0.00463480814792893,0.26723516643692236
scclip,ade20k,1,building,86,awning,1942320,0.004334548414455678,0.037795971340818274
scclip,ade20k,10,cabinet,73,kitchenisland,1905379,0.004252109602633523,0.20761855385447536
scclip,ade20k,12,people,92,apparel,1695773,0.00378434561165346,0.19891632396123568
scclip,ade20k,1,building,4,tree,1673620,0.003734908211520919,0.032567287344732215
scclip,ade20k,16,mountain,68,hill,1592607,0.003554116801917817,0.28732922650034864
scclip,ade20k,21,water,128,lake,1530989,0.003416607944365029,0.38428911399763704
scclip,ade20k,0,wall,73,kitchenisland,1522344,0.0033973154637012,0.019372239244604527
scclip,ade20k,0,wall,99,buffet,1452467,0.0032413755364199487,0.018483035515555617
scclip,ade20k,0,wall,50,refrigerator,1383616,0.003087725266184515,0.01760688791407378
scclip,ade20k,1,building,14,door,1325858,0.0029588305179853868,0.025800120973884136
scclip,ade20k,1,building,48,skyscraper,1310550,0.0029246686563310312,0.025502239713697736
scclip,ade20k,16,mountain,34,rock,1233043,0.0027517013574517445,0.22245870540043425
scclip,ade20k,1,building,84,tower,1227446,0.002739210898888939,0.023885103298324696
scclip,ade20k,3,floor,110,stool,1218768,0.002719844774285039,0.039242482990023426
scclip,ade20k,0,wall,58,screendoor,1215279,0.0027120586013485324,0.01546475404832531
scclip,ade20k,19,chair,15,table,1202354,0.0026832147248210605,0.24673019706132765
scclip,ade20k,8,windowpane,58,screendoor,1184039,0.002642342338082132,0.13283300468344322
scclip,ade20k,0,wall,35,wardrobe,1143827,0.002552603849654843,0.0145555080181866
scclip,ade20k,4,tree,68,hill,1123030,0.002506192545968821,0.05311760813495958
scclip,ade20k,30,armchair,23,sofa,1097706,0.0024496786326859035,0.6285345211122201
scclip,ade20k,5,ceiling,0,wall,1097110,0.002448348578495546,0.05110816501278997
scclip,ade20k,5,ceiling,86,awning,1087586,0.0024270944910643934,0.050664495587133644
scclip,ade20k,0,wall,3,floor,1076593,0.002402562132482846,0.013699937179156959
scclip,ade20k,0,wall,42,column,1071109,0.002390323848623917,0.013630151795552851
scclip,ade20k,0,wall,65,toilet,1038204,0.002316891913835796,0.013211426768657674
scclip,ade20k,0,wall,7,bed,1011208,0.0022566467075893245,0.012867895365343216
scclip,ade20k,13,earth,68,hill,990721,0.0022109272106130523,0.12747830810906724
scclip,ade20k,7,bed,131,blanket,971636,0.002168336465272487,0.07983259111329227
scclip,ade20k,29,field,9,grass,963424,0.0021500102823677598,0.4738801822283127
scclip,ade20k,21,water,60,river,926276,0.0020671095221942563,0.23250185557001077
scclip,ade20k,2,sky,68,hill,914721,0.0020413229849969685,0.02299007817552998
scclip,ade20k,10,cabinet,50,refrigerator,900813,0.0020102854117092254,0.09815658320644424
scclip,ade20k,5,ceiling,79,hovel,876280,0.001955536721353444,0.04082094123415846
scclip,ade20k,12,people,121,step,870731,0.0019431533812489224,0.10213785080850486
scclip,ade20k,19,chair,110,stool,839157,0.00187269175204363,0.17220001095799783
scclip,ade847,4,"road, route",8,"sidewalk, pavement",57173690,0.02563860903184627,0.42412604702188295
scclip,ade847,5,"floor, flooring",27,"rug, carpet, carpeting",35286868,0.01582382058269052,0.2955300219743436
scclip,ade847,1,"building, edifice",26,house,28888532,0.012954591131899654,0.08592907887463903
scclip,ade847,4,"road, route",163,"curb, curbing, kerb",27147709,0.012173947442631991,0.20138722030833406
scclip,ade847,1,"building, edifice",0,wall,19368102,0.008685309534279137,0.05761051355638473
scclip,ade847,0,wall,138,manhole,17698133,0.007936439165997795,0.05581533325753211
scclip,ade847,1,"building, edifice",80,"bus, autobus, coach, charabanc, double-decker, jitney, motorbus, motorcoach, omnibus, passenger vehicle",16761145,0.007516262175505638,0.04985610728624984
scclip,ade847,3,tree,240,jar,14106534,0.006325845157456978,0.1412105383239262
scclip,ade847,1,"building, edifice",143,dirt track,13634689,0.006114253960900809,0.04055644871508782
scclip,ade847,16,"plant, flora, plant life",240,jar,12833521,0.005754983234788392,0.4971681971862654
scclip,ade847,1,"building, edifice",255,pier,12645528,0.005670680839268287,0.03761418451181446
scclip,ade847,0,wall,6,ceiling,12304709,0.005517846115960682,0.038805869154218395
scclip,ade847,3,tree,195,forest,10995486,0.004930746409216183,0.11006803635770444
scclip,ade847,1,"building, edifice",90,hill,10940995,0.0049063108087720915,0.032544042816783886
scclip,ade847,2,sky,3,tree,9784642,0.00438776316089765,0.05016662671561721
scclip,ade847,1,"building, edifice",8,"sidewalk, pavement",9458120,0.004241339694119548,0.02813322392033631
scclip,ade847,0,wall,101,"hovel, hut, hutch, shack, shanty",8718228,0.003909547191068043,0.027495035845597253
scclip,ade847,1,"building, edifice",3,tree,8603313,0.003858015433070708,0.025590596343220466
scclip,ade847,0,wall,64,double door,8431763,0.003781086632788389,0.026591599339519524
scclip,ade847,7,bed,121,"eiderdown, duvet, continental quilt",7403736,0.0033200846871875044,0.13188462889870894
scclip,ade847,0,wall,183,"partition, divider",7276747,0.0032631385407634215,0.022948977659719646
scclip,ade847,1,"building, edifice",83,bench,7145213,0.003204154263198079,0.021253470804715735
scclip,ade847,0,wall,109,"doorframe, doorcase",7012912,0.0031448260369890953,0.02211691031962219
scclip,ade847,0,wall,26,house,6899783,0.0030940951815700427,0.02176013071828846
scclip,ade847,10,cabinet,69,kitchen island,6841861,0.0030681210051203053,0.18885204852740575
scclip,ade847,1,"building, edifice",202,jacket,6753012,0.003028278119802417,0.020086867023543595
scclip,ade847,1,"building, edifice",20,door,6566344,0.0029445698989274535,0.01953162215006331
scclip,ade847,8,"sidewalk, pavement",163,"curb, curbing, kerb",5977297,0.00268042137651475,0.10413717283592862
scclip,ade847,2,sky,1,"building, edifice",5791071,0.0025969113633327323,0.029691275075841923
scclip,ade847,7,bed,21,"sofa, couch, lounge",5750276,0.002578617510767782,0.10243112616726913
scclip,ade847,5,"floor, flooring",8,"sidewalk, pavement",5714643,0.0025626384729335655,0.04786054039609094
scclip,ade847,0,wall,10,cabinet,5698077,0.0025552097203513625,0.0179702608564462
scclip,ade847,0,wall,80,"bus, autobus, coach, charabanc, double-decker, jitney, motorbus, motorcoach, omnibus, passenger vehicle",5689640,0.0025514262852713164,0.01794365274096341
scclip,ade847,1,"building, edifice",59,skyscraper,5616575,0.002518661477386573,0.016706529642292856
scclip,ade847,1,"building, edifice",53,"cliff, drop, drop-off",5412078,0.0024269581321733212,0.01609825232163748
scclip,ade847,9,"earth, ground",8,"sidewalk, pavement",5212751,0.002337573189160358,0.1527842470832437
scclip,ade847,1,"building, edifice",64,double door,5146417,0.002307826788472935,0.015308042385635353
scclip,ade847,1,"building, edifice",13,"windowpane, window",5142591,0.0023061110811579827,0.01529666193003538
scclip,ade847,18,chair,76,book,5094981,0.0022847611529653784,0.22595211899308265
scclip,ade847,0,wall,19,"curtain, drape, drapery, mantle, pall",4932336,0.0022118256547321064,0.015555311827418344
scclip,ade847,9,"earth, ground",12,grass,4831876,0.002166776005787998,0.14162090931632745
scclip,ade847,0,wall,46,"wardrobe, closet, press",4816336,0.002159807346176298,0.01518947783476648
scclip,ade847,7,bed,120,arcade machine,4754459,0.0021320596144650235,0.08469238514570573
scclip,ade847,0,wall,32,lamp,4626265,0.0020745731054391324,0.014590043069099818
scclip,ade847,0,wall,20,door,4590257,0.0020584259049694982,0.014476483151794575
scclip,ade847,9,"earth, ground",127,"ashcan, trash can, garbage can, wastebin, ash bin, ash-bin, ashbin, dustbin, trash barrel, trash bin",4516962,0.0020255579573350327,0.1323908696720067
scclip,ade847,0,wall,107,"booth, cubicle, stall, kiosk",4272729,0.0019160356508392492,0.013475081979219046
scclip,ade847,9,"earth, ground",118,"land, ground, soil",4141133,0.0018570235703848506,0.12137542872785871
scclip,ade847,0,wall,21,"sofa, couch, lounge",4056313,0.0018189874244218876,0.012792561898583306
scclip,ade847,11,"person, individual, someone, somebody, mortal, soul",7,bed,4018303,0.0018019424596959713,0.1114061941997348
scclip,coco_stuff164k,159,wall-brick,160,wall-concrete,25099466,0.021974474988900507,0.42294839419339153
scclip,coco_stuff164k,136,river,127,paper,13741690,0.012030790743126735,0.4744780011367426
scclip,coco_stuff164k,144,shelf,93,clothes,13206922,0.011562603649390784,0.16803045640303385
scclip,coco_stuff164k,156,towel,84,building-other,9885848,0.00865501758563597,0.13541646676130076
scclip,coco_stuff164k,132,platform,111,furniture-other,8973482,0.007856245060048247,0.3579086177117478
scclip,coco_stuff164k,142,sand,165,wall-wood,5364686,0.004696759617527509,0.16303104888494824
scclip,coco_stuff164k,93,clothes,144,shelf,4703460,0.004117859086376339,0.1634337310631042
scclip,coco_stuff164k,159,wall-brick,95,counter,4601849,0.004028899091048264,0.07754526111712753
scclip,coco_stuff164k,132,platform,98,desk-stuff,3838782,0.0033608372005540467,0.15311037112647452
scclip,coco_stuff164k,132,platform,118,light,3754320,0.0032868910812815285,0.14974159213196941
scclip,coco_stuff164k,156,towel,114,ground-other,3413227,0.002988265620588897,0.04675442517366991
scclip,coco_stuff164k,132,platform,37,surfboard,3361002,0.002942542856754187,0.13405404724124034
scclip,coco_stuff164k,44,spoon,108,fog,3126477,0.0027372172236601647,0.3122555694558773
scclip,coco_stuff164k,156,towel,81,blanket,3020762,0.0026446641939083916,0.04137843480567377
scclip,coco_stuff164k,152,structural-other,59,bed,2739289,0.002398235787879722,0.16425573797072082
scclip,coco_stuff164k,85,bush,95,counter,2729729,0.0023898660488225684,0.27250718522045825
scclip,coco_stuff164k,163,wall-stone,60,dining table,2687617,0.002352997173176665,0.22463541900434048
scclip,coco_stuff164k,159,wall-brick,89,carpet,2631361,0.002303745286105618,0.044340780377284394
scclip,coco_stuff164k,144,shelf,156,towel,2496575,0.0021857407203569306,0.031763694575799285
scclip,coco_stuff164k,98,desk-stuff,112,grass,2383695,0.002086914763790879,0.1290761873834734
scclip,coco_stuff164k,83,bridge,158,vegetable,2293427,0.0020078855163838598,0.05194940014937259
scclip,coco_stuff164k,84,building-other,111,furniture-other,2263313,0.001981520838353827,0.21605878506412612
scclip,coco_stuff164k,83,bridge,160,wall-concrete,2242962,0.0019637036250115545,0.050806295756454005
scclip,coco_stuff164k,107,flower,144,shelf,2148567,0.0018810612067793394,0.2859979452982925
scclip,coco_stuff164k,122,moss,114,ground-other,2030358,0.001777569733535927,0.3253921726691204
scclip,coco_stuff164k,129,pillow,111,furniture-other,1983076,0.0017361745450317097,0.24044772244836
scclip,coco_stuff164k,142,sand,141,salad,1952089,0.0017090455592404957,0.05932334477484231
scclip,coco_stuff164k,83,bridge,159,wall-brick,1926058,0.0016862555302240986,0.04362796712208423
scclip,coco_stuff164k,107,flower,93,clothes,1907971,0.0016704204391857378,0.2539719662867057
scclip,coco_stuff164k,152,structural-other,105,floor-tile,1906387,0.0016690336539695735,0.11431251085328659
scclip,coco_stuff164k,144,shelf,107,flower,1888788,0.001653625804841243,0.02403087636078819
scclip,coco_stuff164k,119,mat,10,fire hydrant,1877673,0.0016438946699437265,0.1017956342343581
scclip,coco_stuff164k,159,wall-brick,99,dirt,1859351,0.001627853837411806,0.03133172314071848
scclip,coco_stuff164k,115,hill,83,bridge,1845414,0.0016156520536001382,0.21876857485695508
scclip,coco_stuff164k,161,wall-other,160,wall-concrete,1818438,0.0015920346811309158,0.29935407444087525
scclip,coco_stuff164k,58,potted plant,80,banner,1778400,0.0015569815836026417,0.13522104466468807
scclip,coco_stuff164k,129,pillow,84,building-other,1739631,0.0015230394901395903,0.2109300459743161
scclip,coco_stuff164k,127,paper,112,grass,1732778,0.0015170397179891017,0.051857614325524624
scclip,coco_stuff164k,142,sand,36,skateboard,1723316,0.0015087557775122415,0.05237100830136441
scclip,coco_stuff164k,98,desk-stuff,111,furniture-other,1710589,0.001497613343518477,0.09262775073996815
scclip,coco_stuff164k,150,stone,111,furniture-other,1705342,0.0014930196174899328,0.5896179592384286
scclip,coco_stuff164k,146,skyscraper,29,frisbee,1705168,0.0014928672812351267,0.07502266737249955
scclip,coco_stuff164k,144,shelf,114,ground-other,1702000,0.0014900937108027982,0.021654389781204403
scclip,coco_stuff164k,86,cabinet-merged,100,door-stuff,1670896,0.0014628622920126629,0.34411489828104835
scclip,coco_stuff164k,145,sky-other,83,bridge,1653820,0.0014479123271444675,0.4550235639266259
scclip,coco_stuff164k,103,floor-other,127,paper,1612982,0.001412158833042373,0.6051956608525212
scclip,coco_stuff164k,85,bush,71,sink,1559546,0.0013653758438940428,0.15568852830512653
scclip,coco_stuff164k,89,carpet,138,rock,1535556,0.0013443727016366049,0.1298023314877645
scclip,coco_stuff164k,111,furniture-other,113,gravel,1530563,0.0013400013515202486,0.02932943072184011
scclip,coco_stuff164k,127,paper,136,river,1528986,0.0013386206947741052,0.04575864092060644
scclip,context459,359,sky,103,cup,59638320,0.06528570663067605,0.7818897588553377
scclip,context459,419,tree,163,forceps,34625715,0.03790455987639154,0.6330555917555322
scclip,context459,283,person,27,bird nest,20983763,0.02297079789010882,0.27697061891159164
scclip,context459,439,wall,183,glove,20679539,0.02263776572531929,0.36101852579582006
scclip,context459,444,water,188,ground,18742956,0.02051780007900406,0.7161770066023475
scclip,context459,367,sofa,111,dock,12258800,0.01341963389384764,0.6476074979158046
scclip,context459,323,road,67,ceiling,10866156,0.01189511496667177,0.4943925290198925
scclip,context459,188,ground,97,cow,9574162,0.010480776983096886,0.17252472874171002
scclip,context459,415,train,159,fly,8238368,0.009018491405585359,0.7055856540408905
scclip,context459,157,floor,73,chicken,7428279,0.008131691898175732,0.2676263022243493
scclip,context459,283,person,79,cloth,7264909,0.007952851751567753,0.09589158732236884
scclip,context459,43,building,89,controller,7035852,0.0077021044450758394,0.12756817489290195
scclip,context459,283,person,28,blackboard,6921783,0.007577233803688648,0.09136257026357635
scclip,context459,257,motorbike,1,aeroplane,6837686,0.007485173328636367,0.672401319493306
scclip,context459,396,table,140,fan,6556597,0.007177466907813143,0.45649877823197604
scclip,context459,188,ground,67,ceiling,6249689,0.006841496584527585,0.11261830533523966
scclip,context459,43,building,183,glove,6020871,0.006591010909883866,0.10916538959824644
scclip,context459,419,tree,186,grass,5862206,0.006417321298195337,0.10717763628340472
scclip,context459,188,ground,77,clock,5520437,0.006043188849973128,0.0994773115350147
scclip,context459,346,sheep,90,cooker,5217389,0.005711444045239978,0.8940834323115174
scclip,context459,188,ground,85,concrete,4957009,0.005426407640919812,0.08932443728184411
scclip,context459,419,tree,228,leaves,4309509,0.004717593324162352,0.07878996203170942
scclip,context459,365,snow,109,disc case,4265432,0.004669342500008347,0.8354250139500868
scclip,context459,258,mountain,2,air conditioner,3618704,0.0039613732869613685,0.6149974439574065
scclip,context459,359,sky,163,forceps,3392223,0.003713445912021529,0.04447382862987305
scclip,context459,439,wall,45,cabinet,3267444,0.003576851098692295,0.057042268495462956
scclip,context459,283,person,7,baby carriage,3184969,0.0034865662171871654,0.042039306064609726
scclip,context459,43,building,85,concrete,3167189,0.0034671025591918796,0.057424817956784086
scclip,context459,323,road,97,cow,3142329,0.0034398884682040947,0.14297088881500963
scclip,context459,43,building,38,brick,3075658,0.003366904129497475,0.055765254535591856
scclip,context459,188,ground,157,floor,3025450,0.003311941736886265,0.054518081119956666
scclip,context459,307,pottedplant,36,box,3023764,0.0033100960829278814,0.42635520755136264
scclip,context459,323,road,115,drainer,2973370,0.0032549300772465295,0.1352835274969251
scclip,context459,453,window,197,hard disk drive,2814440,0.003080950371667745,0.3617043972214547
scclip,context459,283,person,105,cushion,2754614,0.0030154592128811323,0.03635892877948226
scclip,context459,71,chair,126,earrings,2754515,0.003015350838182508,0.18669118998600553
scclip,context459,439,wall,78,closet,2649713,0.0029006247254028707,0.04625806605466494
scclip,context459,414,track,59,card,2542016,0.0027827294737089274,0.8269572037701464
scclip,context459,283,person,126,earrings,2445364,0.0026769251164220674,0.032277050619763735
scclip,context459,439,wall,114,door,2431792,0.002662067930465261,0.04245365251527458
scclip,context459,329,rug,73,chicken,2420534,0.0026497438662520475,0.8248236220987607
scclip,context459,188,ground,75,clip,2257388,0.0024711489310833795,0.04067773789129443
scclip,context459,439,wall,104,curtain,2212750,0.002422283983637172,0.03862966882166478
scclip,context459,188,ground,186,grass,2187504,0.002394647340794147,0.03941844040464383
scclip,context459,43,building,114,door,2162948,0.0023677660367597123,0.03921676134578335
scclip,context459,353,sidewalk,97,cow,1971269,0.0021579361998149203,0.7283071847250009
scclip,context459,439,wall,201,heater,1881412,0.0020595702877517926,0.03284524798423047
scclip,context459,71,chair,111,dock,1760316,0.0019270072321501534,0.11930793217368767
scclip,context459,453,window,198,hat,1759238,0.0019258271520984707,0.22609262246097891
scclip,context459,444,water,77,clock,1746323,0.001911689180050714,0.06672780850047513
scclip,context59,36,people,17,cloth,13677998,0.01633296599996253,0.18053976169724717
scclip,context59,29,ground,44,sidewalk,13187629,0.015747413918112862,0.23763877360455238
scclip,context59,10,building,55,wall,12778020,0.015258297757233275,0.23168035515030716
scclip,context59,29,ground,40,road,9287938,0.011090773340057513,0.16736702220202881
scclip,context59,52,tree,28,grass,7345685,0.008771519293352343,0.13429981054614282
scclip,context59,55,wall,12,cabinet,6948233,0.008296919867133894,0.12130061673743638
scclip,context59,29,ground,25,floor,6585002,0.007863183908616251,0.11866058708987981
scclip,context59,55,wall,23,door,3932068,0.004695302116109439,0.0686451178959511
scclip,context59,55,wall,21,curtain,3707334,0.004426946119783399,0.06472176460571587
scclip,context59,46,sky,52,tree,3675829,0.004389325841301942,0.04819205253272489
scclip,context59,10,building,23,door,3660889,0.0043714859123854845,0.06637617280970391
scclip,context59,40,road,44,sidewalk,3623526,0.004326870566729154,0.16486457429005574
scclip,context59,29,ground,28,grass,2875565,0.0034337265859873834,0.051817179571868044
scclip,context59,3,bedclothes,2,bed,2693482,0.003216300362634289,0.366197370757364
scclip,context59,10,building,57,window,2681965,0.0032025478551824258,0.048627142835955296
scclip,context59,10,building,24,fence,2493862,0.002977933119642111,0.04521661680415708
scclip,context59,54,tvmonitor,18,computer,2373808,0.0028345760362327188,0.2912797960140277
scclip,context59,55,wall,58,wood,2322007,0.0027727202023772046,0.04053705181859106
scclip,context59,16,chair,48,sofa,2276582,0.002718477982094068,0.15429859800390283
scclip,context59,10,building,58,wood,2193840,0.0026196753449852675,0.039776869213144904
scclip,context59,10,building,44,sidewalk,2112629,0.0025227008826536486,0.038304419387419825
scclip,context59,28,grass,29,ground,2083077,0.002487412691265487,0.03640310048582974
scclip,context59,56,water,7,boat,2044598,0.0024414647244129875,0.07812503403119266
scclip,context59,16,chair,49,table,1906978,0.0022771319923190914,0.12924815878553314
scclip,context59,36,people,48,sofa,1899938,0.002268725493017093,0.025077818680741465
scclip,context59,50,track,51,train,1744492,0.0020831066449349266,0.5675102856627929
scclip,context59,55,wall,15,ceiling,1561631,0.0018647514078805603,0.02726258653333869
scclip,context59,10,building,38,platform,1550557,0.0018515278889501155,0.028113400702205412
scclip,context59,54,tvmonitor,12,cabinet,1539403,0.0018382088416185117,0.18889353807190062
scclip,context59,36,people,16,chair,1529877,0.0018268337972504952,0.020193278943753275
scclip,context59,46,sky,0,aeroplane,1519025,0.0018138753696332669,0.019915217111166603
scclip,context59,52,tree,39,pottedplant,1505937,0.0017982469232036423,0.027532769754546608
scclip,context59,13,car,53,truck,1503841,0.0017957440790932746,0.07141179181774619
scclip,context59,10,building,15,ceiling,1381448,0.001649593984054994,0.025047257968110984
scclip,context59,36,people,49,table,1375495,0.0016424854769037443,0.018155547289578126
scclip,context59,55,wall,57,window,1356775,0.0016201318310325211,0.02368625868964602
scclip,context59,36,people,5,bicycle,1313807,0.0015688235267699829,0.017341309941423827
scclip,context59,55,wall,25,floor,1310411,0.0015647683461407803,0.022876846887477827
scclip,context59,36,people,1,bag,1284836,0.001534229110395239,0.016958913523751378
scclip,context59,10,building,52,tree,1280703,0.0015292938743703584,0.023220634017012326
scclip,context59,52,tree,58,wood,1240949,0.001481823423624386,0.02268804278939614
scclip,context59,49,table,12,cabinet,1220334,0.0014572069487507073,0.08496495667416196
scclip,context59,36,people,25,floor,1220040,0.0014568558818764477,0.016103652805118808
scclip,context59,43,shelves,12,cabinet,1211275,0.0014463895514244566,0.4356616939615748
scclip,context59,3,bedclothes,48,sofa,1179109,0.0014079799695284223,0.16030796405409234
scclip,context59,46,sky,34,mountain,1167464,0.0013940746166347046,0.0153060673981475
scclip,context59,55,wall,48,sofa,1162700,0.001388385900345682,0.02029814300709508
scclip,context59,55,wall,36,people,1124349,0.0013425907789350365,0.019628620273401863
scclip,context59,10,building,21,curtain,1043835,0.0012464486077985162,0.018925941853144765
scclip,context59,48,sofa,2,bed,1018244,0.0012158902663727432,0.05379176176361312
scclip,voc20,8,chair,17,sofa,676894,0.010359460868002572,0.32016660730595553
scclip,voc20,8,chair,10,diningtable,333430,0.005102948227075579,0.15771029418790053
scclip,voc20,14,person,13,motorbike,219859,0.003364811487438472,0.016912721238146675
scclip,voc20,14,person,1,bicycle,216539,0.0033140008581792847,0.01665732921639343
scclip,voc20,13,motorbike,6,car,207201,0.003171088311184618,0.08007953807624525
scclip,voc20,9,cow,12,horse,164751,0.0025214162593615716,0.055530725579100215
scclip,voc20,18,train,5,bus,161290,0.0024684477087995086,0.041155854611055614
scclip,voc20,7,cat,11,dog,125535,0.001921238657847023,0.021943030101114307
scclip,voc20,14,person,10,diningtable,112904,0.0017279287005660595,0.00868517494699654
scclip,voc20,14,person,17,sofa,104191,0.0015945814075734987,0.008014924740509782
scclip,voc20,11,dog,14,person,100974,0.0015453471321738583,0.020056852976597556
scclip,voc20,13,motorbike,1,bicycle,99929,0.0015293540274823368,0.038620798936400455
scclip,voc20,11,dog,16,sheep,92526,0.0014160555068781905,0.018378794328368347
scclip,voc20,9,cow,16,sheep,91987,0.0014078064318267742,0.03100500059996414
scclip,voc20,14,person,12,horse,84615,0.0012949823478211322,0.006509034915858714
scclip,voc20,2,bird,16,sheep,82191,0.001257884466699364,0.03819488494970689
scclip,voc20,8,chair,14,person,77084,0.0011797248631973546,0.036460247479771245
scclip,voc20,7,cat,16,sheep,76123,0.0011650173286437164,0.013306004543650173
scclip,voc20,10,diningtable,19,tvmonitor,75049,0.0011485803961664971,0.02619739942403351
scclip,voc20,17,sofa,8,chair,73585,0.0011261747451919639,0.02114976424415137
scclip,voc20,12,horse,16,sheep,66802,0.0010223649565579067,0.02528523579479753
scclip,voc20,5,bus,6,car,60684,0.0009287325981820906,0.014044777390602376
scclip,voc20,11,dog,7,cat,59736,0.000914224020911696,0.011865590839325289
scclip,voc20,14,person,4,bottle,58166,0.0008901961028584055,0.004474437450993771
scclip,voc20,14,person,6,car,51658,0.0007905950259852751,0.003973807548111203
scclip,voc20,3,boat,10,diningtable,45010,0.0006888513322156729,0.03337404061682286
scclip,voc20,6,car,5,bus,43951,0.0006726439658345044,0.012230850874952065
scclip,voc20,4,bottle,10,diningtable,43210,0.0006613034006896074,0.022484398554046593
scclip,voc20,13,motorbike,17,sofa,43042,0.0006587322604138413,0.016634975110533964
scclip,voc20,7,cat,14,person,39148,0.0005991369018791194,0.006842918249081315
scclip,voc20,10,diningtable,8,chair,39019,0.0005971626334530847,0.013620385723012478
scclip,voc20,19,tvmonitor,14,person,37971,0.0005811236155423532,0.021431304797392865
scclip,voc20,10,diningtable,4,bottle,37678,0.0005766394244661659,0.013152282049044419
scclip,voc20,11,dog,17,sofa,35844,0.0005485711431223857,0.007119831224802056
scclip,voc20,14,person,8,chair,32476,0.0004970259023558363,0.002498226294716393
scclip,voc20,10,diningtable,15,pottedplant,31046,0.0004751406011990176,0.010837245832969718
scclip,voc20,15,pottedplant,10,diningtable,30682,0.000469569797268191,0.02485253879513544
scclip,voc20,18,train,19,tvmonitor,28517,0.00043643575740489547,0.007276591890033312
scclip,voc20,10,diningtable,14,person,25856,0.0003957107319655285,0.009025569421415481
scclip,voc20,5,bus,19,tvmonitor,24618,0.0003767638768381568,0.005697619303306462
scclip,voc20,15,pottedplant,8,chair,24096,0.00036877497669559776,0.01951785329533875
scclip,voc20,13,motorbike,8,chair,23179,0.0003547408360237077,0.008958275360974554
scclip,voc20,17,sofa,14,person,21911,0.00033533484870423483,0.006297648764742824
scclip,voc20,17,sofa,10,diningtable,21740,0.0003327177952092586,0.006248500029460499
scclip,voc20,7,cat,17,sofa,21445,0.0003282029953202645,0.0037485026527932157
scclip,voc20,4,bottle,19,tvmonitor,20331,0.0003111538865869106,0.010579271164136109
scclip,voc20,4,bottle,15,pottedplant,20242,0.0003097917944170107,0.01053295985954666
scclip,voc20,19,tvmonitor,4,bottle,19492,0.00029831348961448337,0.011001527300065359
scclip,voc20,4,bottle,14,person,18891,0.00028911554136605816,0.009829964662913544
scclip,voc20,5,bus,3,boat,18511,0.00028329986693277767,0.004284207934174422
sclip,ade20k,1,building,25,house,11270075,0.025150688723818204,0.21930651576922056
sclip,ade20k,0,wall,25,house,9280179,0.02070996806412686,0.11809278837158671
sclip,ade20k,0,wall,35,wardrobe,6273433,0.01400000981472874,0.07983113209694859
sclip,ade20k,2,sky,94,land,6154267,0.013734074852231817,0.15467785198228134
sclip,ade20k,0,wall,79,hovel,6076238,0.013559942640118693,0.07732177237415283
sclip,ade20k,1,building,11,sidewalk,5355352,0.011951188537651902,0.10421080497137125
sclip,ade20k,3,floor,28,rug,5337757,0.01191192292778723,0.17186768792532992
sclip,ade20k,0,wall,5,ceiling,5086356,0.01135088777089106,0.06472525612820079
sclip,ade20k,1,building,79,hovel,4211177,0.009397808079174503,0.08194608777292776
sclip,ade20k,6,road,11,sidewalk,3258247,0.007271216569749047,0.16643715609171025
sclip,ade20k,4,tree,94,land,3110776,0.00694211519138287,0.1471349657298888
sclip,ade20k,10,cabinet,73,kitchenisland,3028498,0.006758500764077079,0.3299985856415815
sclip,ade20k,1,building,0,wall,2987642,0.006667325103001148,0.0581370893614981
sclip,ade20k,8,windowpane,25,house,2878737,0.006424288942596943,0.32295497479677726
sclip,ade20k,0,wall,7,bed,2488843,0.005554188022302768,0.03167120048967859
sclip,ade20k,0,wall,65,toilet,2485345,0.005546381764655333,0.031626687493353435
sclip,ade20k,0,wall,145,shower,2441338,0.005448174223119978,0.03106668651299859
sclip,ade20k,0,wall,3,floor,2303736,0.005141096846103869,0.029315663837088238
sclip,ade20k,0,wall,14,door,2195916,0.004900482009183788,0.027943625168197855
sclip,ade20k,5,ceiling,25,house,2175172,0.004854188982128787,0.10132899117426729
sclip,ade20k,2,sky,4,tree,2046953,0.004568051032072621,0.05144695430807385
sclip,ade20k,13,earth,94,land,1908131,0.004258251060908463,0.2455235243125588
sclip,ade20k,16,mountain,34,rock,1815322,0.004051135290182107,0.32751021822023
sclip,ade20k,17,plant,9,grass,1806173,0.004030718065706297,0.28621133842960456
sclip,ade20k,0,wall,50,refrigerator,1793045,0.004001421167365666,0.022816982703214205
sclip,ade20k,0,wall,73,kitchenisland,1590794,0.003550070848483054,0.020243284012602548
sclip,ade20k,1,building,8,windowpane,1584050,0.0035350207050941743,0.03082432781540796
sclip,ade20k,13,earth,9,grass,1570653,0.0035051234970602443,0.20209946803028378
sclip,ade20k,21,water,128,lake,1383859,0.003088267553379577,0.34735843889646234
sclip,ade20k,1,building,94,land,1331487,0.0029713923888537146,0.02590965674691714
sclip,ade20k,5,ceiling,79,hovel,1300865,0.0029030552757377186,0.06059996087845614
sclip,ade20k,1,building,4,tree,1246925,0.002782680908241251,0.02426414883446076
sclip,ade20k,1,building,86,awning,1222782,0.0027288025553590255,0.023794345642359882
sclip,ade20k,21,water,60,river,1104762,0.0024654250460536286,0.2773031094006929
sclip,ade20k,0,wall,18,curtain,1056104,0.0023568381722374786,0.01343920911120208
sclip,ade20k,10,cabinet,50,refrigerator,1006899,0.002247030594323802,0.10971618468426356
sclip,ade20k,0,wall,33,desk,991222,0.0022120452595213898,0.012613568108466542
sclip,ade20k,1,building,48,skyscraper,987610,0.0022039845955355306,0.019218089324058617
sclip,ade20k,0,wall,10,cabinet,940206,0.0020981961914420463,0.011964375706944452
sclip,ade20k,16,mountain,94,land,929498,0.002074299848706559,0.16769481822798787
sclip,ade20k,1,building,14,door,917388,0.0020472747543353645,0.01785162617715443
sclip,ade20k,11,sidewalk,6,road,901509,0.002011838629354341,0.11685635056399639
sclip,ade20k,57,pillow,7,bed,900636,0.002009890412394304,0.9435574865035604
sclip,ade20k,19,chair,15,table,867127,0.001935110570339444,0.17793962143195585
sclip,ade20k,0,wall,34,rock,852074,0.0019015177754947213,0.010842872164311849
sclip,ade20k,2,sky,25,house,844701,0.0018850639339754137,0.021230235257470146
sclip,ade20k,0,wall,36,lamp,841128,0.0018770903037369103,0.010703581353055365
sclip,ade20k,2,sky,106,canopy,840441,0.0018755571708027228,0.021123166836577046
sclip,ade20k,3,floor,7,bed,839294,0.0018729974859766484,0.027023995148074714
sclip,ade20k,15,table,7,bed,816420,0.0018219510773353025,0.15688723669810803
sclip,ade847,4,"road, route",163,"curb, curbing, kerb",59876196,0.02685050378169045,0.444173785532952
sclip,ade847,5,"floor, flooring",27,"rug, carpet, carpeting",36881469,0.016538893400288808,0.3088849184352681
sclip,ade847,4,"road, route",8,"sidewalk, pavement",29620409,0.013282789438890169,0.21973021122725164
sclip,ade847,1,"building, edifice",26,house,28667593,0.01285551463988231,0.08527189474505142
sclip,ade847,0,wall,137,"basket, handbasket",24097801,0.010806265930469662,0.07599823063758705
sclip,ade847,1,"building, edifice",163,"curb, curbing, kerb",20838460,0.009344667604378293,0.06198410057548132
sclip,ade847,1,"building, edifice",80,"bus, autobus, coach, charabanc, double-decker, jitney, motorbus, motorcoach, omnibus, passenger vehicle",18930388,0.008489023828148127,0.05630853113545265
sclip,ade847,3,tree,240,jar,17156971,0.007693763891043669,0.17174630642211547
sclip,ade847,8,"sidewalk, pavement",163,"curb, curbing, kerb",17083937,0.0076610129846034535,0.29763836397741583
sclip,ade847,0,wall,46,"wardrobe, closet, press",16001962,0.0071758189380545625,0.05046604869589154
sclip,ade847,1,"building, edifice",20,door,15813674,0.007091384254594596,0.047037850190651036
sclip,ade847,0,wall,138,manhole,15245392,0.006836547457847077,0.04808002262847239
sclip,ade847,1,"building, edifice",90,hill,13614958,0.006105405915675682,0.040497758759666214
sclip,ade847,16,"plant, flora, plant life",240,jar,12486133,0.005599202750541966,0.4837104512033709
sclip,ade847,3,tree,195,forest,12211119,0.005475877206497421,0.12223687884830699
sclip,ade847,1,"building, edifice",11,"person, individual, someone, somebody, mortal, soul",11978642,0.005371626686513553,0.035630528862770315
sclip,ade847,0,wall,26,house,10635541,0.004769334943068591,0.03354174506933281
sclip,ade847,0,wall,58,"toilet, can, commode, crapper, pot, potty, stool, throne",10212168,0.004579480224549639,0.032206536147169035
sclip,ade847,1,"building, edifice",53,"cliff, drop, drop-off",10178775,0.0045645056781909825,0.030276815721276662
sclip,ade847,0,wall,6,ceiling,9685954,0.0043435081364601,0.03054699331433017
sclip,ade847,7,bed,121,"eiderdown, duvet, continental quilt",9045101,0.0040561280580728954,0.1611226803246822
sclip,ade847,0,wall,27,"rug, carpet, carpeting",8628859,0.0038694711202290418,0.027213189137930836
sclip,ade847,1,"building, edifice",3,tree,8542376,0.0038306892290322137,0.025409338940477262
sclip,ade847,2,sky,249,"hat, chapeau, lid",8346933,0.0037430460024884815,0.04279537994658025
sclip,ade847,0,wall,32,lamp,8234279,0.003692528153074291,0.02596878588947762
sclip,ade847,2,sky,3,tree,7746036,0.0034735835407965856,0.03971453391322163
sclip,ade847,1,"building, edifice",143,dirt track,7401304,0.0033189940964426104,0.022015214729193627
sclip,ade847,0,wall,3,tree,7242428,0.003247748744803708,0.022840744411497065
sclip,ade847,1,"building, edifice",8,"sidewalk, pavement",6924620,0.0031052329292390137,0.02059731585381019
sclip,ade847,1,"building, edifice",202,jacket,6639090,0.002977191656463668,0.019748005480715574
sclip,ade847,1,"building, edifice",115,"traffic light, traffic signal, stoplight",6484547,0.0029078893680228026,0.019288316575909913
sclip,ade847,0,wall,101,"hovel, hut, hutch, shack, shanty",6301619,0.0028258582891650696,0.01987367619776596
sclip,ade847,6,ceiling,137,"basket, handbasket",6293637,0.0028222788914159967,0.08332289199591787
sclip,ade847,1,"building, edifice",101,"hovel, hut, hutch, shack, shanty",6121574,0.002745120044648426,0.018208651622828725
sclip,ade847,1,"building, edifice",22,sea,5843022,0.002620207942192929,0.017380097344657428
sclip,ade847,0,wall,109,"doorframe, doorcase",5841456,0.0026195056950274256,0.018422441132587855
sclip,ade847,5,"floor, flooring",235,patio,5828800,0.0026138303181905092,0.048816613366877835
sclip,ade847,9,"earth, ground",118,"land, ground, soil",5587544,0.0025056429988030934,0.16376932316247136
sclip,ade847,1,"building, edifice",13,"windowpane, window",5525640,0.0024778831593820693,0.016436043042715374
sclip,ade847,10,cabinet,32,lamp,5509221,0.00247052032655295,0.15206793468037466
sclip,ade847,10,cabinet,68,"chest of drawers, chest, bureau, dresser",5486598,0.002460375411083484,0.15144348471071942
sclip,ade847,0,wall,68,"chest of drawers, chest, bureau, dresser",5387569,0.0024159674707561287,0.016990998947908745
sclip,ade847,0,wall,50,"bridge, span",5377960,0.002411658471386191,0.016960694647603643
sclip,ade847,6,ceiling,224,carport,5370007,0.002408092078214257,0.07109474430735725
sclip,ade847,2,sky,118,"land, ground, soil",5244327,0.002351732931496205,0.026888075719442024
sclip,ade847,0,wall,183,"partition, divider",5192630,0.0023285502547943974,0.01637621176951597
sclip,ade847,1,"building, edifice",169,central reservation,5191643,0.0023281076507379785,0.01544256734250005
sclip,ade847,9,"earth, ground",12,grass,5133414,0.002301995805144046,0.1504589022104801
sclip,ade847,0,wall,80,"bus, autobus, coach, charabanc, double-decker, jitney, motorbus, motorcoach, omnibus, passenger vehicle",5094220,0.0022844198949239047,0.016065852086611918
sclip,ade847,1,"building, edifice",0,wall,4788597,0.0021473682439260428,0.014243705056105303
sclip,coco_stuff164k,159,wall-brick,160,wall-concrete,22346925,0.019564637131775454,0.37438130003107206
sclip,coco_stuff164k,144,shelf,93,clothes,11491065,0.0100603781944337,0.14600660905196214
sclip,coco_stuff164k,136,river,127,paper,10316184,0.009031774910625413,0.3559088053428149
sclip,coco_stuff164k,156,towel,84,building-other,9882507,0.008652092554444553,0.13515794307385337
sclip,coco_stuff164k,156,towel,169,window-other,8905997,0.007797162231567913,0.12180272025528634
sclip,coco_stuff164k,132,platform,111,furniture-other,8616204,0.007543449701171512,0.3432166035466071
sclip,coco_stuff164k,142,sand,165,wall-wood,7820374,0.006846703944492199,0.23705817477996854
sclip,coco_stuff164k,93,clothes,144,shelf,7196074,0.006300131968197142,0.2496645384105428
sclip,coco_stuff164k,159,wall-brick,95,counter,5665920,0.0049604886944252585,0.09492198570819259
sclip,coco_stuff164k,156,towel,113,gravel,5483852,0.004801088940172354,0.0749998109226168
sclip,coco_stuff164k,98,desk-stuff,113,gravel,5210917,0.004562135516577782,0.2821555053011263
sclip,coco_stuff164k,44,spoon,108,fog,5021458,0.004396264973478494,0.5015599779457593
sclip,coco_stuff164k,111,furniture-other,113,gravel,4917409,0.004305170519591702,0.09413145780310628
sclip,coco_stuff164k,159,wall-brick,89,carpet,4428529,0.0038771581733300854,0.07419179346801869
sclip,coco_stuff164k,132,platform,37,surfboard,4317322,0.0037797969210990353,0.17197556989795562
sclip,coco_stuff164k,144,shelf,113,gravel,4277723,0.0037451281661906454,0.054353171763764856
sclip,coco_stuff164k,85,bush,95,counter,4006099,0.003507322517481421,0.39937933240100604
sclip,coco_stuff164k,146,skyscraper,29,frisbee,3619357,0.003168731552790883,0.15913382230097473
sclip,coco_stuff164k,163,wall-stone,60,dining table,3267776,0.002860923893015467,0.2726930509993492
sclip,coco_stuff164k,83,bridge,159,wall-brick,2686981,0.002352440357900478,0.06066032492762362
sclip,coco_stuff164k,132,platform,102,floor-marble,2594760,0.0022717012673576197,0.10335928840805002
sclip,coco_stuff164k,83,bridge,160,wall-concrete,2587111,0.0022650046006161798,0.058405695419442585
sclip,coco_stuff164k,156,towel,81,blanket,2574960,0.002254366452155566,0.03521639773161299
sclip,coco_stuff164k,127,paper,136,river,2526092,0.00221158272744375,0.07551986327276937
sclip,coco_stuff164k,107,flower,144,shelf,2512541,0.00219971888497895,0.33414799834983455
sclip,coco_stuff164k,132,platform,34,baseball bat,2489442,0.002179495809405605,0.09916406667788653
sclip,coco_stuff164k,152,structural-other,59,bed,2417778,0.0021167542843227778,0.145179551293949
sclip,coco_stuff164k,127,paper,159,wall-brick,2342947,0.0020512400643033393,0.07004457363205503
sclip,coco_stuff164k,52,hot dog,108,fog,2270747,0.001988029273516053,0.2558571448209127
sclip,coco_stuff164k,104,floor-stone,102,floor-marble,2162919,0.0018936263213136767,0.23469275040256252
sclip,coco_stuff164k,152,structural-other,105,floor-tile,2127357,0.0018624919426159273,0.1277407333105196
sclip,coco_stuff164k,98,desk-stuff,111,furniture-other,2126288,0.00186155603769416,0.11513210919608224
sclip,coco_stuff164k,159,wall-brick,60,dining table,2114860,0.0018515508726371361,0.03543055861975252
sclip,coco_stuff164k,84,building-other,111,furniture-other,2064630,0.0018075747227583908,0.19684707923356415
sclip,coco_stuff164k,156,towel,111,furniture-other,2027441,0.0017750159125286345,0.02772826320928448
sclip,coco_stuff164k,5,bus,134,railing,2009272,0.001759109030841457,0.18065469064532286
sclip,coco_stuff164k,129,pillow,111,furniture-other,1982340,0.0017355301801837949,0.2400835667246991
sclip,coco_stuff164k,145,sky-other,83,bridge,1977106,0.0017309478355995753,0.5433967097265544
sclip,coco_stuff164k,159,wall-brick,115,hill,1967270,0.0017223364597244541,0.03295796178275656
sclip,coco_stuff164k,83,bridge,158,vegetable,1940574,0.001698964226056069,0.043809706650734886
sclip,coco_stuff164k,100,door-stuff,113,gravel,1918500,0.001679638533592931,0.1671750612626671
sclip,coco_stuff164k,142,sand,135,railroad,1874438,0.0016410624412983405,0.05681964200410552
sclip,coco_stuff164k,156,towel,116,house,1867011,0.0016345601346061359,0.02553414497518272
sclip,coco_stuff164k,47,apple,108,fog,1783618,0.001561549920255385,0.5171722595960495
sclip,coco_stuff164k,160,wall-concrete,95,counter,1761914,0.001542548161207639,0.08164946645818004
sclip,coco_stuff164k,159,wall-brick,102,floor-marble,1758690,0.0015397255630151428,0.029463590563428576
sclip,coco_stuff164k,132,platform,113,gravel,1756001,0.0015373713550313893,0.06994828570034387
sclip,coco_stuff164k,129,pillow,84,building-other,1747780,0.0015301739047396679,0.21167572477480887
sclip,coco_stuff164k,165,wall-wood,135,railroad,1746400,0.0015289657206498278,0.34349749447845085
sclip,coco_stuff164k,152,structural-other,102,floor-marble,1735948,0.0015198150394128648,0.10423792081391599
sclip,context459,359,sky,103,cup,54068901,0.059188897482844366,0.708871744952962
sclip,context459,419,tree,163,forceps,24688997,0.0270268950424432,0.4513844004574507
sclip,context459,444,water,188,ground,18178344,0.01989972275234296,0.6946029212738772
sclip,context459,439,wall,183,glove,13696488,0.014993462214203468,0.2391100646073464
sclip,context459,283,person,27,bird nest,13499085,0.014777366349229147,0.17817823844036854
sclip,context459,323,road,67,ceiling,12248897,0.013408793139903471,0.5573050088305537
sclip,context459,188,ground,67,ceiling,8778625,0.009609907461691049,0.1581892908068815
sclip,context459,419,tree,201,heater,8727848,0.009554322188236233,0.15956964297754828
sclip,context459,367,sofa,111,dock,8084923,0.00885051609618791,0.42711005603092805
sclip,context459,415,train,159,fly,7557645,0.008273308072541207,0.6472842546404659
sclip,context459,43,building,89,controller,7489334,0.008198528435796775,0.13579033065837043
sclip,context459,188,ground,97,cow,7375517,0.008073933657278808,0.1329055294609461
sclip,context459,157,floor,73,chicken,6994306,0.00765662429124726,0.2519911074160758
sclip,context459,439,wall,78,closet,6063298,0.006637455489060805,0.1058516297399446
sclip,context459,257,motorbike,1,aeroplane,5958756,0.006523013996701797,0.5859694927404759
sclip,context459,419,tree,186,grass,5781456,0.006328924763711685,0.10570129885515929
sclip,context459,283,person,185,grandstand,5542079,0.006066880215908672,0.07315146719332156
sclip,context459,283,person,79,cloth,5399596,0.00591090494132249,0.07127079380340669
sclip,context459,43,building,85,concrete,5299253,0.005801060068756631,0.0960816164845047
sclip,context459,188,ground,85,concrete,5178817,0.005669219511145818,0.09332137874081892
sclip,context459,283,person,7,baby carriage,4457620,0.004879729536161216,0.058837386329262734
sclip,context459,346,sheep,90,cooker,4334459,0.004744905937603431,0.742779190881406
sclip,context459,359,sky,30,boat,4313978,0.004722485511315386,0.0565585217378228
sclip,context459,419,tree,228,leaves,3839809,0.004203415587357752,0.07020252314567997
sclip,context459,43,building,183,glove,3780870,0.004138895422083053,0.06855156779979542
sclip,context459,439,wall,185,grandstand,3730141,0.00408336269393666,0.06511992384504055
sclip,context459,396,table,140,fan,3623274,0.003966376038200877,0.25226808269589923
sclip,context459,365,snow,109,disc case,3621773,0.00396473290261871,0.7093583390964966
sclip,context459,43,building,38,brick,3258430,0.003566983527647891,0.05907912334089439
sclip,context459,283,person,28,blackboard,3023955,0.0033103051694676508,0.03991403676789535
sclip,context459,188,ground,77,clock,2856261,0.0031267315663258354,0.05146932486002695
sclip,context459,186,grass,188,ground,2830191,0.0030981928956882033,0.04945939462011772
sclip,context459,307,pottedplant,36,box,2746305,0.0030063634010542013,0.38723307714303923
sclip,context459,325,rock,69,cello,2702034,0.00295790020627865,0.6137821200839839
sclip,context459,359,sky,163,forceps,2597114,0.002843044919615804,0.0340495312272348
sclip,context459,439,wall,67,ceiling,2462267,0.002695428727844695,0.04298567789425559
sclip,context459,329,rug,73,chicken,2364063,0.0025879254055854676,0.8055805068343029
sclip,context459,367,sofa,73,chicken,2357023,0.002580218760349989,0.12451673634939826
sclip,context459,188,ground,186,grass,2353966,0.0025768722810197535,0.042418056600380075
sclip,context459,258,mountain,2,air conditioner,2351184,0.0025738268425190285,0.39958287560230155
sclip,context459,188,ground,157,floor,2331035,0.002551769854614247,0.042004843981377375
sclip,context459,43,building,114,door,2113515,0.0023136520319407606,0.03832048359726323
sclip,context459,439,wall,114,door,2107967,0.002307578670042119,0.03680039186396938
sclip,context459,188,ground,75,clip,2086596,0.0022841839661603834,0.037600095851055906
sclip,context459,43,building,22,bicycle,2042639,0.0022360645052774374,0.037035419334440565
sclip,context459,430,unknown,186,grass,2010722,0.0022011251592574405,0.06679079536114817
sclip,context459,439,wall,201,heater,1988149,0.002176414633277261,0.03470863741413355
sclip,context459,439,wall,30,boat,1985863,0.0021739121629635815,0.03466872896404821
sclip,context459,367,sofa,105,cushion,1974957,0.0021619734310121424,0.1043329658091578
sclip,context459,323,road,97,cow,1925032,0.002107320836781847,0.08758584350567226
sclip,context59,29,ground,44,sidewalk,11791654,0.014080473170512394,0.21248354767405228
sclip,context59,29,ground,40,road,10921267,0.013041139689266864,0.19679932579904005
sclip,context59,52,tree,58,wood,10452211,0.012481037567590987,0.19109585519775352
sclip,context59,36,people,17,cloth,10284290,0.012280522259453076,0.13574525057142003
sclip,context59,10,building,55,wall,9463961,0.011300963287022809,0.17159261337896295
sclip,context59,52,tree,28,grass,8525986,0.010180922636058036,0.15587903708354853
sclip,context59,55,wall,23,door,5064035,0.006046989587044848,0.0884067314207747
sclip,context59,29,ground,25,floor,4622468,0.005519712218112241,0.08329606683250552
sclip,context59,10,building,23,door,4599750,0.005492584540393094,0.08339881402616565
sclip,context59,46,sky,29,ground,4379695,0.005229815761429845,0.057420106190280484
sclip,context59,55,wall,25,floor,4345633,0.0051891421564263405,0.07586503835069375
sclip,context59,55,wall,15,ceiling,4016885,0.004796582521123303,0.07012583312381106
sclip,context59,10,building,44,sidewalk,3944265,0.004709866614971154,0.07151410907221356
sclip,context59,28,grass,29,ground,3886745,0.00464118169453778,0.06792335031196461
sclip,context59,55,wall,12,cabinet,3512479,0.004194268787185259,0.06132003186670536
sclip,context59,52,tree,29,ground,3161502,0.0037751653915151576,0.05780116076870321
sclip,context59,29,ground,28,grass,3154815,0.0037671804112832737,0.05684921584837167
sclip,context59,46,sky,52,tree,3002716,0.0035855582326846,0.03936718688841444
sclip,context59,10,building,29,ground,2800504,0.003344095869494868,0.05077639268993598
sclip,context59,10,building,57,window,2784812,0.003325357973607516,0.05049187849031674
sclip,context59,3,bedclothes,2,bed,2721870,0.0032501986157855863,0.37005691426315324
sclip,context59,55,wall,21,curtain,2643455,0.0031565628710744768,0.04614881536322398
sclip,context59,55,wall,58,wood,2618566,0.003126842791368875,0.04571430905781108
sclip,context59,40,road,44,sidewalk,2511935,0.0029995141795689604,0.11428898106962422
sclip,context59,56,water,7,boat,2440640,0.002914380462561009,0.09325798179294416
sclip,context59,36,people,3,bedclothes,2315732,0.0027652271934112895,0.030566001211192576
sclip,context59,10,building,58,wood,2181421,0.002604845754810336,0.03955169830790202
sclip,context59,10,building,15,ceiling,2089976,0.0024956508217604425,0.037893694166672015
sclip,context59,46,sky,0,aeroplane,2043804,0.0024405166050314835,0.026795345957223052
sclip,context59,36,people,44,sidewalk,2023285,0.0024160147642391955,0.026705910597853193
sclip,context59,36,people,5,bicycle,1783171,0.002129293432790324,0.023536578043471125
sclip,context59,50,track,51,train,1752460,0.0020926212736903705,0.5701023995596529
sclip,context59,36,people,48,sofa,1735700,0.0020726080736475443,0.02290999489676135
sclip,context59,48,sofa,2,bed,1694401,0.002023292730654187,0.08951176233204206
sclip,context59,36,people,28,grass,1688523,0.0020162737813790243,0.022287292339150867
sclip,context59,16,chair,48,sofa,1678592,0.00200441512448014,0.11376897130020674
sclip,context59,16,chair,49,table,1624668,0.0019400242056788666,0.11011419514948498
sclip,context59,55,wall,48,sofa,1591729,0.0019006915806066326,0.027788030335030914
sclip,context59,29,ground,0,aeroplane,1518673,0.0018134550446681668,0.02736622248217222
sclip,context59,54,tvmonitor,18,computer,1512554,0.0018061483160845123,0.18559901246444602
sclip,context59,49,table,25,floor,1511127,0.0018044443282288372,0.10521122912592482
sclip,context59,36,people,12,cabinet,1463430,0.0017474891013527832,0.01931622620946446
sclip,context59,36,people,16,chair,1455824,0.0017384067386125844,0.01921583246562349
sclip,context59,13,car,53,truck,1428225,0.0017054506343177186,0.06782107042493227
sclip,context59,10,building,25,floor,1383634,0.0016522042976166657,0.025086892689011292
sclip,context59,36,people,33,motorbike,1317872,0.0015736775636538785,0.017394965025398786
sclip,context59,10,building,51,train,1302398,0.0015551999826596847,0.023613989584227425
sclip,context59,10,building,40,road,1294099,0.0015452901051444452,0.02346351906787259
sclip,context59,10,building,24,fence,1272996,0.0015200909070236962,0.02308089714876956
sclip,context59,55,wall,36,people,1263877,0.0015092018633965764,0.02206446726531204
sclip,voc20,8,chair,17,sofa,566320,0.008667191434356363,0.2678658003313794
sclip,voc20,14,person,17,sofa,545390,0.008346870208333834,0.04195429359759125
sclip,voc20,14,person,10,diningtable,503314,0.007702922004505648,0.03871758434840764
sclip,voc20,14,person,1,bicycle,488495,0.0074761260060141116,0.037577628212756634
sclip,voc20,14,person,13,motorbike,462389,0.00707658917244774,0.03556941612845234
sclip,voc20,8,chair,10,diningtable,366232,0.005604963365918914,0.17322543400720747
sclip,voc20,14,person,8,chair,351742,0.0053832025171340865,0.027057861601063354
sclip,voc20,19,tvmonitor,14,person,255297,0.00390716904156109,0.14409280295119978
sclip,voc20,14,person,3,boat,252186,0.0038595570332402066,0.019399485662007276
sclip,voc20,13,motorbike,6,car,221815,0.0033947469063634636,0.08572759175091983
sclip,voc20,17,sofa,8,chair,198625,0.0030398377218693188,0.05708869909620937
sclip,voc20,13,motorbike,1,bicycle,194278,0.0029733094672338705,0.0750850261262097
sclip,voc20,14,person,12,horse,165423,0.002531700820464636,0.01272521518508652
sclip,voc20,9,cow,12,horse,154151,0.002359189551485852,0.05195790543756261
sclip,voc20,14,person,6,car,149200,0.0022834174353827683,0.01147725591734468
sclip,voc20,4,bottle,10,diningtable,111203,0.0017018959052739276,0.05786467420517573
sclip,voc20,5,bus,6,car,103612,0.0015857201562659478,0.02398008494817569
sclip,voc20,7,cat,11,dog,101826,0.0015583864864295292,0.017798789047485285
sclip,voc20,16,sheep,9,cow,92078,0.001409199132809481,0.047639570468826394
sclip,voc20,14,person,0,aeroplane,79643,0.0012188888391835779,0.0061265622856909
sclip,voc20,11,dog,7,cat,75344,0.0011530951960554913,0.014965867754756336
sclip,voc20,10,diningtable,8,chair,73819,0.0011297559762903525,0.02576804258661314
sclip,voc20,11,dog,17,sofa,70542,0.0010796034365065097,0.014012028073317338
sclip,voc20,10,diningtable,14,person,70537,0.0010795269144744928,0.02462239287895977
sclip,voc20,19,tvmonitor,10,diningtable,65723,0.0010058515020486707,0.03709487886015779
sclip,voc20,17,sofa,10,diningtable,62869,0.0009621727261734535,0.018069776833125672
sclip,voc20,11,dog,16,sheep,58013,0.0008878545286786899,0.011523344739550322
sclip,voc20,4,bottle,3,boat,55859,0.0008548888372858314,0.029066327674855095
sclip,voc20,14,person,16,sheep,53474,0.0008183878280137946,0.004113503906997919
sclip,voc20,14,person,4,bottle,50596,0.0007743417463848964,0.0038921128712732667
sclip,voc20,13,motorbike,8,chair,49713,0.0007608279555307209,0.01921319914664688
sclip,voc20,15,pottedplant,10,diningtable,47203,0.0007224138954582629,0.038234612761449
sclip,voc20,14,person,5,bus,41934,0.0006417749781189076,0.0032257858554821167
sclip,voc20,18,train,3,boat,41723,0.0006385457483677966,0.010646324768659392
sclip,voc20,14,person,19,tvmonitor,41604,0.0006367245240057955,0.003200400503922306
sclip,voc20,4,bottle,14,person,41273,0.0006316587654862802,0.02147647723955485
sclip,voc20,18,train,5,bus,40541,0.0006204559399990135,0.010344717600513396
sclip,voc20,19,tvmonitor,3,boat,38127,0.0005835111029412789,0.021519353138189614
sclip,voc20,2,bird,3,boat,37663,0.0005764098583701153,0.017502329353102048
sclip,voc20,14,person,2,bird,37076,0.0005674261718113373,0.0028520827103986016
sclip,voc20,19,tvmonitor,8,chair,35776,0.0005475304434869565,0.020192419489387353
sclip,voc20,8,chair,6,car,31389,0.00048039001259537345,0.014846799700878774
sclip,voc20,6,car,3,boat,30407,0.0004653610855072643,0.008461775216824815
sclip,voc20,14,person,9,cow,29987,0.000458933234817849,0.002306759203709215
sclip,voc20,14,person,11,dog,29897,0.00045755583824154573,0.002299835926011085
sclip,voc20,4,bottle,1,bicycle,28862,0.000441715777614058,0.015018391832142855
sclip,voc20,5,bus,0,aeroplane,28553,0.00043698671603541677,0.0066083404000044435
sclip,voc20,2,bird,16,sheep,28335,0.00043365035543948215,0.01316752521626388
sclip,voc20,10,diningtable,4,bottle,27749,0.0004246819732871075,0.009686360066323414
sclip,voc20,10,diningtable,3,boat,26518,0.00040584224900455933,0.009256654158303517
trident,ade20k,1,building,25,house,10616112,0.023691282300179112,0.20658092636790895
trident,ade20k,1,building,0,wall,8364774,0.018667118641099344,0.162771715462139
trident,ade20k,3,floor,28,rug,6906982,0.015413859650713532,0.2223943553222582
trident,ade20k,0,wall,25,house,6874209,0.01534072229168569,0.08747616922680658
trident,ade20k,0,wall,14,door,5447584,0.012157016655244306,0.0693219801523701
trident,ade20k,0,wall,79,hovel,4699947,0.010488564096995202,0.059808097066734796
trident,ade20k,0,wall,5,ceiling,3529419,0.007876373373285424,0.044912811600041035
trident,ade20k,6,road,11,sidewalk,3472373,0.007749067548884173,0.17737509986493968
trident,ade20k,0,wall,145,shower,2683388,0.005988341365361728,0.034146838245561355
trident,ade20k,1,building,86,awning,2596597,0.0057946555713427085,0.05052767092737278
trident,ade20k,13,earth,9,grass,2366629,0.0052814510377048205,0.3045194972569005
trident,ade20k,2,sky,4,tree,2349817,0.005243932797690904,0.05905896609806633
trident,ade20k,1,building,4,tree,2242310,0.005004016462384216,0.04363353335044185
trident,ade20k,10,cabinet,73,kitchenisland,2190063,0.004887420252176802,0.23863898621229368
trident,ade20k,1,building,14,door,2137374,0.004769837659499357,0.04159156392798824
trident,ade20k,0,wall,65,toilet,2002887,0.004469711824098959,0.025487278922443433
trident,ade20k,1,building,11,sidewalk,1767070,0.003943454459992274,0.03438574852610267
trident,ade20k,1,building,79,hovel,1756190,0.0039191742761146035,0.034174032553354564
trident,ade20k,16,mountain,34,rock,1742905,0.0038895270111500026,0.3144451490628825
trident,ade20k,0,wall,10,cabinet,1544737,0.00344728845612516,0.019657196227654633
trident,ade20k,17,plant,9,grass,1459074,0.0032561199458758104,0.2312090383411981
trident,ade20k,12,people,92,apparel,1440471,0.0032146048483871785,0.1689690755146857
trident,ade20k,21,water,128,lake,1379017,0.0030774619789001945,0.34614306250252574
trident,ade20k,1,building,84,tower,1343864,0.002999013329649113,0.02615050312510678
trident,ade20k,21,water,60,river,1275547,0.0028465547522620867,0.32017135752924675
trident,ade20k,0,wall,73,kitchenisland,1253891,0.0027982264744996935,0.0159561021941535
trident,ade20k,0,wall,35,wardrobe,1224384,0.0027323776339042488,0.01558061763653016
trident,ade20k,19,chair,15,table,1219027,0.0027204227676328628,0.250151595896948
trident,ade20k,12,people,121,step,1197102,0.00267149418017717,0.14042158310495753
trident,ade20k,5,ceiling,79,hovel,1175199,0.0026226146886815242,0.054745890945179385
trident,ade20k,17,plant,4,tree,1090375,0.002433318519817594,0.17278394048642076
trident,ade20k,7,bed,131,blanket,1087748,0.0024274560158611016,0.08937270883160096
trident,ade20k,5,ceiling,25,house,1045668,0.002333548834098933,0.04871177246820652
trident,ade20k,16,mountain,68,hill,1035623,0.0023111320650684914,0.1868412957722593
trident,ade20k,29,field,9,grass,1034393,0.002308387154574968,0.5087877646142208
trident,ade20k,0,wall,3,floor,985227,0.0021986666104086474,0.012537280111619965
trident,ade20k,1,building,48,skyscraper,943958,0.0021065692842645663,0.018368656820161526
trident,ade20k,0,wall,34,rock,935355,0.002087370532251735,0.011902645419587864
trident,ade20k,3,floor,110,stool,932447,0.0020808809389873725,0.030023380607792766
trident,ade20k,30,armchair,23,sofa,905817,0.002021452510985316,0.5186609659693103
trident,ade20k,8,windowpane,25,house,897512,0.0020029187860676635,0.10068858855109207
trident,ade20k,0,wall,18,curtain,890943,0.0019882591787246102,0.011337490704667073
trident,ade20k,0,wall,50,refrigerator,885609,0.0019763556400478185,0.011269614111642947
trident,ade20k,0,wall,45,counter,856567,0.0019115445095169985,0.010900046804817548
trident,ade20k,5,ceiling,86,awning,806914,0.0018007371593260066,0.037589570656661964
trident,ade20k,8,windowpane,58,screendoor,760991,0.001698253805997488,0.085372796898631
trident,ade20k,11,sidewalk,6,road,754029,0.0016827171662772357,0.0977395424332088
trident,ade20k,3,floor,15,table,716896,0.0015998498806219458,0.02308296499876583
trident,ade20k,1,building,8,windowpane,715944,0.0015977253645326494,0.013931689374372296
trident,ade20k,0,wall,42,column,707694,0.001579314379515114,0.009005597604727418
trident,ade847,4,"road, route",163,"curb, curbing, kerb",74353913,0.03334279990315321,0.5515724313280985
trident,ade847,1,"building, edifice",26,house,58885706,0.026406334691678007,0.17515581876790434
trident,ade847,4,"road, route",8,"sidewalk, pavement",37233962,0.016696963138545382,0.27620909404348404
trident,ade847,1,"building, edifice",53,"cliff, drop, drop-off",35281762,0.015821530880246674,0.10494577259011438
trident,ade847,5,"floor, flooring",27,"rug, carpet, carpeting",34963874,0.015678979189986425,0.2928249243182529
trident,ade847,0,wall,26,house,26033816,0.011674440289423752,0.08210392113141378
trident,ade847,1,"building, edifice",80,"bus, autobus, coach, charabanc, double-decker, jitney, motorbus, motorcoach, omnibus, passenger vehicle",24125713,0.010818782611749057,0.07176205060485262
trident,ade847,1,"building, edifice",0,wall,24108587,0.010811102736297963,0.07171110923459514
trident,ade847,1,"building, edifice",90,hill,19873468,0.008911932676706853,0.05911372718020476
trident,ade847,0,wall,138,manhole,17905404,0.008029386466279442,0.05646901237383336
trident,ade847,0,wall,6,ceiling,15012640,0.006732173618597235,0.04734598302969906
trident,ade847,1,"building, edifice",143,dirt track,14238506,0.006385025848980489,0.042352505317024114
trident,ade847,3,tree,195,forest,13308406,0.00596793766977568,0.1332210432054656
trident,ade847,0,wall,64,double door,12746013,0.005715741699054757,0.040197627811918726
trident,ade847,2,sky,3,tree,12731399,0.005709188289044114,0.06527488090014762
trident,ade847,1,"building, edifice",3,tree,12671875,0.005682495721815873,0.037692553791399526
trident,ade847,0,wall,172,closet,11365321,0.005096592884601852,0.03584328240689728
trident,ade847,1,"building, edifice",202,jacket,11105190,0.004979941379231756,0.03303244164251242
trident,ade847,8,"sidewalk, pavement",163,"curb, curbing, kerb",9936043,0.004455656470670564,0.1731069122374576
trident,ade847,0,wall,20,door,9595883,0.004303117265167598,0.030262932680259945
trident,ade847,1,"building, edifice",169,central reservation,9434096,0.004230566523044162,0.02806176441554443
trident,ade847,1,"building, edifice",22,sea,8959417,0.004017704465397931,0.026649829422408237
trident,ade847,1,"building, edifice",8,"sidewalk, pavement",8132259,0.003646778947566846,0.024189443930207086
trident,ade847,10,cabinet,69,kitchen island,7571282,0.0033952179589572594,0.2089858469323878
trident,ade847,7,bed,120,arcade machine,7265075,0.0032579044226818408,0.12941462530488498
trident,ade847,0,wall,46,"wardrobe, closet, press",6435649,0.002885961857231751,0.020296372146344662
trident,ade847,1,"building, edifice",64,double door,6328079,0.0028377238447201275,0.018822901749245925
trident,ade847,9,"earth, ground",118,"land, ground, soil",5989040,0.002685687333388637,0.1755370565659917
trident,ade847,1,"building, edifice",255,pier,5923563,0.002656325240377355,0.017619666940704826
trident,ade847,6,ceiling,249,"hat, chapeau, lid",5919257,0.0026543942848890677,0.07836639000741238
trident,ade847,9,"earth, ground",127,"ashcan, trash can, garbage can, wastebin, ash bin, ash-bin, ashbin, dustbin, trash barrel, trash bin",5892411,0.0026423556339279534,0.17270488809843842
trident,ade847,9,"earth, ground",12,grass,5604345,0.002513177133303491,0.16426175568711057
trident,ade847,0,wall,32,lamp,5412607,0.0024271953535976833,0.017069962322977857
trident,ade847,10,cabinet,121,"eiderdown, duvet, continental quilt",5261269,0.0023593302951475195,0.1452238548113935
trident,ade847,1,"building, edifice",249,"hat, chapeau, lid",5180646,0.0023231762254001488,0.015409856712538498
trident,ade847,0,wall,80,"bus, autobus, coach, charabanc, double-decker, jitney, motorbus, motorcoach, omnibus, passenger vehicle",5162832,0.0023151878275672767,0.01628223658578286
trident,ade847,18,chair,76,book,4759432,0.002134289675227507,0.21107119842124736
trident,ade847,0,wall,107,"booth, cubicle, stall, kiosk",4604942,0.002065011153772447,0.014522795843019512
trident,ade847,23,"painting, picture",210,"air conditioner, air conditioning",4512920,0.0020237453883420794,0.4262996702707717
trident,ade847,5,"floor, flooring",8,"sidewalk, pavement",4363225,0.0019566171064518915,0.036542318806220074
trident,ade847,1,"building, edifice",148,ruins,4341259,0.0019467668119196766,0.012913096000386471
trident,ade847,4,"road, route",217,cannon,4135969,0.0018547078587867283,0.03068145824722963
trident,ade847,0,wall,58,"toilet, can, commode, crapper, pot, potty, stool, throne",3809605,0.0017083552445323487,0.012014508686004371
trident,ade847,1,"building, edifice",59,skyscraper,3802428,0.0017051368359073053,0.011310340571377458
trident,ade847,1,"building, edifice",37,"bathtub, bathing tub, bath, tub",3714376,0.0016656513522438907,0.011048429469315583
trident,ade847,121,"eiderdown, duvet, continental quilt",7,bed,3589576,0.0016096868271769514,0.9173737114040977
trident,ade847,24,water,134,lake,3574296,0.001602834760325807,0.21368626710125763
trident,ade847,0,wall,50,"bridge, span",3553505,0.0015935113753845671,0.011206835534985901
trident,ade847,0,wall,101,"hovel, hut, hutch, shack, shanty",3521347,0.0015790906446385524,0.01110541752174712
trident,ade847,6,ceiling,26,house,3502295,0.0015705470858919553,0.046367680249566855
trident,coco_stuff164k,159,wall-brick,160,wall-concrete,25626260,0.022435680879786906,0.4285305616062954
trident,coco_stuff164k,144,shelf,93,clothes,21049220,0.01842850196198853,0.2673608228972483
trident,coco_stuff164k,136,river,127,paper,13699139,0.011993537524860948,0.47220787221375965
trident,coco_stuff164k,132,platform,111,furniture-other,9481275,0.008300815656810694,0.3775199652537214
trident,coco_stuff164k,159,wall-brick,95,counter,6091489,0.0053330725313304505,0.10186383819521735
trident,coco_stuff164k,156,towel,84,building-other,5748907,0.0050331434575147955,0.07860741397633716
trident,coco_stuff164k,142,sand,165,wall-wood,4028432,0.0035268749633353335,0.12214939628192005
trident,coco_stuff164k,93,clothes,144,shelf,3953770,0.0034615087020921148,0.1371692014261986
trident,coco_stuff164k,132,platform,37,surfboard,3945111,0.0034539277846762266,0.1570841651193615
trident,coco_stuff164k,83,bridge,160,wall-concrete,3724323,0.0032606288362504172,0.08406633504576173
trident,coco_stuff164k,85,bush,95,counter,3617691,0.003167272976925902,0.36045818567035404
trident,coco_stuff164k,152,structural-other,59,bed,3552813,0.0031104725657805066,0.21288910332717703
trident,coco_stuff164k,132,platform,98,desk-stuff,3314130,0.0029015066214940527,0.13196012587403233
trident,coco_stuff164k,156,towel,169,window-other,3169681,0.0027750421406293325,0.04334048655508436
trident,coco_stuff164k,44,spoon,108,fog,3105529,0.0027188773393746787,0.31013090487773287
trident,coco_stuff164k,132,platform,118,light,2905415,0.0025436783894078213,0.11568614662560056
trident,coco_stuff164k,156,towel,81,blanket,2756258,0.0024130920747061687,0.03768756628548542
trident,coco_stuff164k,144,shelf,156,towel,2657257,0.002326417123200183,0.03375167432187384
trident,coco_stuff164k,163,wall-stone,60,dining table,2627303,0.002300192524484914,0.21916420396053363
trident,coco_stuff164k,142,sand,36,skateboard,2571354,0.002251209414599071,0.07796813716282172
trident,coco_stuff164k,156,towel,114,ground-other,2479777,0.0021710341432981378,0.03390711611929006
trident,coco_stuff164k,159,wall-brick,89,carpet,2469363,0.0021619167308984315,0.04129348227949792
trident,coco_stuff164k,83,bridge,127,paper,2415200,0.0021144972563636416,0.0545164886081373
trident,coco_stuff164k,98,desk-stuff,111,furniture-other,2355588,0.002062307205665418,0.12742007968068872
trident,coco_stuff164k,159,wall-brick,99,dirt,2315550,0.0020272541081371442,0.0387213718243496
trident,coco_stuff164k,161,wall-other,160,wall-concrete,2314909,0.0020266929153823707,0.3770801511702894
trident,coco_stuff164k,84,building-other,111,furniture-other,2288132,0.0020032497665608863,0.2180944260072512
trident,coco_stuff164k,159,wall-brick,115,hill,2283433,0.0019991358121854087,0.03818430102091947
trident,coco_stuff164k,165,wall-wood,135,railroad,2221297,0.0019447360102967822,0.43688822191976967
trident,coco_stuff164k,129,pillow,111,furniture-other,2210027,0.001934869173563088,0.2675148356952426
trident,coco_stuff164k,144,shelf,142,sand,2162240,0.0018930318597216466,0.0274641181811652
trident,coco_stuff164k,86,cabinet-merged,100,door-stuff,2130420,0.0018651735859979421,0.43722017268639146
trident,coco_stuff164k,107,flower,93,clothes,2128279,0.0018632991496672553,0.2829406495455064
trident,coco_stuff164k,156,towel,129,pillow,2114413,0.001851159526051514,0.028911328363452216
trident,coco_stuff164k,146,skyscraper,29,frisbee,2028948,0.0017763352845745685,0.08916549504861732
trident,coco_stuff164k,83,bridge,151,straw,2025975,0.0017737324358071088,0.04573080614767761
trident,coco_stuff164k,98,desk-stuff,112,grass,2006749,0.0017569001551467711,0.1085504415369506
trident,coco_stuff164k,142,sand,141,salad,2004119,0.0017545976014103368,0.06076853870864032
trident,coco_stuff164k,159,wall-brick,60,dining table,1992576,0.0017444917543458264,0.033320496721848045
trident,coco_stuff164k,142,sand,135,railroad,1959390,0.0017154375534723235,0.05941227395195732
trident,coco_stuff164k,132,platform,102,floor-marble,1936334,0.0016952521242148211,0.0770998356655196
trident,coco_stuff164k,97,curtain,152,structural-other,1930487,0.0016901331007559116,0.3380945350560246
trident,coco_stuff164k,83,bridge,158,vegetable,1927600,0.0016876055446201374,0.04351026144461968
trident,coco_stuff164k,104,floor-stone,103,floor-other,1883614,0.00164909599000006,0.20421342638006745
trident,coco_stuff164k,122,moss,114,ground-other,1842142,0.001612787431613213,0.2947422955710944
trident,coco_stuff164k,150,stone,111,furniture-other,1782268,0.0015603680010370631,0.6154705759862366
trident,coco_stuff164k,160,wall-concrete,95,counter,1770184,0.0015497885107895067,0.08169651156157773
trident,coco_stuff164k,107,flower,144,shelf,1745962,0.001528582253525661,0.2321141271242029
trident,coco_stuff164k,144,shelf,107,flower,1702523,0.0014905515950629333,0.021624931958594752
trident,coco_stuff164k,144,shelf,136,river,1680166,0.0014709781373118062,0.021340960109874765
trident,context459,359,sky,103,cup,60811821,0.06657033104693735,0.7972749745003542
trident,context459,419,tree,163,forceps,34286770,0.03753351884381493,0.6268587225342733
trident,context459,439,wall,183,glove,20173006,0.022083267127156966,0.352175591873215
trident,context459,444,water,188,ground,17289473,0.01892668106809505,0.6606387497720269
trident,context459,283,person,27,bird nest,13699373,0.014996620406178518,0.18082189636390517
trident,context459,323,road,67,ceiling,12361483,0.013532040350199155,0.5624274897955088
trident,context459,367,sofa,111,dock,11493920,0.012582324404115677,0.6072004415150279
trident,context459,415,train,159,fly,9740097,0.010662425019623757,0.8342031713279517
trident,context459,188,ground,97,cow,9447521,0.010342143849678381,0.1702426800180119
trident,context459,188,ground,67,ceiling,7899999,0.00864808091670983,0.1423566035894087
trident,context459,283,person,79,cloth,7757873,0.008492496447855049,0.10239835849497186
trident,context459,43,building,89,controller,7745839,0.008479322901155653,0.14044106445733376
trident,context459,396,table,140,fan,7640383,0.008363880858548741,0.5319566697060014
trident,context459,257,motorbike,1,aeroplane,7312484,0.008004931815073136,0.7190917936819105
trident,context459,157,floor,73,chicken,7271267,0.007959811815546045,0.26196946825717476
trident,context459,283,person,28,blackboard,7046933,0.007714234748464241,0.09301446048730722
trident,context459,43,building,183,glove,6448033,0.007058622556485796,0.11691033317062428
trident,context459,439,wall,78,closet,5764542,0.006310409110655876,0.10063601779169681
trident,context459,346,sheep,90,cooker,5402826,0.005914440802701836,0.9258610416554922
trident,context459,419,tree,186,grass,5330719,0.00583550570781623,0.09746055701744956
trident,context459,188,ground,77,clock,4959297,0.005428912300621343,0.08936566664263422
trident,context459,439,wall,114,door,4685966,0.005129698515272102,0.08180649178153032
trident,context459,365,snow,109,disc case,4474135,0.004897808406340752,0.8763014613266773
trident,context459,419,tree,228,leaves,4204611,0.004602762120765868,0.07687213115185693
trident,context459,258,mountain,2,air conditioner,3686412,0.0040354928232687265,0.6265043942179054
trident,context459,283,person,7,baby carriage,3658398,0.004004826067639933,0.048288229250631975
trident,context459,188,ground,85,concrete,3638991,0.003983581342627869,0.06557398288941883
trident,context459,359,sky,163,forceps,3545966,0.0038817474402087757,0.04648948026452165
trident,context459,188,ground,157,floor,3526077,0.0038599750727246226,0.06353929231063592
trident,context459,43,building,114,door,3318681,0.0036329399313528386,0.0601715440037327
trident,context459,43,building,38,brick,3241503,0.0035484536435710515,0.05877221715577109
trident,context459,307,pottedplant,36,box,3153579,0.003452203774865904,0.44465931503735695
trident,context459,419,tree,201,heater,3047779,0.0033363851575486233,0.055721984033689526
trident,context459,453,window,197,hard disk drive,2995488,0.003279142517490609,0.38497220812101196
trident,context459,43,building,85,concrete,2949001,0.0032282534809761625,0.05346881590564195
trident,context459,323,road,115,drainer,2871368,0.0031432691074582755,0.13064260141919468
trident,context459,323,road,97,cow,2808036,0.00307393995176888,0.1277610978177474
trident,context459,188,ground,186,grass,2567070,0.002810155935318258,0.04625815349802745
trident,context459,329,rug,73,chicken,2508243,0.0027457583757632136,0.8547114299422615
trident,context459,283,person,105,cushion,2482510,0.002717588616978473,0.032767351173105384
trident,context459,414,track,59,card,2272792,0.0024880115963116915,0.7393744638393931
trident,context459,283,person,14,basket,2247321,0.0024601286473354303,0.02966302508577785
trident,context459,71,chair,126,earrings,2207366,0.0024163901515423117,0.14960738470280577
trident,context459,439,wall,89,controller,2171832,0.0023774912975938027,0.03791533200600784
trident,context459,18,bedclothes,17,bed,2120355,0.00232113973839114,0.28827682014293415
trident,context459,283,person,30,boat,2101883,0.0023009185521994124,0.027743347815630256
trident,context459,444,water,111,dock,2096268,0.002294771845807763,0.080099368598864
trident,context459,283,person,126,earrings,2091237,0.002289264440668602,0.027602828252531263
trident,context459,430,unknown,186,grass,2048072,0.002242011977374647,0.06803146224933007
trident,context459,188,ground,75,clip,2031654,0.0022240392925058842,0.036610050597327484
trident,context59,36,people,17,cloth,18666496,0.022289756476527967,0.24638435680153029
trident,context59,10,building,55,wall,14281076,0.017053104463890176,0.25893250750965546
trident,context59,29,ground,44,sidewalk,12667134,0.015125888228596713,0.22825954452043865
trident,context59,29,ground,40,road,10771263,0.012862019160673544,0.19409627989171455
trident,context59,55,wall,23,door,7709190,0.009205582436643956,0.13458522498397466
trident,context59,29,ground,25,floor,6724184,0.008029381832742778,0.12116862244542619
trident,context59,52,tree,28,grass,6404634,0.007647805575363004,0.11709474784412685
trident,context59,10,building,23,door,5571889,0.006653420595072848,0.10102482406335957
trident,context59,46,sky,52,tree,3395888,0.00405504688944104,0.0445218787085172
trident,context59,29,ground,28,grass,3265724,0.0038996174043351693,0.05884777667698668
trident,context59,40,road,44,sidewalk,3154201,0.003766447230804378,0.14351104561972733
trident,context59,55,wall,12,cabinet,3087616,0.0036869377484146666,0.053902873586475344
trident,context59,55,wall,58,wood,3008079,0.0035919622178773015,0.052514335356187804
trident,context59,52,tree,58,wood,2980333,0.0035588305801453057,0.054488881195479726
trident,context59,10,building,58,wood,2979027,0.003557271078996384,0.05401322218640713
trident,context59,3,bedclothes,2,bed,2906943,0.0034711952131320006,0.39521885928382816
trident,context59,10,building,57,window,2222453,0.0026538422717648246,0.04029565616150746
trident,context59,10,building,44,sidewalk,2142715,0.0025586267261195473,0.03884991353792609
trident,context59,50,track,51,train,2092339,0.0024984724919096786,0.6806703060795937
trident,context59,16,chair,49,table,2086473,0.00249146787189469,0.14141368888667186
trident,context59,55,wall,21,curtain,2070530,0.002472430255648701,0.03614682552720442
trident,context59,13,car,53,truck,2066061,0.0024670938003389523,0.09810951956673912
trident,context59,29,ground,41,rock,2041299,0.00243752537197019,0.03678385181446939
trident,context59,48,sofa,2,bed,1862423,0.00222392864339856,0.09838802322338618
trident,context59,10,building,24,fence,1831498,0.0021870009458255057,0.03320718758438923
trident,context59,56,water,7,boat,1802544,0.0021524268292360082,0.06887603888036774
trident,context59,10,building,15,ceiling,1787706,0.002134708699031029,0.032413187722693734
trident,context59,54,tvmonitor,18,computer,1787329,0.002134258521440567,0.2193154739262637
trident,context59,16,chair,48,sofa,1786920,0.0021337701324896413,0.12111105628751087
trident,context59,36,people,49,table,1749735,0.0020893673375258896,0.02309524682876345
trident,context59,55,wall,15,ceiling,1735068,0.002071853399278388,0.03029040886818134
trident,context59,55,wall,25,floor,1653354,0.001974278302124481,0.02886386508415987
trident,context59,10,building,52,tree,1604830,0.0019163355504014455,0.029097433276506643
trident,context59,52,tree,39,pottedplant,1486600,0.00177515651453848,0.027179234932875006
trident,context59,28,grass,29,ground,1481513,0.0017690821023297774,0.025890385525865377
trident,context59,36,people,25,floor,1445164,0.0017256775791581378,0.01907512811256739
trident,context59,36,people,5,bicycle,1409828,0.0016834826843661753,0.01860871826082345
trident,context59,29,ground,58,wood,1389585,0.0016593104165578863,0.025040079245426294
trident,context59,54,tvmonitor,12,cabinet,1277494,0.0015254619913788652,0.15675580827478225
trident,context59,57,window,23,door,1142078,0.0013637610667369016,0.14677684888286285
trident,context59,36,people,16,chair,1118553,0.0013356697462710617,0.014764097206750646
trident,context59,10,building,29,ground,1117534,0.001334452953261298,0.020262190387285616
trident,context59,43,shelves,12,cabinet,1106542,0.0013213273509420412,0.3979921670633249
trident,context59,55,wall,49,table,1092604,0.0013046839152501017,0.01907442353326233
trident,context59,12,cabinet,23,door,1086072,0.0012968840212954635,0.1527823965833031
trident,context59,48,sofa,17,cloth,1081099,0.0012909457370584125,0.05711226371172369
trident,context59,10,building,51,train,1069275,0.0012768266393671016,0.019387198623366114
trident,context59,49,table,58,wood,1054168,0.001258787294913225,0.07339575759364893
trident,context59,10,building,40,road,1051304,0.0012553673781517303,0.01906136350474788
trident,context59,36,people,1,bag,1036408,0.0012375799898559107,0.01367984213341167
trident,voc20,14,person,10,diningtable,1162784,0.017795718895335905,0.08944751705491767
trident,voc20,8,chair,17,sofa,590348,0.00903492571141653,0.2792308933006589
trident,voc20,19,tvmonitor,10,diningtable,434007,0.0066422195099073,0.24495895028316572
trident,voc20,14,person,17,sofa,416242,0.006370336730151436,0.03201954395138998
trident,voc20,8,chair,10,diningtable,403340,0.006172879278735159,0.1907772847606628
trident,voc20,14,person,13,motorbike,384461,0.005883947390245942,0.0295747807455647
trident,voc20,14,person,1,bicycle,349237,0.005344864979093645,0.026865163705132065
trident,voc20,14,person,8,chair,287469,0.004399542404370302,0.022113641295597574
trident,voc20,14,person,12,horse,185966,0.002846099241209061,0.01430549178233861
trident,voc20,14,person,6,car,132998,0.0020354554428353715,0.010230912081065736
trident,voc20,13,motorbike,6,car,124712,0.0019086431313770497,0.04819899205392202
trident,voc20,14,person,11,dog,76516,0.0011710319603602407,0.005886016848334756
trident,voc20,14,person,9,cow,72960,0.0011166094911898578,0.0056124704539508566
trident,voc20,19,tvmonitor,14,person,71387,0.001092535659917357,0.04029171092600892
trident,voc20,14,person,4,bottle,68608,0.0010500047145223926,0.0052776915145923845
trident,voc20,10,diningtable,8,chair,58970,0.0009025008456067148,0.020584693254210664
trident,voc20,4,bottle,10,diningtable,55855,0.000854827619660218,0.029064246267907254
trident,voc20,14,person,16,sheep,52874,0.0008092051841717728,0.004067348722343717
trident,voc20,13,motorbike,1,bicycle,50719,0.0007762241883725109,0.01960200043286028
trident,voc20,3,boat,10,diningtable,48558,0.0007431513661348289,0.03600481369188368
trident,voc20,17,sofa,10,diningtable,43900,0.0006718634411079325,0.012617716250842499
trident,voc20,14,person,3,boat,43855,0.0006711747428197809,0.0033735593716833173
trident,voc20,11,dog,17,sofa,43628,0.000667700642566216,0.008665997005793553
trident,voc20,14,person,5,bus,43214,0.0006613646183152209,0.003324250249411079
trident,voc20,7,cat,11,dog,36272,0.0005551214290630279,0.006340204626818164
trident,voc20,16,sheep,7,cat,33339,0.0005102336050819444,0.017249024086754744
trident,voc20,11,dog,14,person,31994,0.0004896491784694121,0.006355090955426766
trident,voc20,13,motorbike,8,chair,30051,0.0004599127168276647,0.011614182357851777
trident,voc20,3,boat,5,bus,28804,0.0004408281220426626,0.02135760644139004
trident,voc20,18,train,9,cow,25174,0.00038527312679843037,0.006423569247806522
trident,voc20,19,tvmonitor,4,bottle,24976,0.00038224285433056314,0.014096765126535625
trident,voc20,17,sofa,8,chair,24787,0.00037935032152032624,0.007124267259900524
trident,voc20,13,motorbike,2,bird,23911,0.00036594366151097434,0.009241180471817705
trident,voc20,10,diningtable,15,pottedplant,23723,0.00036306643310714086,0.008281001832620647
trident,voc20,19,tvmonitor,1,bicycle,23706,0.0003628062581982836,0.013379961326459543
trident,voc20,15,pottedplant,10,diningtable,23383,0.0003578629349299951,0.018940320534732154
trident,voc20,10,diningtable,4,bottle,21836,0.0003341870182239821,0.0076223056113098875
trident,voc20,3,boat,6,car,21014,0.00032160679616041217,0.015581472773204078
trident,voc20,5,bus,6,car,20584,0.00031502590140696315,0.004763985528445048
trident,voc20,19,tvmonitor,17,sofa,19840,0.00030363942304285603,0.011197942829535026
trident,voc20,12,horse,9,cow,19586,0.00029975210381640016,0.0074135000191147635
trident,voc20,8,chair,6,car,18713,0.0002863913570262583,0.008851131377315127
trident,voc20,10,diningtable,14,person,17659,0.0002702605126771066,0.006164237717078279
trident,voc20,10,diningtable,17,sofa,16967,0.00025966986344597474,0.00592268086220438
trident,voc20,6,car,5,bus,16691,0.0002554458472786447,0.004644834746736705
trident,voc20,7,cat,14,person,15549,0.00023796821516599643,0.002717904767931066
trident,voc20,4,bottle,15,pottedplant,15330,0.00023461655016365844,0.007976992127598571
trident,voc20,14,person,15,pottedplant,15242,0.0002332697624001619,0.0011724955408322225
trident,voc20,2,bird,10,diningtable,15157,0.00023196888785587548,0.007043592013513733
trident,voc20,11,dog,16,sheep,13891,0.00021259350934920934,0.002759222618673289
