method,dataset,gt_class_id,gt_class,pred_class_id,pred_class,pixels,fraction_of_valid_pixels,fraction_of_gt_class_pixels
corrclip,ade20k,0,wall,25,house,7741547,0.017276303736914675,0.09851327992053731
corrclip,ade20k,0,wall,5,ceiling,7228899,0.01613226074936686,0.09198969543222979
corrclip,ade20k,0,wall,14,door,4851937,0.010827750231881893,0.06174221093507693
corrclip,ade20k,6,road,11,sidewalk,4238194,0.009458100149746473,0.21649462312861786
corrclip,ade20k,7,bed,131,blanket,4081801,0.009109088127946786,0.3353732778929841
corrclip,ade20k,0,wall,1,building,4062382,0.009065752016667329,0.05169490995923065
corrclip,ade20k,0,wall,145,shower,3504071,0.007819805900773365,0.0445902514425653
corrclip,ade20k,1,building,25,house,3328456,0.007427897399700094,0.0647690532894552
corrclip,ade20k,3,floor,28,rug,2639316,0.005889988767580781,0.08498197625413259
corrclip,ade20k,1,building,48,skyscraper,2172519,0.004848268455674057,0.04227545711385517
corrclip,ade20k,13,earth,9,grass,1944871,0.004340241314186554,0.25025094307114687
corrclip,ade20k,12,people,92,apparel,1875741,0.004185968417912346,0.2200267986477979
corrclip,ade20k,19,chair,15,table,1564814,0.0034920929829369246,0.3211091463781252
corrclip,ade20k,0,wall,79,hovel,1531165,0.0034170007120454034,0.019484488855977946
corrclip,ade20k,2,sky,4,tree,1515297,0.003381589135044403,0.03808461431315784
corrclip,ade20k,17,plant,9,grass,1513493,0.003377563266320569,0.23983242869527863
corrclip,ade20k,1,building,4,tree,1465548,0.0032705675479368433,0.028518375039434045
corrclip,ade20k,1,building,0,wall,1419958,0.003168827328912669,0.027631230627891197
corrclip,ade20k,0,wall,10,cabinet,1316293,0.0029374849335377833,0.016750184525966685
corrclip,ade20k,21,water,128,lake,1264352,0.0028215716035019283,0.3173613330083628
corrclip,ade20k,16,mountain,34,rock,1239673,0.0027664970945022,0.2236548528314686
corrclip,ade20k,0,wall,45,counter,1119434,0.0024981675881357228,0.014245100494070082
corrclip,ade20k,21,water,60,river,1048686,0.00234028390716353,0.2632276350788451
corrclip,ade20k,13,earth,46,sand,1039853,0.002320571879204755,0.13380023348867934
corrclip,ade20k,0,wall,34,rock,1031069,0.002300969201338812,0.013120631963403242
corrclip,ade20k,0,wall,18,curtain,991618,0.0022129289868022314,0.01261860731559769
corrclip,ade20k,4,tree,68,hill,968808,0.0021620254027719305,0.04582314248240378
corrclip,ade20k,30,armchair,23,sofa,954514,0.0021301264185488215,0.5465443387254052
corrclip,ade20k,0,wall,3,floor,938477,0.00209433769530928,0.011942373714192536
corrclip,ade20k,0,wall,8,windowpane,912060,0.0020353846054658583,0.011606210242516806
corrclip,ade20k,29,field,9,grass,885504,0.0019761213184203226,0.43555360556089506
corrclip,ade20k,8,windowpane,25,house,882506,0.0019694308780466773,0.09900512029685404
corrclip,ade20k,13,earth,91,dirttrack,869391,0.0019401629909551652,0.1118665030470234
corrclip,ade20k,26,sea,128,lake,810109,0.0018078672317055247,0.4330237184890682
corrclip,ade20k,3,floor,15,table,787823,0.0017581330241781558,0.025366706934091827
corrclip,ade20k,11,sidewalk,3,floor,749302,0.0016721682297708247,0.09712681425288447
corrclip,ade20k,11,sidewalk,6,road,718902,0.0016043265395243914,0.0931862733851333
corrclip,ade20k,13,earth,68,hill,701345,0.0015651457317725284,0.09024364478067363
corrclip,ade20k,0,wall,47,sink,643814,0.0014367575646157006,0.008192707323066152
corrclip,ade20k,24,shelf,62,bookcase,630825,0.0014077708634771834,0.24631316063721828
corrclip,ade20k,4,tree,94,land,626247,0.001397554440518362,0.029620529052379753
corrclip,ade20k,58,screendoor,145,shower,614429,0.001371180983435061,0.8441385014226305
corrclip,ade20k,8,windowpane,1,building,610795,0.0013630712234891551,0.06852285701368259
corrclip,ade20k,35,wardrobe,10,cabinet,599131,0.0013370414381261814,0.32143014258935576
corrclip,ade20k,0,wall,134,sconce,583465,0.0013020806513037925,0.007424749971657641
corrclip,ade20k,1,building,84,tower,576593,0.0012867448586928224,0.01122003197378209
corrclip,ade20k,1,building,79,hovel,572435,0.0012774657222439844,0.011139120667285158
corrclip,ade20k,21,water,109,swimmingpool,543587,0.0012130875288153954,0.13644419823436582
corrclip,ade20k,14,door,8,windowpane,524686,0.0011709074042315847,0.09164115043714537
corrclip,ade20k,10,cabinet,44,chestofdrawers,520895,0.0011624472776617088,0.05675903146304591
corrclip,ade847,4,"road, route",8,"sidewalk, pavement",99276410,0.04451888730769823,0.7364525769776926
corrclip,ade847,1,"building, edifice",143,dirt track,32601707,0.014619703915276514,0.096973935963616
corrclip,ade847,5,"floor, flooring",27,"rug, carpet, carpeting",30536497,0.013693594165168393,0.2557453279625009
corrclip,ade847,1,"building, edifice",80,"bus, autobus, coach, charabanc, double-decker, jitney, motorbus, motorcoach, omnibus, passenger vehicle",25348065,0.011366926435023282,0.07539794257127629
corrclip,ade847,0,wall,6,ceiling,23909161,0.01072167339834925,0.07540330887574354
corrclip,ade847,7,bed,150,"blanket, cover",21663364,0.009714582352662095,0.38589500244709574
corrclip,ade847,1,"building, edifice",26,house,19946753,0.008944796140004374,0.059331713768977355
corrclip,ade847,0,wall,13,"windowpane, window",18740104,0.008403694071034043,0.059101440250268804
corrclip,ade847,3,tree,195,forest,15013012,0.006732340435931569,0.1502846486871661
corrclip,ade847,19,"curtain, drape, drapery, mantle, pall",79,"computer, computing machine, computing device, data processor, electronic computer, information processing system",14805797,0.006639418247936811,0.6914526528472936
corrclip,ade847,0,wall,190,shower,12184058,0.005463742142292002,0.03842536711070598
corrclip,ade847,0,wall,138,manhole,9093176,0.004077686507933417,0.028677524844535455
corrclip,ade847,7,bed,120,arcade machine,8804771,0.003948355988286537,0.15684162102391475
corrclip,ade847,1,"building, edifice",3,tree,8752266,0.003924810977159617,0.02603365776585053
corrclip,ade847,1,"building, edifice",59,skyscraper,8448074,0.003788401034778508,0.025128837183031223
corrclip,ade847,0,wall,109,"doorframe, doorcase",8313595,0.00372809611998302,0.02621892803569465
corrclip,ade847,11,"person, individual, someone, somebody, mortal, soul",94,"airplane, aeroplane, plane",8182799,0.0036694427864841783,0.22686554361166786
corrclip,ade847,0,wall,3,tree,8125787,0.003643876684696387,0.025626630186626018
corrclip,ade847,0,wall,26,house,7118631,0.0031922339987322987,0.022450320697804626
corrclip,ade847,2,sky,3,tree,6794225,0.0030467594176516455,0.03483452428784971
corrclip,ade847,18,chair,76,book,6116919,0.002743032585800777,0.27127300568128676
corrclip,ade847,0,wall,80,"bus, autobus, coach, charabanc, double-decker, jitney, motorbus, motorcoach, omnibus, passenger vehicle",5853205,0.002624774342503479,0.01845949443930912
corrclip,ade847,1,"building, edifice",250,"arch, archway",5541607,0.0024850433001812984,0.016483536961838414
corrclip,ade847,0,wall,64,double door,5481092,0.0024579063351618607,0.017285946297001677
corrclip,ade847,16,"plant, flora, plant life",131,"conveyer belt, conveyor belt, conveyer, conveyor, transporter",5354139,0.002400976332350778,0.2074183409303397
corrclip,ade847,9,"earth, ground",12,grass,5073369,0.0022750696039609978,0.14869900036285427
corrclip,ade847,0,wall,1,"building, edifice",4868709,0.002183293164055551,0.01535464872870748
corrclip,ade847,0,wall,121,"eiderdown, duvet, continental quilt",4642431,0.002081822484543557,0.014641026451213698
corrclip,ade847,1,"building, edifice",0,wall,4621123,0.002072267259382288,0.013745552828936015
corrclip,ade847,0,wall,20,door,4532421,0.002032490293817483,0.01429408336904446
corrclip,ade847,20,door,109,"doorframe, doorcase",4506359,0.002020803214872815,0.22136730728222245
corrclip,ade847,17,table,76,book,4505785,0.0020205458139322028,0.21300368722910581
corrclip,ade847,11,"person, individual, someone, somebody, mortal, soul",202,jacket,4498420,0.002017243099772603,0.12471728789789396
corrclip,ade847,9,"earth, ground",118,"land, ground, soil",4420830,0.0019824491294204894,0.12957326813289494
corrclip,ade847,3,tree,131,"conveyer belt, conveyor belt, conveyer, conveyor, transporter",4419882,0.001982024014278154,0.04424431377319415
corrclip,ade847,1,"building, edifice",148,ruins,4238689,0.0019007709678802859,0.012608001036745822
corrclip,ade847,16,"plant, flora, plant life",161,"scaffolding, staging",3694289,0.0016566436646235413,0.14311606316108036
corrclip,ade847,24,water,134,lake,3684464,0.0016522378035756032,0.22027256792077882
corrclip,ade847,42,work surface,67,countertop,3640396,0.0016324762275287293,0.7139291247475045
corrclip,ade847,8,"sidewalk, pavement",5,"floor, flooring",3579121,0.001604998452901512,0.062355867907802086
corrclip,ade847,9,"earth, ground",161,"scaffolding, staging",3520216,0.0015785834661301333,0.10317652831113318
corrclip,ade847,0,wall,250,"arch, archway",3496925,0.0015681389969527768,0.011028396851328639
corrclip,ade847,1,"building, edifice",90,hill,3434185,0.0015400042669631955,0.010214999977676342
corrclip,ade847,9,"earth, ground",127,"ashcan, trash can, garbage can, wastebin, ash bin, ash-bin, ashbin, dustbin, trash barrel, trash bin",3349322,0.001501948838351371,0.0981676738461791
corrclip,ade847,15,"mountain, mount",189,"footbridge, overcrossing, pedestrian bridge",3318862,0.0014882895480185269,0.16354886724518097
corrclip,ade847,18,chair,39,"signboard, sign",3242709,0.0014541399768853327,0.14380759610839375
corrclip,ade847,29,armchair,21,"sofa, couch, lounge",3235569,0.0014509381603069838,0.5353832728023651
corrclip,ade847,11,"person, individual, someone, somebody, mortal, soul",228,water tower,3205382,0.0014374012923727235,0.08886821366540411
corrclip,ade847,5,"floor, flooring",76,book,3164142,0.0014189078868137445,0.026499913644643765
corrclip,ade847,17,table,68,"chest of drawers, chest, bureau, dresser",3036756,0.0013617837122129662,0.14355772084445007
corrclip,coco_stuff164k,136,river,127,paper,21059253,0.018437285810519954,0.7265830636381684
corrclip,coco_stuff164k,159,wall-brick,160,wall-concrete,20445367,0.017899831246624604,0.3420167962780274
corrclip,coco_stuff164k,156,towel,84,building-other,18855761,0.01650813800146926,0.2579754428235524
corrclip,coco_stuff164k,144,shelf,93,clothes,13125298,0.011491142186963893,0.16672131402627913
corrclip,coco_stuff164k,132,platform,111,furniture-other,9071371,0.007941946460316622,0.3616797280962262
corrclip,coco_stuff164k,156,towel,116,house,7417231,0.006493753974542626,0.10147898309432223
corrclip,coco_stuff164k,85,bush,95,counter,5415616,0.004741348614408347,0.5399600245711196
corrclip,coco_stuff164k,159,wall-brick,115,hill,5083304,0.004450410881609111,0.08503517440343732
corrclip,coco_stuff164k,93,clothes,144,shelf,4759619,0.00416702605036281,0.16513844705806593
corrclip,coco_stuff164k,159,wall-brick,89,carpet,4677463,0.00409509882421433,0.07824613321780974
corrclip,coco_stuff164k,132,platform,102,floor-marble,4586129,0.0040151362983726945,0.18285106956095368
corrclip,coco_stuff164k,144,shelf,107,flower,3902701,0.0034167980113065754,0.04957323170656191
corrclip,coco_stuff164k,159,wall-brick,83,bridge,3173885,0.0027787227246247586,0.05309378792050478
corrclip,coco_stuff164k,115,hill,83,bridge,3170167,0.0027754676315479287,0.3742945450801633
corrclip,coco_stuff164k,156,towel,81,blanket,3162230,0.0027685188220399133,0.04326410822453265
corrclip,coco_stuff164k,58,potted plant,80,banner,2963904,0.0025948852584155445,0.22506613240331336
corrclip,coco_stuff164k,86,cabinet-merged,100,door-stuff,2943930,0.002577398106958685,0.604864011255998
corrclip,coco_stuff164k,107,flower,93,clothes,2686314,0.002351856402257055,0.35707868278091637
corrclip,coco_stuff164k,152,structural-other,105,floor-tile,2552368,0.0022345872529108794,0.15308364185055998
corrclip,coco_stuff164k,159,wall-brick,147,snow,2527569,0.002212875834618166,0.04228200216467904
corrclip,coco_stuff164k,160,wall-concrete,147,snow,2459884,0.0021536179069943776,0.11348905473323116
corrclip,coco_stuff164k,98,desk-stuff,141,salad,2431280,0.002128575227497431,0.1316359681389933
corrclip,coco_stuff164k,6,train,1,bicycle,2430397,0.0021278021647790765,0.3335778713961289
corrclip,coco_stuff164k,129,pillow,84,building-other,2345223,0.0020532326925558585,0.28413103967897335
corrclip,coco_stuff164k,165,wall-wood,135,railroad,2306450,0.0020192870971099375,0.4537892271072981
corrclip,coco_stuff164k,83,bridge,158,vegetable,2252701,0.0019722300778021,0.050851244993771985
corrclip,coco_stuff164k,98,desk-stuff,113,gravel,2250657,0.001970440564555989,0.1218565583329778
corrclip,coco_stuff164k,83,bridge,145,sky-other,2238041,0.0019593953105868423,0.05052031814124753
corrclip,coco_stuff164k,142,sand,135,railroad,2195341,0.0019220116434591808,0.0666139704058406
corrclip,coco_stuff164k,132,platform,98,desk-stuff,1984490,0.0017374124959759372,0.07912252774246363
corrclip,coco_stuff164k,152,structural-other,59,bed,1931640,0.0016911425473179302,0.11585417382768302
corrclip,coco_stuff164k,84,building-other,111,furniture-other,1849464,0.0016191978112551036,0.17636694192651378
corrclip,coco_stuff164k,159,wall-brick,48,sandwich,1846578,0.0016166711306150466,0.030890161650680436
corrclip,coco_stuff164k,132,platform,48,sandwich,1796878,0.0015731589934664574,0.07164235113546683
corrclip,coco_stuff164k,142,sand,165,wall-wood,1735371,0.001519309878383997,0.052656945976572216
corrclip,coco_stuff164k,150,stone,111,furniture-other,1720389,0.0015061932015477764,0.594702810890971
corrclip,coco_stuff164k,129,pillow,111,furniture-other,1717413,0.0015035877262931645,0.20806991115479623
corrclip,coco_stuff164k,102,floor-marble,127,paper,1698133,0.0014867081688640941,0.19892131708397628
corrclip,coco_stuff164k,98,desk-stuff,111,furniture-other,1672138,0.001463949657693519,0.09053400039978941
corrclip,coco_stuff164k,103,floor-other,127,paper,1648306,0.0014430848437594107,0.6187636784077301
corrclip,coco_stuff164k,119,mat,10,fire hydrant,1619933,0.0014182444037731548,0.08788902130659053
corrclip,coco_stuff164k,159,wall-brick,163,wall-stone,1566636,0.0013715831085295256,0.026207200176637756
corrclip,coco_stuff164k,161,wall-other,147,snow,1557704,0.0013637631807828215,0.25377773838786954
corrclip,coco_stuff164k,152,structural-other,102,floor-marble,1536199,0.001344935645382813,0.09213676771029428
corrclip,coco_stuff164k,168,window-blind,83,bridge,1530731,0.001340148434800751,0.12871219360841327
corrclip,coco_stuff164k,98,desk-stuff,112,grass,1516090,0.0013273303020041212,0.08208514648080285
corrclip,coco_stuff164k,160,wall-concrete,83,bridge,1471846,0.0012885948694889868,0.06790499521639531
corrclip,coco_stuff164k,159,wall-brick,102,floor-marble,1429928,0.0012518958400122347,0.02392030397244751
corrclip,coco_stuff164k,156,towel,114,ground-other,1411669,0.0012359101637105026,0.019313775529679306
corrclip,coco_stuff164k,107,flower,144,shelf,1380618,0.0012087251461933828,0.18351885031445436
corrclip,context459,359,sky,103,cup,71373943,0.07813262184066544,0.9357499520580832
corrclip,context459,283,person,27,bird nest,35084765,0.038407079122889626,0.4630937299672012
corrclip,context459,419,tree,163,forceps,30490615,0.033377891025080694,0.5574543174578519
corrclip,context459,439,wall,183,glove,25025524,0.027395289105107967,0.4368897092796853
corrclip,context459,444,water,188,ground,22962166,0.025136543636388217,0.8773949696614664
corrclip,context459,323,road,67,ceiling,13909276,0.015226399945221515,0.6328495687413004
corrclip,context459,419,tree,228,leaves,13133694,0.014377375041098915,0.2401209166974915
corrclip,context459,367,sofa,111,dock,10993360,0.012034364412770327,0.5807568736978896
corrclip,context459,188,ground,97,cow,10180001,0.011143985256224334,0.18344184181501594
corrclip,context459,415,train,159,fly,9439709,0.010333592100732421,0.8084760535971056
corrclip,context459,188,ground,157,floor,9368726,0.010255887441819071,0.1688228078661512
corrclip,context459,257,motorbike,1,aeroplane,8158806,0.008931395367485193,0.8023170294584895
corrclip,context459,396,table,140,fan,7340421,0.008035514279269667,0.5110720116255948
corrclip,context459,188,ground,67,ceiling,7188471,0.00786917553729083,0.12953499317670297
corrclip,context459,346,sheep,90,cooker,5072709,0.005553063728099485,0.8692901897553595
corrclip,context459,283,person,57,cap,4848614,0.005307748292865874,0.06399822664997731
corrclip,context459,365,snow,109,disc case,4598154,0.005033571252286611,0.9005917500489159
corrclip,context459,439,wall,114,door,4525526,0.004954065821865822,0.07900556801438631
corrclip,context459,439,wall,67,ceiling,4158048,0.0045517898875130835,0.07259022356099225
corrclip,context459,283,person,28,blackboard,4024217,0.004405285904770276,0.05311677763061604
corrclip,context459,258,mountain,2,air conditioner,3957313,0.004332046502379016,0.6725439217850966
corrclip,context459,43,building,183,glove,3942594,0.004315933702489668,0.07148381189992425
corrclip,context459,419,tree,186,grass,3934101,0.0043066364669804465,0.07192644647427586
corrclip,context459,188,ground,77,clock,3882688,0.0042503549681890155,0.06996536030920435
corrclip,context459,430,unknown,157,floor,3863002,0.004228804823571738,0.12831857216547393
corrclip,context459,283,person,79,cloth,3829620,0.004192261750950892,0.05054823682464435
corrclip,context459,453,window,197,hard disk drive,3777806,0.004135541279895338,0.485513651756511
corrclip,context459,323,road,97,cow,3714185,0.004065895757661475,0.16898941220775307
corrclip,context459,43,building,38,brick,3292378,0.0036041461970305663,0.05969464004040203
corrclip,context459,43,building,89,controller,3193095,0.0034954617000257306,0.05789452384866122
corrclip,context459,283,person,155,flame,3099209,0.0033926852661367874,0.040907335584488586
corrclip,context459,439,wall,157,floor,3033133,0.003320352270315836,0.05295172219277485
corrclip,context459,283,person,156,flashlight,2952570,0.0032321604435962513,0.038971805975877544
corrclip,context459,157,floor,73,chicken,2906088,0.0031812768805514324,0.10470064268972057
corrclip,context459,186,grass,188,ground,2876110,0.003148460146052969,0.05026185846144899
corrclip,context459,188,ground,75,clip,2755919,0.0030168877884539018,0.04966117952768343
corrclip,context459,439,wall,78,closet,2712765,0.0029696473667931277,0.04735881303400902
corrclip,context459,426,tvmonitor,84,computer,2708863,0.0029653758710958492,0.3323929576738924
corrclip,context459,43,building,67,ceiling,2490337,0.0027261567863333157,0.045152704456868156
corrclip,context459,325,rock,69,cello,2466214,0.00269974948476862,0.5602142894948037
corrclip,context459,283,person,40,broom,2416896,0.0026457613697511,0.03190129344126457
corrclip,context459,283,person,234,line,2404113,0.0026317678973015084,0.031732567011141105
corrclip,context459,43,building,114,door,2186608,0.002393666495036904,0.03964574464701909
corrclip,context459,426,tvmonitor,83,comb,2130352,0.0023320833935643053,0.2614063546833088
corrclip,context459,353,sidewalk,97,cow,2117685,0.002318216905610071,0.7824021990323814
corrclip,context459,43,building,143,fence,2066546,0.0022622353529542258,0.03746888103277712
corrclip,context459,439,wall,201,heater,2051677,0.0022459583489760535,0.035817694289470896
corrclip,context459,307,pottedplant,51,camel,1962879,0.002148751717780024,0.2767688495012214
corrclip,context459,457,wood,201,heater,1903647,0.002083910807185155,0.5241961088294133
corrclip,context459,43,building,197,hard disk drive,1889557,0.0020684865697749425,0.03425986473935312
corrclip,context59,29,ground,25,floor,11049505,0.01319426932811483,0.19911015218409386
corrclip,context59,29,ground,44,sidewalk,10894472,0.013009143645403648,0.19631648457422748
corrclip,context59,29,ground,40,road,8357912,0.00998022462985291,0.15060811595281998
corrclip,context59,10,building,55,wall,7334422,0.00875807008857416,0.1329815960361798
corrclip,context59,52,tree,28,grass,6796446,0.00811567024929974,0.12425817472258752
corrclip,context59,55,wall,23,door,5762893,0.0068814994292601935,0.10060722993772012
corrclip,context59,55,wall,15,ceiling,5507994,0.006577123255172111,0.09615726317555832
corrclip,context59,36,people,17,cloth,4442513,0.005304827050229979,0.058637984766259116
corrclip,context59,40,road,44,sidewalk,3726508,0.0044498418893312,0.16955008878326996
corrclip,context59,54,tvmonitor,18,computer,3680048,0.004394363770358068,0.4515629026281109
corrclip,context59,28,grass,29,ground,3587573,0.004283938909143251,0.062695128609864
corrclip,context59,10,building,24,fence,3537651,0.004224326798609961,0.06414172462383368
corrclip,context59,55,wall,25,floor,3327529,0.003973419064755626,0.05809121828696662
corrclip,context59,10,building,23,door,2904972,0.003468841632148444,0.05267051895846916
corrclip,context59,55,wall,10,building,2656012,0.003171557247741408,0.04636803251445826
corrclip,context59,10,building,57,window,2654525,0.003169781613584864,0.04812962374103101
corrclip,context59,10,building,15,ceiling,2630267,0.003140815014143404,0.0476897980047091
corrclip,context59,55,wall,58,wood,1969333,0.002351590410497517,0.03438015211369362
corrclip,context59,55,wall,57,window,1843016,0.0022007546473823835,0.032174939651126125
corrclip,context59,48,sofa,3,bedclothes,1701884,0.002032228218477604,0.08990707401890406
corrclip,context59,16,chair,48,sofa,1609362,0.0019217472343271069,0.10907680912910542
corrclip,context59,52,tree,39,pottedplant,1562587,0.0018658929722744112,0.028568491306374517
corrclip,context59,16,chair,49,table,1540068,0.0018390029214531466,0.10438030926655602
corrclip,context59,46,sky,52,tree,1536395,0.0018346169737349306,0.020142946951834773
corrclip,context59,29,ground,50,track,1512461,0.001806037264318165,0.02725428332604101
corrclip,context59,29,ground,28,grass,1473539,0.0017595603089442468,0.02655291567714549
corrclip,context59,2,bed,3,bedclothes,1461646,0.0017453588180069359,0.48700900385203466
corrclip,context59,55,wall,21,curtain,1440773,0.0017204342640395193,0.025152676008223445
corrclip,context59,49,table,25,floor,1420958,0.0016967730731774313,0.09893327146978108
corrclip,context59,40,road,25,floor,1419353,0.0016948565346291773,0.06457826661442846
corrclip,context59,55,wall,32,light,1400157,0.0016719344947710578,0.02444361143750342
corrclip,context59,52,tree,34,mountain,1382619,0.00165099228102696,0.025278169395706113
corrclip,context59,10,building,58,wood,1376325,0.0016434765840657698,0.02495437202338441
corrclip,context59,10,building,25,floor,1302221,0.0015549886260721201,0.023610780368491218
corrclip,context59,17,cloth,3,bedclothes,1226820,0.001464951913874679,0.1723764619197968
corrclip,context59,36,people,1,bag,1178644,0.001407424710696685,0.01555725530051183
corrclip,context59,52,tree,24,fence,1173911,0.0014017730116631115,0.021462399340297478
corrclip,context59,10,building,44,sidewalk,1124544,0.0013428236294128618,0.020389289835369407
corrclip,context59,10,building,38,platform,1093419,0.0013056571108369097,0.01982495740717996
corrclip,context59,48,sofa,25,floor,1077841,0.0012870553429212093,0.056940150190970464
corrclip,context59,12,cabinet,23,door,1059284,0.0012648963361673478,0.1490140139717695
corrclip,context59,38,platform,44,sidewalk,996517,0.0011899459467229533,0.4788343453631703
corrclip,context59,36,people,3,bedclothes,943416,0.0011265377763486038,0.012452414441160917
corrclip,context59,36,people,49,table,886312,0.0010583496036012574,0.011698682604677274
corrclip,context59,55,wall,12,cabinet,866141,0.0010342633113540115,0.015120885767875066
corrclip,context59,10,building,52,tree,850288,0.0010153331645593267,0.015416709773505156
corrclip,context59,52,tree,29,ground,820585,0.0009798646633139773,0.015002604935687634
corrclip,context59,10,building,46,sky,818801,0.00097773437996813,0.014845813864544479
corrclip,context59,36,people,33,motorbike,813032,0.0009708455881395462,0.010731439172036453
corrclip,context59,3,bedclothes,2,bed,796686,0.0009513267475727185,0.10831493157154988
corrclip,voc20,8,chair,17,sofa,608646,0.009314965739785392,0.28788573228650366
corrclip,voc20,8,chair,10,diningtable,429577,0.006574420989540372,0.2031872208450222
corrclip,voc20,14,person,13,motorbike,285907,0.004375636921568238,0.021993483964881134
corrclip,voc20,14,person,17,sofa,268470,0.004108773987112679,0.020652137373522294
corrclip,voc20,10,diningtable,4,bottle,160129,0.0024506792929651963,0.05589632603193996
corrclip,voc20,14,person,4,bottle,134657,0.002060845453058562,0.010358531166634601
corrclip,voc20,19,tvmonitor,6,car,82467,0.0012621084828666942,0.04654540077234198
corrclip,voc20,10,diningtable,19,tvmonitor,81949,0.0012541808003497486,0.028605986560781917
corrclip,voc20,14,person,6,car,81209,0.001242855539611255,0.006247027317638366
corrclip,voc20,14,person,1,bicycle,67903,0.0010392151080080168,0.005223459172623698
corrclip,voc20,13,motorbike,8,chair,64006,0.000979573836254085,0.024737191973533686
corrclip,voc20,10,diningtable,2,bird,62630,0.0009585149730430481,0.021862291648485906
corrclip,voc20,14,person,8,chair,61599,0.0009427361300411739,0.004738522032523559
corrclip,voc20,17,sofa,8,chair,60933,0.0009325433953765297,0.017513332672268473
corrclip,voc20,11,dog,17,sofa,60902,0.0009320689587780252,0.012097197892336091
corrclip,voc20,10,diningtable,15,pottedplant,59793,0.0009150963720766882,0.02087197835762283
corrclip,voc20,14,person,10,diningtable,58249,0.0008914663685898852,0.004480822251537602
corrclip,voc20,7,cat,11,dog,52231,0.000799364450854406,0.009129775801261014
corrclip,voc20,18,train,5,bus,45181,0.0006914683857106492,0.01152869159391223
corrclip,voc20,9,cow,11,dog,42385,0.0006486772654068273,0.014286224688591647
corrclip,voc20,10,diningtable,8,chair,39026,0.0005972697642979083,0.01362282921720918
corrclip,voc20,10,diningtable,17,sofa,37221,0.0005696453107398258,0.012992756785059779
corrclip,voc20,10,diningtable,14,person,34822,0.0005329300397781419,0.012155336416790296
corrclip,voc20,3,boat,5,bus,28007,0.0004286305101391769,0.02076664642424701
corrclip,voc20,12,horse,16,sheep,27063,0.00041418315049439585,0.010243620495114002
corrclip,voc20,15,pottedplant,4,bottle,24654,0.0003773148354686781,0.01996983545581348
corrclip,voc20,12,horse,11,dog,23644,0.0003618573850012746,0.008949494253647987
corrclip,voc20,9,cow,16,sheep,23576,0.0003608166853658455,0.007946491288385907
corrclip,voc20,17,sofa,14,person,23167,0.0003545571831468673,0.006658647662489024
corrclip,voc20,10,diningtable,6,car,21048,0.00032212714597812674,0.007347237978881229
corrclip,voc20,13,motorbike,6,car,20279,0.0003103580574539354,0.007837476424574096
corrclip,voc20,3,boat,4,bottle,20178,0.00030881231240719505,0.014961595013691438
corrclip,voc20,14,person,12,horse,15765,0.00024127396694912428,0.0012127274767891347
corrclip,voc20,5,bus,6,car,14176,0.00021695526517416974,0.003280910360048436
corrclip,voc20,19,tvmonitor,10,diningtable,13971,0.00021381786186147893,0.007885406213277915
corrclip,voc20,0,aeroplane,8,chair,13359,0.00020445156514261665,0.00694402210609867
corrclip,voc20,19,tvmonitor,14,person,12730,0.00019482509351489706,0.007184970373990972
corrclip,voc20,5,bus,18,train,12518,0.00019158055935738266,0.0028971808611093623
corrclip,voc20,14,person,11,dog,12079,0.00018486192494630334,0.0009291807923968256
corrclip,voc20,6,car,3,boat,11599,0.00017751580987268587,0.003227813685662875
corrclip,voc20,15,pottedplant,10,diningtable,10216,0.0001563498158168255,0.008274999554497871
corrclip,voc20,2,bird,3,boat,9716,0.0001486976126151406,0.004515111169974232
corrclip,voc20,14,person,5,bus,8950,0.00013697443731015935,0.0006884815044251668
corrclip,voc20,10,diningtable,16,sheep,8773,0.0001342655573767629,0.003062396369665765
corrclip,voc20,14,person,15,pottedplant,8513,0.00013028641171188677,0.0006548651449353569
corrclip,voc20,0,aeroplane,3,boat,8437,0.00012912327682523068,0.004385561382525225
corrclip,voc20,14,person,18,train,8220,0.00012580222063569943,0.0006323260297625554
corrclip,voc20,12,horse,14,person,7359,0.00011262512672239806,0.002785456276966483
corrclip,voc20,4,bottle,10,diningtable,7174,0.00010979381153777467,0.003733003360951869
corrclip,voc20,8,chair,7,cat,6958,0.0001064880597546468,0.0032910902647014725
naclip,ade20k,1,building,25,house,9044519,0.020184061066644145,0.1759990016657844
naclip,ade20k,1,building,0,wall,8378162,0.018696995764422346,0.16303223508007572
naclip,ade20k,0,wall,25,house,8358247,0.01865255276240729,0.10636095425836609
naclip,ade20k,3,floor,28,rug,6625808,0.01478638203843226,0.21334097854157735
naclip,ade20k,0,wall,14,door,4176464,0.009320341349124356,0.053146634272199976
naclip,ade20k,0,wall,79,hovel,3966890,0.008852648770449814,0.05047974842547365
naclip,ade20k,0,wall,5,ceiling,3760751,0.008392621856446212,0.04785657388302888
naclip,ade20k,1,building,11,sidewalk,3426425,0.0076465284046919645,0.06667545054443308
naclip,ade20k,6,road,11,sidewalk,3378227,0.007538968082767702,0.17256595172564573
naclip,ade20k,1,building,86,awning,2696552,0.006017718602546072,0.05247271413105265
naclip,ade20k,0,wall,145,shower,2492556,0.005562474081377933,0.03171844941916839
naclip,ade20k,13,earth,9,grass,2131817,0.004757436466318454,0.2743057070135259
naclip,ade20k,5,ceiling,25,house,2025599,0.004520396707943596,0.09436122899412305
naclip,ade20k,1,building,4,tree,1916975,0.004277987636847262,0.03730277820393401
naclip,ade20k,1,building,14,door,1812707,0.004045299565840185,0.03527380751951309
naclip,ade20k,0,wall,3,floor,1748217,0.0039013814538667478,0.022246534275751597
naclip,ade20k,17,plant,9,grass,1691376,0.0037745331145477502,0.26802027754136
naclip,ade20k,2,sky,4,tree,1623859,0.0036238598447987883,0.04081314997254675
naclip,ade20k,16,mountain,34,rock,1555734,0.0034718297412448976,0.28067680655698074
naclip,ade20k,0,wall,10,cabinet,1536609,0.0034291497305224293,0.019553765228760726
naclip,ade20k,12,people,121,step,1459554,0.0032571911304586487,0.17120753562116944
naclip,ade20k,0,wall,35,wardrobe,1457172,0.003251875376966313,0.01854290791341436
naclip,ade20k,21,water,128,lake,1396989,0.003117568914989303,0.350654162162135
naclip,ade20k,8,windowpane,25,house,1364553,0.0030451836168039967,0.15308421009764586
naclip,ade20k,12,people,92,apparel,1338874,0.0029878774732566885,0.15705161854049773
naclip,ade20k,16,mountain,68,hill,1326370,0.0029599731148737475,0.2392962395325824
naclip,ade20k,19,chair,15,table,1309347,0.0029219839999702923,0.26868579747034416
naclip,ade20k,0,wall,65,toilet,1268200,0.0028301589332410163,0.016138188090213158
naclip,ade20k,1,building,79,hovel,1261420,0.0028150284510084236,0.024546209774257064
naclip,ade20k,0,wall,18,curtain,1260019,0.002811901931007264,0.01603408265198099
naclip,ade20k,7,bed,131,blanket,1226356,0.0027367784172320766,0.100761166843687
naclip,ade20k,0,wall,50,refrigerator,1155208,0.0025780020824408517,0.01470033432212503
naclip,ade20k,5,ceiling,86,awning,1147026,0.0025597428485725515,0.0534334698270551
naclip,ade20k,1,building,84,tower,1122463,0.002504927209180343,0.021842219294003512
naclip,ade20k,4,tree,68,hill,1082421,0.0024155680986261427,0.05119686430019776
naclip,ade20k,10,cabinet,50,refrigerator,1078637,0.0024071235934981,0.11753307561064216
naclip,ade20k,1,building,121,step,1066641,0.0023803529054653295,0.02075596846397182
naclip,ade20k,0,wall,7,bed,1014900,0.0022648859023389903,0.012914877064151817
naclip,ade20k,21,water,60,river,1003511,0.002239469816476601,0.25188838918952566
naclip,ade20k,1,building,8,windowpane,957369,0.0021364977351821623,0.018629623999437708
naclip,ade20k,10,cabinet,73,kitchenisland,951691,0.002123826514221003,0.10370047593487675
naclip,ade20k,1,building,48,skyscraper,933374,0.002082949664212979,0.018162700767260242
naclip,ade20k,29,field,9,grass,908036,0.002026404508046396,0.4466364395633367
naclip,ade20k,5,ceiling,79,hovel,859995,0.001919194552746103,0.04006231496401848
naclip,ade20k,0,wall,42,column,810457,0.0018086438405280827,0.010313284580531372
naclip,ade20k,3,floor,110,stool,801044,0.0017876374645317116,0.025792403102362655
naclip,ade20k,0,wall,36,lamp,791241,0.0017657607510617843,0.010068755781965266
naclip,ade20k,0,wall,45,counter,782401,0.0017460331016611768,0.009956264390451715
naclip,ade20k,5,ceiling,106,canopy,779127,0.0017387267301523996,0.03629513110072829
naclip,ade20k,30,armchair,23,sofa,769912,0.0017181622177964496,0.440843240556717
naclip,ade847,4,"road, route",8,"sidewalk, pavement",51934843,0.023289333516995633,0.38526321572548683
naclip,ade847,4,"road, route",163,"curb, curbing, kerb",45836127,0.020554463769734865,0.3400217015082112
naclip,ade847,5,"floor, flooring",27,"rug, carpet, carpeting",34062260,0.015274665093001622,0.28527384312758514
naclip,ade847,1,"building, edifice",26,house,27314748,0.012248853358518661,0.08124785071574038
naclip,ade847,1,"building, edifice",0,wall,22466132,0.010074570572685626,0.0668256188523547
naclip,ade847,1,"building, edifice",80,"bus, autobus, coach, charabanc, double-decker, jitney, motorbus, motorcoach, omnibus, passenger vehicle",19787662,0.008873454375121164,0.058858496816061735
naclip,ade847,1,"building, edifice",90,hill,14678799,0.006582468065609478,0.04366215898599391
naclip,ade847,1,"building, edifice",53,"cliff, drop, drop-off",13268090,0.005949858616950369,0.03946599820737895
naclip,ade847,3,tree,195,forest,12592873,0.0056470685630872,0.1260583482359902
naclip,ade847,0,wall,138,manhole,11372872,0.005099979007428619,0.03586709630757412
naclip,ade847,16,"plant, flora, plant life",240,jar,11067155,0.004962885203663479,0.42873950954932505
naclip,ade847,1,"building, edifice",249,"hat, chapeau, lid",10933814,0.004903090606412271,0.032522682897373686
naclip,ade847,0,wall,26,house,10856757,0.004868535651219297,0.03423940310828518
naclip,ade847,1,"building, edifice",13,"windowpane, window",10460429,0.004690808821966653,0.03111459691352823
naclip,ade847,1,"building, edifice",20,door,10432331,0.004678208732020092,0.031031019275930737
naclip,ade847,1,"building, edifice",163,"curb, curbing, kerb",9922378,0.004449528624235951,0.02951416159831116
naclip,ade847,1,"building, edifice",8,"sidewalk, pavement",9754124,0.004374077861410528,0.02901368925734993
naclip,ade847,1,"building, edifice",3,tree,9531632,0.004274304951865708,0.028351885721712457
naclip,ade847,6,ceiling,249,"hat, chapeau, lid",9335930,0.004186545580995114,0.12360050112064765
naclip,ade847,8,"sidewalk, pavement",163,"curb, curbing, kerb",9312957,0.004176243713732592,0.16225143450669613
naclip,ade847,1,"building, edifice",202,jacket,9054327,0.0040602653073378596,0.02693213967881005
naclip,ade847,3,tree,240,jar,8133421,0.003647300027519793,0.08141792716943269
naclip,ade847,0,wall,6,ceiling,7936239,0.003558876974781418,0.025028844827667606
naclip,ade847,5,"floor, flooring",8,"sidewalk, pavement",7749366,0.003475076824999093,0.06490148981959042
naclip,ade847,7,bed,121,"eiderdown, duvet, continental quilt",7321377,0.003283152136546575,0.13041754712384976
naclip,ade847,0,wall,64,double door,7263526,0.003257209798889143,0.02290728204578128
naclip,ade847,0,wall,109,"doorframe, doorcase",7200733,0.003229051301913756,0.02270924916732793
naclip,ade847,2,sky,3,tree,7113774,0.0031900559562783714,0.03647287706563644
naclip,ade847,0,wall,80,"bus, autobus, coach, charabanc, double-decker, jitney, motorbus, motorcoach, omnibus, passenger vehicle",6608052,0.0029632731714554334,0.020840086610440862
naclip,ade847,1,"building, edifice",22,sea,6500507,0.0029150463697861706,0.019335789673498922
naclip,ade847,1,"building, edifice",64,double door,6311539,0.00283030675141398,0.018773703438837264
naclip,ade847,0,wall,46,"wardrobe, closet, press",5972031,0.002678059924679794,0.0188342409049199
naclip,ade847,9,"earth, ground",12,grass,5877232,0.002635548858879948,0.17225999593181154
naclip,ade847,0,wall,249,"hat, chapeau, lid",5697595,0.002554993575310639,0.017968740753131908
naclip,ade847,10,cabinet,121,"eiderdown, duvet, continental quilt",5645379,0.002531578161521414,0.15582622752254063
naclip,ade847,0,wall,137,"basket, handbasket",5219028,0.0023403880074603996,0.016459464232774796
naclip,ade847,1,"building, edifice",255,pier,5172729,0.002319625975841215,0.015386307557550266
naclip,ade847,0,wall,121,"eiderdown, duvet, continental quilt",5156986,0.0023125662841895415,0.016263799814049736
naclip,ade847,7,bed,150,"blanket, cover",5113792,0.002293196639191614,0.0910932750958687
naclip,ade847,1,"building, edifice",33,"rock, stone",5065320,0.002271460161154397,0.01506681896488498
naclip,ade847,0,wall,27,"rug, carpet, carpeting",4952912,0.0022210526264290404,0.015620203208735627
naclip,ade847,0,wall,54,sand,4935685,0.002213327459174808,0.015565873707085509
naclip,ade847,9,"earth, ground",8,"sidewalk, pavement",4922074,0.0022072238281596952,0.14426458700559638
naclip,ade847,0,wall,101,"hovel, hut, hutch, shack, shanty",4865669,0.002181929925624433,0.01534506135510695
naclip,ade847,9,"earth, ground",127,"ashcan, trash can, garbage can, wastebin, ash bin, ash-bin, ashbin, dustbin, trash barrel, trash bin",4462459,0.002001116975686608,0.13079340226587546
naclip,ade847,0,wall,33,"rock, stone",4426989,0.001985211032544586,0.013961578114619707
naclip,ade847,0,wall,58,"toilet, can, commode, crapper, pot, potty, stool, throne",4329428,0.0019414613928806785,0.013653895958092908
naclip,ade847,0,wall,20,door,4264057,0.001912146833841008,0.013447732734527004
naclip,ade847,0,wall,5,"floor, flooring",4206981,0.0018865520322967724,0.013267729795177022
naclip,ade847,9,"earth, ground",118,"land, ground, soil",4039168,0.0018112990287306,0.11838686362013671
naclip,coco_stuff164k,159,wall-brick,160,wall-concrete,30000035,0.026264902160613293,0.5014802844927767
naclip,coco_stuff164k,144,shelf,93,clothes,22045052,0.019300348613114363,0.2799242686327509
naclip,coco_stuff164k,136,river,127,paper,15031678,0.013160169712463445,0.5181659634403193
naclip,coco_stuff164k,132,platform,111,furniture-other,9311355,0.00815205142453125,0.37079006452719676
naclip,coco_stuff164k,142,sand,165,wall-wood,6456907,0.005652994425345807,0.1957061150752164
naclip,coco_stuff164k,156,towel,84,building-other,6268403,0.0054879599806565175,0.08571602547598735
naclip,coco_stuff164k,156,towel,169,window-other,5604011,0.004906287630064453,0.07663092970310195
naclip,coco_stuff164k,156,towel,81,blanket,5470391,0.004789303892322109,0.07480376968736885
naclip,coco_stuff164k,132,platform,118,light,5325046,0.00466205496729471,0.21205014199869848
naclip,coco_stuff164k,83,bridge,160,wall-concrete,5071702,0.004440253380297281,0.11448340841105209
naclip,coco_stuff164k,159,wall-brick,95,counter,4591870,0.004020162519285573,0.07675765291453315
naclip,coco_stuff164k,93,clothes,144,shelf,4467619,0.0039113813009183825,0.15493303707203468
naclip,coco_stuff164k,85,bush,95,counter,3767288,0.003298244509743156,0.3754007447851735
naclip,coco_stuff164k,44,spoon,108,fog,3539111,0.003098476523462398,0.3534953894220397
naclip,coco_stuff164k,159,wall-brick,89,carpet,2996052,0.0026230306947345153,0.05008197521486733
naclip,coco_stuff164k,132,platform,98,desk-stuff,2902338,0.002540984489085765,0.11557481100223709
naclip,coco_stuff164k,156,towel,114,ground-other,2811667,0.0024616024169046833,0.038447579104596966
naclip,coco_stuff164k,152,structural-other,59,bed,2690669,0.00235566918610579,0.16142793281972018
naclip,coco_stuff164k,142,sand,141,salad,2478562,0.0021699704160016483,0.07512416393685994
naclip,coco_stuff164k,159,wall-brick,115,hill,2445869,0.002141347834516762,0.04088512169909346
naclip,coco_stuff164k,83,bridge,127,paper,2426767,0.0021246241153253667,0.054779353672487784
naclip,coco_stuff164k,107,flower,144,shelf,2377655,0.0020816267696585353,0.31607606281706907
naclip,coco_stuff164k,83,bridge,151,straw,2357501,0.0020639820289725663,0.05321581390477274
naclip,coco_stuff164k,146,skyscraper,29,frisbee,2354962,0.002061759145346404,0.10346113163965387
naclip,coco_stuff164k,107,flower,93,clothes,2308859,0.002021396166292854,0.30693059435441866
naclip,coco_stuff164k,122,moss,114,ground-other,2285528,0.002000969975713101,0.36562685720730415
naclip,coco_stuff164k,161,wall-other,160,wall-concrete,2254827,0.0019740913816970276,0.3672186225883652
naclip,coco_stuff164k,111,furniture-other,113,gravel,2233259,0.001955208690066831,0.042736122704467576
naclip,coco_stuff164k,98,desk-stuff,111,furniture-other,2230311,0.001952627728692303,0.12064557913730534
naclip,coco_stuff164k,84,building-other,111,furniture-other,2192265,0.0019193186186328415,0.20898787073107838
naclip,coco_stuff164k,98,desk-stuff,112,grass,2138318,0.0018720882511729835,0.11566934543645459
naclip,coco_stuff164k,156,towel,113,gravel,2066777,0.0018094544120633813,0.028261729500350365
naclip,coco_stuff164k,163,wall-stone,60,dining table,2013670,0.0017629594610060345,0.16799359417375487
naclip,coco_stuff164k,104,floor-stone,103,floor-other,2012245,0.001761711879608917,0.21825052934493985
naclip,coco_stuff164k,132,platform,102,floor-marble,1993769,0.001745536220736536,0.07939443144014213
naclip,coco_stuff164k,129,pillow,111,furniture-other,1990959,0.001743076077770992,0.24101845772127184
naclip,coco_stuff164k,156,towel,116,house,1978860,0.0017324834550876765,0.02705952603452783
naclip,coco_stuff164k,98,desk-stuff,113,gravel,1947903,0.0017053807341679806,0.10536911019956162
naclip,coco_stuff164k,58,potted plant,80,banner,1909629,0.0016718720110849804,0.1450506435233281
naclip,coco_stuff164k,156,towel,129,pillow,1852017,0.0016214329518213079,0.02532503675241711
naclip,coco_stuff164k,150,stone,111,furniture-other,1770717,0.0015502551500068146,0.6115971973249831
naclip,coco_stuff164k,104,floor-stone,102,floor-marble,1759332,0.0015402876312656337,0.19081927911039248
naclip,coco_stuff164k,103,floor-other,127,paper,1726446,0.0015114960791073136,0.6458081382974147
naclip,coco_stuff164k,85,bush,71,sink,1686691,0.0014766907468670284,0.1680745028313336
naclip,coco_stuff164k,145,sky-other,83,bridge,1670581,0.001462586510861721,0.45894729381202565
naclip,coco_stuff164k,142,sand,36,skateboard,1668844,0.0014610657748008137,0.050581954472409846
naclip,coco_stuff164k,83,bridge,168,window-blind,1640551,0.0014362953744719398,0.03703211863633942
naclip,coco_stuff164k,142,sand,135,railroad,1621009,0.0014191864371649431,0.049132095892346205
naclip,coco_stuff164k,165,wall-wood,135,railroad,1609189,0.0014088380777867475,0.31649330416980614
naclip,coco_stuff164k,143,sea,95,counter,1559196,0.0013650694203929962,0.35040931382794394
naclip,context459,359,sky,103,cup,66620633,0.07292920225767485,0.8734315566092398
naclip,context459,419,tree,163,forceps,32730254,0.03582961023368048,0.5984012262065599
naclip,context459,439,wall,183,glove,25655472,0.028084889354085155,0.4478871932317224
naclip,context459,444,water,188,ground,18670448,0.020438426011854333,0.7134064424290804
naclip,context459,323,road,67,ceiling,12049712,0.01319074653035392,0.5482424133834768
naclip,context459,283,person,27,bird nest,11798310,0.01291553828809684,0.1557292284901817
naclip,context459,283,person,79,cloth,11279065,0.012347123940753633,0.14887556697023652
naclip,context459,188,ground,97,cow,8722646,0.009548627590435812,0.15718055899408864
naclip,context459,43,building,183,glove,8271483,0.009054742194928097,0.1499716011604089
naclip,context459,367,sofa,111,dock,7793665,0.008531677732836335,0.41172348763696115
naclip,context459,188,ground,67,ceiling,7446567,0.008151711660685167,0.1341858380641532
naclip,context459,157,floor,73,chicken,7445322,0.008150348766747927,0.2682403280395899
naclip,context459,43,building,89,controller,6965352,0.0076249285233285025,0.12628992794712343
naclip,context459,415,train,159,fly,6656138,0.007286433835850755,0.5700735247704914
naclip,context459,283,person,28,blackboard,6376891,0.006980743841238292,0.08417038674148952
naclip,context459,396,table,140,fan,5839385,0.0063923392881216345,0.40656336177534286
naclip,context459,188,ground,85,concrete,5446083,0.005961793977836936,0.098137465428289
naclip,context459,419,tree,186,grass,5123550,0.005608719061965532,0.09367292421655572
naclip,context459,419,tree,201,heater,4882411,0.0053447456634658,0.0892642241408941
naclip,context459,257,motorbike,1,aeroplane,4602587,0.005038424030458326,0.4526071498285731
naclip,context459,188,ground,77,clock,4503554,0.004930013206934864,0.08115325730060166
naclip,context459,346,sheep,90,cooker,4341046,0.004752116686490661,0.7439079791639427
naclip,context459,188,ground,157,floor,4220237,0.004619867808045639,0.07604793439370756
naclip,context459,365,snow,109,disc case,4118961,0.004509001586047294,0.8067372896543336
naclip,context459,419,tree,228,leaves,3997330,0.004375852869195515,0.07308245067552081
naclip,context459,439,wall,78,closet,3737080,0.004090958775085664,0.0652410632742366
naclip,context459,43,building,38,brick,3558021,0.0038949439754806074,0.06451105640093309
naclip,context459,43,building,85,concrete,3521234,0.0038546734700434545,0.06384406533150963
naclip,context459,439,wall,114,door,3316005,0.0036300105304082164,0.057890035006658916
naclip,context459,258,mountain,2,air conditioner,3268806,0.0035783420718188182,0.5555324046378577
naclip,context459,188,ground,186,grass,3003077,0.0032874501496911843,0.05411492356359421
naclip,context459,307,pottedplant,36,box,2953064,0.0032327012223954455,0.416386402719411
naclip,context459,367,sofa,105,cushion,2883799,0.0031568772476460935,0.1523452421837455
naclip,context459,283,person,30,boat,2809171,0.003075182429374316,0.037079042043054664
naclip,context459,283,person,126,earrings,2790417,0.003054652539495599,0.03683150269622407
naclip,context459,43,building,114,door,2773212,0.003035818330507472,0.050281557007039714
naclip,context459,367,sofa,73,chicken,2762876,0.003024503574093565,0.1459571257718232
naclip,context459,323,road,97,cow,2709835,0.0029664399135914295,0.1232931110943576
naclip,context459,283,person,7,baby carriage,2562052,0.0028046627612001284,0.03381724851370468
naclip,context459,329,rug,73,chicken,2502668,0.002739655457128584,0.8528116872849798
naclip,context459,323,road,115,drainer,2471704,0.002705759354419583,0.11245853561724904
naclip,context459,453,window,197,hard disk drive,2351208,0.0025738531151732404,0.30217104375373505
naclip,context459,283,person,105,cushion,2316847,0.0025362383371993363,0.030580718411348067
naclip,context459,283,person,155,flame,2269615,0.0024845337537103968,0.0299572898931918
naclip,context459,439,wall,201,heater,2245156,0.0024577586349867355,0.039195405144265553
naclip,context459,430,unknown,28,blackboard,2109171,0.002308896681528414,0.07006100726140572
naclip,context459,414,track,59,card,2099123,0.0022978971969650486,0.6828772464255146
naclip,context459,283,person,183,glove,2092882,0.00229106521217604,0.02762454107249161
naclip,context459,430,unknown,186,grass,2067505,0.0022632851644287747,0.06867697442170058
naclip,context459,188,ground,125,earphone,2055397,0.0022500306103788916,0.037037895314652555
naclip,context59,36,people,17,cloth,18042773,0.02154496571457621,0.2381516606288088
naclip,context59,10,building,55,wall,15154338,0.01809587099705236,0.2747657626070233
naclip,context59,29,ground,44,sidewalk,12651473,0.01510718734996481,0.2279773360329675
naclip,context59,29,ground,40,road,10588154,0.012643367785575585,0.19079668766054425
naclip,context59,29,ground,25,floor,7409302,0.008847484672059053,0.1335143292661446
naclip,context59,52,tree,28,grass,7310421,0.008729410374121425,0.13365508530689024
naclip,context59,52,tree,58,wood,6483501,0.0077419810555406626,0.11853665872899907
naclip,context59,55,wall,23,door,5717720,0.006827558123440708,0.0998186103332998
naclip,context59,10,building,23,door,4940334,0.005899277602647616,0.08957399782447809
naclip,context59,55,wall,12,cabinet,3857235,0.004605943655560227,0.06733870099077353
naclip,context59,29,ground,28,grass,3688236,0.004404141102216699,0.06646136919715893
naclip,context59,40,road,44,sidewalk,3224453,0.003850335496282218,0.1467073980325498
naclip,context59,3,bedclothes,2,bed,2879624,0.003438573458241192,0.3915046536675588
naclip,context59,55,wall,21,curtain,2807042,0.0033519029280795936,0.049004678715852915
naclip,context59,55,wall,58,wood,2741104,0.0032731660316342565,0.047853548627608454
naclip,context59,10,building,57,window,2731046,0.003261155723398532,0.04951703841532771
naclip,context59,10,building,58,wood,2564611,0.003062414855312152,0.0464993784093611
naclip,context59,36,people,49,table,2526710,0.003017157081158027,0.03335075946626483
naclip,context59,10,building,44,sidewalk,2476178,0.002956816566565898,0.04489598532913372
naclip,context59,16,chair,49,table,2447766,0.002922889654894253,0.1659008382046512
naclip,context59,46,sky,52,tree,2361036,0.002819324926987673,0.030954424415187604
naclip,context59,55,wall,15,ceiling,2144039,0.00256020772115873,0.0374301283519301
naclip,context59,36,people,25,floor,2128672,0.0025418579094010864,0.028096943398558952
naclip,context59,55,wall,25,floor,2037384,0.002432850450838468,0.03556817045873175
naclip,context59,56,water,7,boat,1877908,0.002242419359547913,0.07175573213289309
naclip,context59,28,grass,29,ground,1858922,0.002219748081742836,0.03248584875226388
naclip,context59,13,car,53,truck,1838553,0.0021954253567027216,0.08730601445358434
naclip,context59,10,building,15,ceiling,1834166,0.0021901868180041607,0.033255561525542945
naclip,context59,10,building,24,fence,1824287,0.00217839025456603,0.03307644377267279
naclip,context59,16,chair,48,sofa,1792197,0.0021400714246510963,0.12146871250269073
naclip,context59,54,tvmonitor,12,cabinet,1662754,0.0019855028892606726,0.20402941010456982
naclip,context59,36,people,16,chair,1638308,0.0019563117980764886,0.021624490360847664
naclip,context59,52,tree,39,pottedplant,1634537,0.0019518088280668527,0.02988393994986998
naclip,context59,10,building,29,ground,1447802,0.0017288276281863582,0.026250333114780304
naclip,context59,29,ground,41,rock,1441865,0.0017217382267153405,0.02598215572362006
naclip,context59,50,track,51,train,1404370,0.0016769652591970975,0.45686332747657
naclip,context59,10,building,52,tree,1380712,0.0016487151227643304,0.025033913432620302
naclip,context59,36,people,1,bag,1366908,0.0016322316971443323,0.018042205049456854
naclip,context59,48,sofa,2,bed,1333236,0.0015920237930964784,0.0704321491574441
naclip,context59,54,tvmonitor,18,computer,1310083,0.0015643766796960281,0.1607546646575652
naclip,context59,36,people,55,wall,1252373,0.0014954648793099015,0.0165304252110628
naclip,context59,36,people,5,bicycle,1183331,0.0014130214808995923,0.015619120338295503
naclip,context59,48,sofa,17,cloth,1153065,0.0013768806985310859,0.06091408127910458
naclip,context59,29,ground,58,wood,1124683,0.0013429896100098757,0.02026659142548587
naclip,context59,43,shelves,12,cabinet,1101729,0.0013155801235073086,0.3962610657584709
naclip,context59,36,people,29,ground,1099935,0.0013134378991113164,0.014518352962360544
naclip,context59,49,table,25,floor,1099789,0.0013132635597792011,0.07657208988335973
naclip,context59,55,wall,49,table,1085628,0.0012963538386690306,0.0189526381667727
naclip,context59,10,building,25,floor,1073086,0.0012813773735773169,0.01945629648308756
naclip,context59,49,table,58,wood,1065690,0.0012725457728901604,0.07419796930847429
naclip,voc20,8,chair,17,sofa,609080,0.009321607852164454,0.2880910115585474
naclip,voc20,19,tvmonitor,14,person,521004,0.00797365695378126,0.2940611394132594
naclip,voc20,14,person,8,chair,468062,0.007163411069974057,0.036005813399357815
naclip,voc20,13,motorbike,6,car,338502,0.0051805721763534705,0.13082506261014748
naclip,voc20,8,chair,10,diningtable,321735,0.00492396319418817,0.15217863269815007
naclip,voc20,14,person,10,diningtable,302179,0.004624670222563871,0.02324521257270307
naclip,voc20,14,person,1,bicycle,294193,0.00450244923302656,0.022630887064955654
naclip,voc20,14,person,13,motorbike,248239,0.003799150541166106,0.01909586147229039
naclip,voc20,14,person,17,sofa,240798,0.0036852704531186316,0.018523460257270537
naclip,voc20,5,bus,6,car,200924,0.0030750225521906658,0.046502090376860324
naclip,voc20,13,motorbike,1,bicycle,164609,0.0025192430336522928,0.06361848004204929
naclip,voc20,9,cow,12,horse,156290,0.00239192567678266,0.052678873577444586
naclip,voc20,17,sofa,8,chair,137955,0.0021113193853768753,0.03965095775364412
naclip,voc20,14,person,12,horse,130830,0.002002275489752866,0.010064138013848556
naclip,voc20,19,tvmonitor,10,diningtable,119766,0.0018329475373059828,0.06759742040937963
naclip,voc20,7,cat,11,dog,114684,0.0017551705439640577,0.020046317474140225
naclip,voc20,10,diningtable,14,person,110744,0.0016948711827347808,0.03865747447421241
naclip,voc20,14,person,6,car,97499,0.0014921643199221483,0.007500140580999926
naclip,voc20,14,person,4,bottle,93368,0.0014289418170698278,0.007182362134655751
naclip,voc20,18,train,5,bus,81588,0.001248655909638132,0.020818549606341406
naclip,voc20,11,dog,7,cat,78243,0.0011974626702188603,0.01554170724590412
naclip,voc20,11,dog,16,sheep,74801,0.0011447849033784615,0.014858009581698991
naclip,voc20,13,motorbike,8,chair,71348,0.0010919387880676257,0.027574745694586154
naclip,voc20,11,dog,17,sofa,70872,0.0010846538906196218,0.014077577239263792
naclip,voc20,14,person,3,boat,70689,0.001081853184247805,0.005437773080034705
naclip,voc20,2,bird,16,sheep,66359,0.001015585104521214,0.030837614463598194
naclip,voc20,14,person,16,sheep,59784,0.0009149586324190578,0.0045989025989446
naclip,voc20,10,diningtable,8,chair,58538,0.0008958893420404591,0.020433894755214243
naclip,voc20,4,bottle,14,person,55317,0.000846593849015205,0.028784297033422713
naclip,voc20,4,bottle,10,diningtable,52631,0.0008054862134157539,0.027386632267947842
naclip,voc20,18,train,3,boat,52416,0.0008021957660390294,0.013374823456464078
naclip,voc20,18,train,14,person,47347,0.0007246177299803481,0.012081382902037634
naclip,voc20,19,tvmonitor,8,chair,47340,0.0007245105991355244,0.02671928495716674
naclip,voc20,13,motorbike,14,person,46763,0.0007156799566407801,0.018073076090653308
naclip,voc20,11,dog,14,person,46319,0.000708884800197684,0.009200520659011452
naclip,voc20,5,bus,14,person,43836,0.0006708839590981168,0.010145456161334878
naclip,voc20,9,cow,16,sheep,42491,0.0006502995324855845,0.014321952890007024
naclip,voc20,17,sofa,10,diningtable,42377,0.0006485548301556004,0.012179976345374774
naclip,voc20,7,cat,16,sheep,41476,0.0006347655599861642,0.007249843601177496
naclip,voc20,0,aeroplane,3,boat,40490,0.0006196754152724416,0.021046744148209832
naclip,voc20,19,tvmonitor,4,bottle,40203,0.0006152830506346745,0.022691073365715558
naclip,voc20,19,tvmonitor,17,sofa,39905,0.0006107223375264703,0.02252287845829613
naclip,voc20,5,bus,3,boat,37742,0.0005776189064759815,0.008735053527719248
naclip,voc20,14,person,9,cow,36283,0.0005552897775334651,0.002791080941347299
naclip,voc20,10,diningtable,4,bottle,35808,0.0005480201844918644,0.012499520027925648
naclip,voc20,7,cat,17,sofa,33988,0.0005201661648377314,0.005940970303713491
naclip,voc20,16,sheep,9,cow,31459,0.0004814613210436093,0.016276344483794277
naclip,voc20,12,horse,16,sheep,30102,0.00046069324155423655,0.011393912875288093
naclip,voc20,7,cat,14,person,29620,0.0004533165176678123,0.0051774608801928215
naclip,voc20,13,motorbike,4,bottle,29455,0.00045079129061125633,0.011383838852301889
proxyclip,ade20k,1,building,25,house,10539035,0.023519274604155285,0.20508107048266028
proxyclip,ade20k,0,wall,25,house,9839115,0.02195730895161306,0.1252054001823353
proxyclip,ade20k,0,wall,79,hovel,8931513,0.019931872972960313,0.11365591919585555
proxyclip,ade20k,3,floor,28,rug,7041067,0.015713088369025803,0.22671168916407003
proxyclip,ade20k,1,building,0,wall,6808677,0.015194478816513675,0.1324913303476711
proxyclip,ade20k,0,wall,14,door,4713373,0.010518526022431012,0.05997894654891363
proxyclip,ade20k,0,wall,5,ceiling,3406950,0.007603067321877843,0.043354360443109696
proxyclip,ade20k,6,road,11,sidewalk,3126096,0.006976303832651796,0.15968664374115007
proxyclip,ade20k,1,building,11,sidewalk,3015003,0.006728384855857486,0.0586695122227445
proxyclip,ade20k,0,wall,145,shower,2420418,0.005401488428384603,0.0308004738534439
proxyclip,ade20k,5,ceiling,25,house,2396436,0.005347969368664539,0.11163643256427372
proxyclip,ade20k,1,building,14,door,2199617,0.004908741288644381,0.04280276220848092
proxyclip,ade20k,1,building,79,hovel,2108885,0.004706260622873349,0.04103719110192015
proxyclip,ade20k,2,sky,4,tree,2069857,0.0046191643897503945,0.05202261043768314
proxyclip,ade20k,13,earth,9,grass,2064587,0.0046074036756846475,0.2656550711087933
proxyclip,ade20k,1,building,86,awning,2032133,0.004534978208077484,0.03954365945298975
proxyclip,ade20k,1,building,4,tree,1993407,0.0044485559285879,0.03879008291248946
proxyclip,ade20k,10,cabinet,73,kitchenisland,1940767,0.004331082686003286,0.2114745874224963
proxyclip,ade20k,5,ceiling,79,hovel,1750029,0.003905425175666963,0.08152397745820184
proxyclip,ade20k,0,wall,65,toilet,1659724,0.0037038974178477467,0.021120436910456508
proxyclip,ade20k,19,chair,15,table,1626430,0.0036295973772206168,0.33375311630888665
proxyclip,ade20k,0,wall,35,wardrobe,1567547,0.0034981920401554608,0.019947459648517085
proxyclip,ade20k,16,mountain,34,rock,1551397,0.003462151142212043,0.27989434933097834
proxyclip,ade20k,0,wall,10,cabinet,1495142,0.0033366105407379274,0.019026086435560228
proxyclip,ade20k,8,windowpane,25,house,1474239,0.0032899626837898615,0.16538948125147454
proxyclip,ade20k,21,water,128,lake,1438321,0.0032098068341098814,0.36102878775366465
proxyclip,ade20k,12,people,92,apparel,1421524,0.0031723220686141794,0.1667465683807158
proxyclip,ade20k,0,wall,3,floor,1350628,0.0030141081057289444,0.017187106689724348
proxyclip,ade20k,1,building,84,tower,1237178,0.002760929166305988,0.02407448012247769
proxyclip,ade20k,12,people,121,step,1219037,0.0027204450839783383,0.1429945864291582
proxyclip,ade20k,16,mountain,68,hill,1208916,0.0026978587107222805,0.21810584732071095
proxyclip,ade20k,1,building,88,booth,1180376,0.002634167860734346,0.02296915928754773
proxyclip,ade20k,17,plant,9,grass,1163984,0.002597586907230414,0.18444823311534655
proxyclip,ade20k,0,wall,88,booth,1144409,0.0025539026609615345,0.014562914125636928
proxyclip,ade20k,4,tree,68,hill,1044547,0.0023310471717710958,0.04940548179883674
proxyclip,ade20k,17,plant,4,tree,1027865,0.0022938190442483657,0.16287842713568715
proxyclip,ade20k,21,water,60,river,1016351,0.0022681240040675287,0.25511132039525586
proxyclip,ade20k,11,sidewalk,6,road,970434,0.002165654040546296,0.12579061962023816
proxyclip,ade20k,3,floor,15,table,929385,0.0020740476740026825,0.02992478884716609
proxyclip,ade20k,5,ceiling,106,canopy,919476,0.0020519344072707116,0.04283319916261821
proxyclip,ade20k,29,field,9,grass,903772,0.002016888818335515,0.4445391022569986
proxyclip,ade20k,30,armchair,23,sofa,900893,0.0020104639424730316,0.5158415371040618
proxyclip,ade20k,0,wall,18,curtain,864298,0.0019287972762043399,0.010998425871309772
proxyclip,ade20k,0,wall,50,refrigerator,863745,0.001927563182299528,0.010991388796704908
proxyclip,ade20k,1,building,48,skyscraper,837210,0.0018683467595794916,0.01629142734783479
proxyclip,ade20k,0,wall,45,counter,830859,0.0018541736485678108,0.010572905549949862
proxyclip,ade20k,0,wall,36,lamp,799980,0.0017852630053730863,0.010179961921154963
proxyclip,ade20k,0,wall,7,bed,794282,0.0017725471517209754,0.010107453329656749
proxyclip,ade20k,13,earth,68,hill,782551,0.0017463678468433138,0.10069260416308796
proxyclip,ade20k,0,wall,1,building,768824,0.0017157341994086825,0.009783493392422363
proxyclip,ade847,4,"road, route",163,"curb, curbing, kerb",69213642,0.031037729188166344,0.5134408568250147
proxyclip,ade847,1,"building, edifice",26,house,48130881,0.021583508783801046,0.14316553952117975
proxyclip,ade847,4,"road, route",8,"sidewalk, pavement",39840638,0.01786588448745074,0.2955459461470795
proxyclip,ade847,5,"floor, flooring",27,"rug, carpet, carpeting",36564726,0.016396855166608697,0.30623217334748587
proxyclip,ade847,1,"building, edifice",53,"cliff, drop, drop-off",29795339,0.013361233945059718,0.08862638070455116
proxyclip,ade847,1,"building, edifice",0,wall,26039639,0.011677051518826516,0.07745503279634032
proxyclip,ade847,0,wall,26,house,23981302,0.010754023853500324,0.07563082292801852
proxyclip,ade847,1,"building, edifice",80,"bus, autobus, coach, charabanc, double-decker, jitney, motorbus, motorcoach, omnibus, passenger vehicle",23541445,0.010556777153962114,0.07002414259845315
proxyclip,ade847,1,"building, edifice",90,hill,20591496,0.009233920625462976,0.061249504956874035
proxyclip,ade847,1,"building, edifice",3,tree,14047553,0.006299396089724822,0.041784514690212445
proxyclip,ade847,0,wall,138,manhole,13701110,0.006144039375319648,0.04320975668157233
proxyclip,ade847,0,wall,6,ceiling,13489021,0.006048931521498158,0.042540882839610765
proxyclip,ade847,0,wall,64,double door,12845970,0.005760565785850558,0.04051286633263858
proxyclip,ade847,1,"building, edifice",202,jacket,12307533,0.005519112492713799,0.036608816741162994
proxyclip,ade847,3,tree,195,forest,12169617,0.005457266311310498,0.12182143166889924
proxyclip,ade847,1,"building, edifice",143,dirt track,11462261,0.005140064046941509,0.034094551067901234
proxyclip,ade847,2,sky,3,tree,10399385,0.004663434635522853,0.05331846227659519
proxyclip,ade847,1,"building, edifice",8,"sidewalk, pavement",9907504,0.004442858621464751,0.029469918813001705
proxyclip,ade847,0,wall,20,door,9479887,0.004251100750346567,0.029897111302573345
proxyclip,ade847,1,"building, edifice",169,central reservation,8702591,0.0039025350333879807,0.025885899236857166
proxyclip,ade847,0,wall,172,closet,8285811,0.0037156368382165145,0.026131304486971898
proxyclip,ade847,8,"sidewalk, pavement",163,"curb, curbing, kerb",8150250,0.003654846718163635,0.14199461611260528
proxyclip,ade847,1,"building, edifice",64,double door,7870770,0.0035295184692396915,0.023411643628486994
proxyclip,ade847,7,bed,120,arcade machine,7250172,0.0032512214153335027,0.12914915438257257
proxyclip,ade847,1,"building, edifice",22,sea,7017161,0.003146731431756799,0.020872579508195186
proxyclip,ade847,1,"building, edifice",249,"hat, chapeau, lid",6935825,0.003110257628785288,0.020630645180782923
proxyclip,ade847,1,"building, edifice",255,pier,6857049,0.0030749318160715605,0.020396325585816017
proxyclip,ade847,0,wall,46,"wardrobe, closet, press",6783263,0.0030418436874931217,0.021392656780152293
proxyclip,ade847,9,"earth, ground",118,"land, ground, soil",6479623,0.0029056812805113475,0.18991590456522262
proxyclip,ade847,10,cabinet,69,kitchen island,6049397,0.002712753445884352,0.16697810958239911
proxyclip,ade847,9,"earth, ground",127,"ashcan, trash can, garbage can, wastebin, ash bin, ash-bin, ashbin, dustbin, trash barrel, trash bin",5992675,0.0026873173898679503,0.17564359738064939
proxyclip,ade847,10,cabinet,121,"eiderdown, duvet, continental quilt",5846938,0.002621964008540382,0.16138974745507587
proxyclip,ade847,6,ceiling,249,"hat, chapeau, lid",5710213,0.002560651911667167,0.07559880893554652
proxyclip,ade847,0,wall,80,"bus, autobus, coach, charabanc, double-decker, jitney, motorbus, motorcoach, omnibus, passenger vehicle",5670613,0.0025428939373670803,0.017883646504944558
proxyclip,ade847,1,"building, edifice",37,"bathtub, bathing tub, bath, tub",5010199,0.0022467420474828045,0.014902861282416068
proxyclip,ade847,0,wall,32,lamp,4863111,0.0021807828322340387,0.01533699408482071
proxyclip,ade847,23,"painting, picture",210,"air conditioner, air conditioning",4671533,0.0020948728019193424,0.4412825792522422
proxyclip,ade847,9,"earth, ground",12,grass,4546464,0.0020387876481885972,0.13325556488907153
proxyclip,ade847,18,chair,76,book,4511714,0.002023204577306577,0.2000854053412087
proxyclip,ade847,5,"floor, flooring",8,"sidewalk, pavement",4423824,0.0019837917399016624,0.037049839728780364
proxyclip,ade847,0,wall,121,"eiderdown, duvet, continental quilt",4247878,0.001904891625098556,0.013396708353776016
proxyclip,ade847,2,sky,139,"tent, collapsible shelter",4160059,0.0018655106264859474,0.021328948669552122
proxyclip,ade847,0,wall,107,"booth, cubicle, stall, kiosk",3957188,0.0017745364344598656,0.012479947290638338
proxyclip,ade847,7,bed,121,"eiderdown, duvet, continental quilt",3937926,0.0017658987046374347,0.07014727552962144
proxyclip,ade847,1,"building, edifice",148,ruins,3726822,0.0016712325580049735,0.0110854501568214
proxyclip,ade847,1,"building, edifice",59,skyscraper,3589745,0.001609762612471313,0.010677713953926115
proxyclip,ade847,42,work surface,67,countertop,3540405,0.0015876368939873164,0.6943195858092605
proxyclip,ade847,24,water,35,river,3481525,0.0015612331180582988,0.20814003123124272
proxyclip,ade847,14,"car, auto, automobile, machine, motorcar",93,"truck, motortruck",3397801,0.0015236884554244493,0.12148008882652371
proxyclip,ade847,1,"building, edifice",244,roof,3283805,0.0014725688079923113,0.009767693936608965
proxyclip,coco_stuff164k,159,wall-brick,160,wall-concrete,24895822,0.02179618553905167,0.41629836472298287
proxyclip,coco_stuff164k,144,shelf,93,clothes,20508690,0.017955270261929637,0.26049631922879424
proxyclip,coco_stuff164k,136,river,127,paper,11250691,0.009849931786889332,0.3878500756778298
proxyclip,coco_stuff164k,132,platform,111,furniture-other,9131525,0.007994611029693609,0.36384114631063735
proxyclip,coco_stuff164k,159,wall-brick,95,counter,5847943,0.005119849051370886,0.0977870547071398
proxyclip,coco_stuff164k,156,towel,84,building-other,5319605,0.004657291395097015,0.07273851273099166
proxyclip,coco_stuff164k,93,clothes,144,shelf,4397966,0.003850400397722996,0.15257406898656212
proxyclip,coco_stuff164k,156,towel,169,window-other,4148936,0.0036323756992498934,0.056731173471727625
proxyclip,coco_stuff164k,132,platform,118,light,4018771,0.0035184167992107357,0.16012596443638347
proxyclip,coco_stuff164k,142,sand,36,skateboard,3977093,0.00348192788870613,0.1206990768329837
proxyclip,coco_stuff164k,83,bridge,160,wall-concrete,3892726,0.003408064941526753,0.08787211907638887
proxyclip,coco_stuff164k,85,bush,95,counter,3678738,0.0032207193639784163,0.3665675731099799
proxyclip,coco_stuff164k,152,structural-other,59,bed,3594511,0.0031469789861994575,0.21544853256292762
proxyclip,coco_stuff164k,159,wall-brick,115,hill,3581630,0.003135701725865233,0.05989063996532338
proxyclip,coco_stuff164k,83,bridge,127,paper,3572633,0.0031278248908969057,0.08064652698192382
proxyclip,coco_stuff164k,44,spoon,108,fog,3408905,0.0029844817280988323,0.3404269406349374
proxyclip,coco_stuff164k,132,platform,98,desk-stuff,3327845,0.0029135140452564855,0.132596355980422
proxyclip,coco_stuff164k,156,towel,114,ground-other,3248409,0.0028439681674589934,0.04441766623686682
proxyclip,coco_stuff164k,156,towel,81,blanket,3099828,0.0027138861382904915,0.0423860189698078
proxyclip,coco_stuff164k,142,sand,141,salad,3045181,0.0026660429238285406,0.09241688225277662
proxyclip,coco_stuff164k,132,platform,37,surfboard,2968381,0.0025988048527417866,0.1182736887569947
proxyclip,coco_stuff164k,142,sand,165,wall-wood,2946683,0.002579808346668344,0.08942760901478716
proxyclip,coco_stuff164k,159,wall-brick,99,dirt,2472243,0.0021644381585641847,0.041339897035648845
proxyclip,coco_stuff164k,146,skyscraper,29,frisbee,2471411,0.0021637097461274114,0.10871312891039349
proxyclip,coco_stuff164k,163,wall-stone,60,dining table,2459659,0.0021534209204579907,0.20519843019791714
proxyclip,coco_stuff164k,159,wall-brick,89,carpet,2447962,0.0021431802470530197,0.040933879488052355
proxyclip,coco_stuff164k,107,flower,93,clothes,2242528,0.001963323659870257,0.2981688208790293
proxyclip,coco_stuff164k,111,furniture-other,113,gravel,2236360,0.001957923602286102,0.04280400001385738
proxyclip,coco_stuff164k,144,shelf,142,sand,2169570,0.0018994492433292755,0.027557342731750062
proxyclip,coco_stuff164k,98,desk-stuff,112,grass,2126915,0.0018621049735088916,0.1150733190251499
proxyclip,coco_stuff164k,161,wall-other,160,wall-concrete,2117432,0.0018538026476219687,0.34486891058805175
proxyclip,coco_stuff164k,144,shelf,156,towel,2090061,0.0018298394543444225,0.026547439035045774
proxyclip,coco_stuff164k,156,towel,129,pillow,2082061,0.0018228354886062191,0.028469410897087516
proxyclip,coco_stuff164k,127,paper,136,river,2072833,0.0018147564141272013,0.06191329403439007
proxyclip,coco_stuff164k,122,moss,114,ground-other,2007269,0.0017573554129197543,0.32115168407645106
proxyclip,coco_stuff164k,84,building-other,111,furniture-other,1994921,0.0017465447918028373,0.19013598358761255
proxyclip,coco_stuff164k,98,desk-stuff,113,gravel,1990613,0.0017427731562528147,0.10769891829462425
proxyclip,coco_stuff164k,129,pillow,111,furniture-other,1965303,0.0017206143596485734,0.23791390030995463
proxyclip,coco_stuff164k,83,bridge,151,straw,1957920,0.0017141505747679288,0.04419694049415327
proxyclip,coco_stuff164k,142,sand,135,railroad,1954045,0.0017107580288634864,0.05930246730214949
proxyclip,coco_stuff164k,165,wall-wood,135,railroad,1948989,0.0017063315225169418,0.3833476687943992
proxyclip,coco_stuff164k,86,cabinet-merged,100,door-stuff,1948022,0.0017054849181583364,0.3998458106874622
proxyclip,coco_stuff164k,85,bush,71,sink,1934689,0.0016938119337599029,0.19278194083203912
proxyclip,coco_stuff164k,156,towel,116,house,1929027,0.0016888548770086895,0.02637687478636603
proxyclip,coco_stuff164k,156,towel,113,gravel,1909122,0.0016714281347563217,0.026104700424564656
proxyclip,coco_stuff164k,132,platform,102,floor-marble,1883023,0.00164857857203115,0.07502813022461148
proxyclip,coco_stuff164k,104,floor-stone,103,floor-other,1864139,0.0016320457109061208,0.2021569317034887
proxyclip,coco_stuff164k,144,shelf,136,river,1828109,0.0016005016002126867,0.02322018937577348
proxyclip,coco_stuff164k,159,wall-brick,60,dining table,1805905,0.0015810620933063028,0.030197649161576523
proxyclip,coco_stuff164k,107,flower,144,shelf,1759803,0.0015406999897484704,0.2339852102133745
proxyclip,context459,359,sky,103,cup,62126179,0.06800915076546199,0.8145068995389801
proxyclip,context459,419,tree,163,forceps,34309780,0.037558707751040546,0.6272794101407616
proxyclip,context459,439,wall,183,glove,21865444,0.023935968725032425,0.38172177623258713
proxyclip,context459,444,water,188,ground,16738709,0.018323763062914195,0.6395938029202957
proxyclip,context459,323,road,67,ceiling,12190556,0.013344927601596217,0.5546505876593917
proxyclip,context459,283,person,27,bird nest,11241595,0.012306105759365367,0.14838098984931605
proxyclip,context459,367,sofa,111,dock,11024905,0.01206889653265004,0.5824233319582213
proxyclip,context459,188,ground,97,cow,9259686,0.010136522016183189,0.16685792609143335
proxyclip,context459,415,train,159,fly,8717770,0.009543289862855103,0.7466446567121126
proxyclip,context459,283,person,79,cloth,8278777,0.009062726892420651,0.10927391762483449
proxyclip,context459,188,ground,67,ceiling,8033742,0.008794488566387194,0.14476662911395094
proxyclip,context459,43,building,89,controller,7606865,0.008327188907554028,0.13792130430070082
proxyclip,context459,157,floor,73,chicken,7314063,0.008006660336781492,0.2635113240800367
proxyclip,context459,396,table,140,fan,7176523,0.007856096134269026,0.4996607205618518
proxyclip,context459,43,building,183,glove,6781803,0.007423998547997977,0.1229619712286738
proxyclip,context459,283,person,28,blackboard,6693634,0.0073274804792810835,0.08835116712610949
proxyclip,context459,257,motorbike,1,aeroplane,6527607,0.007145731730913067,0.6419089089399163
proxyclip,context459,346,sheep,90,cooker,5144396,0.005631539051536384,0.881574908991766
proxyclip,context459,439,wall,78,closet,4930948,0.005397878822527509,0.08608332989124406
proxyclip,context459,419,tree,228,leaves,4578298,0.005011835009701999,0.083704181982182
proxyclip,context459,188,ground,77,clock,4537420,0.004967086111415649,0.08176351671166728
proxyclip,context459,419,tree,186,grass,4524172,0.0049525836062907025,0.08271460625907102
proxyclip,context459,365,snow,109,disc case,4451392,0.0048729117823932385,0.8718470306635541
proxyclip,context459,439,wall,114,door,4187144,0.0045836411019692614,0.07309817468246334
proxyclip,context459,188,ground,85,concrete,3912385,0.004282864093694415,0.07050049506767643
proxyclip,context459,258,mountain,2,air conditioner,3605124,0.003946507343453158,0.6126895278391107
proxyclip,context459,188,ground,157,floor,3376628,0.0036963741602534478,0.06084624740647409
proxyclip,context459,43,building,38,brick,3341507,0.003657927414896168,0.06058540591556731
proxyclip,context459,43,building,114,door,3291586,0.003603279199441575,0.05968028015981967
proxyclip,context459,419,tree,201,heater,3252825,0.003560847768195496,0.05947080241526244
proxyclip,context459,283,person,7,baby carriage,3246561,0.003553990605446201,0.042852276281629555
proxyclip,context459,307,pottedplant,36,box,3123994,0.0034198172550801596,0.44048778616955936
proxyclip,context459,453,window,197,hard disk drive,3021497,0.0033076144117987864,0.38831481612378793
proxyclip,context459,359,sky,163,forceps,2978445,0.003260485648918412,0.039048981306211955
proxyclip,context459,43,building,85,concrete,2970764,0.003252077304876692,0.05386340439189695
proxyclip,context459,323,road,115,drainer,2898389,0.003172848832019053,0.13187201323020184
proxyclip,context459,323,road,97,cow,2730038,0.002988556014968188,0.12421231492907052
proxyclip,context459,329,rug,73,chicken,2518770,0.0027572822187168907,0.8582986211446298
proxyclip,context459,188,ground,186,grass,2407675,0.0026356671970641185,0.04338588340924215
proxyclip,context459,444,water,111,dock,2392151,0.0026186731685647474,0.09140519470465663
proxyclip,context459,283,person,14,basket,2330728,0.0025514337835791205,0.030763937653821963
proxyclip,context459,283,person,105,cushion,2316804,0.00253619126536054,0.03058015084219409
proxyclip,context459,283,person,126,earrings,2309576,0.0025282788176670683,0.030484746427195075
proxyclip,context459,283,person,30,boat,2188089,0.0023952877367405608,0.028881205175813586
proxyclip,context459,359,sky,106,cutting board,2154638,0.002358669130238856,0.028248438021737488
proxyclip,context459,18,bedclothes,17,bed,2121017,0.0023218644257698177,0.28836682358808113
proxyclip,context459,414,track,59,card,2088066,0.0022857931662308597,0.6792802329519226
proxyclip,context459,188,ground,125,earphone,2015353,0.002206194686826404,0.03631630942152342
proxyclip,context459,439,wall,89,controller,2007368,0.0021974535558313335,0.03504415819374425
proxyclip,context459,71,chair,126,earrings,1975014,0.0021620358285658957,0.13385939590055626
proxyclip,context59,36,people,17,cloth,15310597,0.018282460652511306,0.20208889735344218
proxyclip,context59,10,building,55,wall,13108552,0.01565298767588216,0.23767328450466263
proxyclip,context59,29,ground,44,sidewalk,11711494,0.013984753712551002,0.21103907846035655
proxyclip,context59,29,ground,40,road,10836454,0.01293986406067306,0.19527101033719904
proxyclip,context59,55,wall,23,door,7362928,0.008792109246117168,0.1285402644662807
proxyclip,context59,29,ground,25,floor,6470804,0.007726819504171703,0.11660275905512901
proxyclip,context59,52,tree,28,grass,6055101,0.007230426467333825,0.11070430016230753
proxyclip,context59,10,building,23,door,5285585,0.006311543553004757,0.09583379975748482
proxyclip,context59,52,tree,58,wood,4909484,0.005862439462950649,0.08975919483061409
proxyclip,context59,55,wall,12,cabinet,4538480,0.005419421726155388,0.07923171589820321
proxyclip,context59,3,bedclothes,2,bed,3822490,0.004564454476831827,0.5196937598789657
proxyclip,context59,36,people,49,table,3391037,0.004049254286015757,0.044759255841867206
proxyclip,context59,46,sky,52,tree,3343944,0.003993020298568454,0.04384086553386738
proxyclip,context59,10,building,44,sidewalk,3248399,0.0038789295349591574,0.058897249651346816
proxyclip,context59,40,road,44,sidewalk,3163850,0.0037779691500891763,0.1439500595187099
proxyclip,context59,29,ground,28,grass,3010379,0.0035947086594106245,0.05424650432954239
proxyclip,context59,55,wall,58,wood,2671188,0.003189678985441284,0.046632971551420224
proxyclip,context59,16,chair,49,table,2512351,0.0030000109272549876,0.17027817886362243
proxyclip,context59,56,water,7,boat,2505413,0.002991726226664467,0.09573298804322046
proxyclip,context59,55,wall,25,floor,2413609,0.0028821026099143726,0.04213621797988454
proxyclip,context59,10,building,57,window,2373238,0.0028338953963744605,0.04302956347667359
proxyclip,context59,10,building,58,wood,2272541,0.0027136526037305204,0.0412038098213678
proxyclip,context59,28,grass,29,ground,2180868,0.0026041854147373237,0.038112060644100304
proxyclip,context59,50,track,51,train,2086365,0.002491338908553125,0.6787268712879468
proxyclip,context59,55,wall,21,curtain,2079277,0.002482875092210431,0.03629952859496313
proxyclip,context59,13,car,53,truck,2050135,0.0024480764838782096,0.0973532533148618
proxyclip,context59,10,building,24,fence,2015918,0.0024072177925974596,0.036550936545246986
proxyclip,context59,55,wall,15,ceiling,1854801,0.002214827174978129,0.03238067940801837
proxyclip,context59,36,people,16,chair,1772499,0.0021165499440757036,0.023395715299023213
proxyclip,context59,16,chair,48,sofa,1749116,0.002088628186521921,0.11854883617027391
proxyclip,context59,55,wall,49,table,1714104,0.0020468201817546525,0.029924424289183543
proxyclip,context59,54,tvmonitor,18,computer,1692320,0.002020807798119037,0.20765732712606047
proxyclip,context59,52,tree,39,pottedplant,1668838,0.00199276782416882,0.03051105883688232
proxyclip,context59,10,building,40,road,1656434,0.0019779561455691057,0.030033073778491806
proxyclip,context59,36,people,25,floor,1652029,0.0019726961129802843,0.021805597718097456
proxyclip,context59,29,ground,41,rock,1635674,0.001953166525468326,0.02947456008785602
proxyclip,context59,10,building,29,ground,1575108,0.0018808443611608207,0.028558538869096307
proxyclip,context59,10,building,15,ceiling,1531729,0.0018290452797373275,0.02777202717745197
proxyclip,context59,10,building,52,tree,1490966,0.0017803699770317363,0.027032946606519073
proxyclip,context59,36,people,48,sofa,1392441,0.0016627207804792651,0.018379222333376313
proxyclip,context59,48,sofa,2,bed,1380544,0.0016485145131218963,0.07293133468224268
proxyclip,context59,29,ground,58,wood,1346342,0.0016076737334163637,0.024260847930458178
proxyclip,context59,52,tree,29,ground,1293594,0.0015446870821121286,0.023650541661346367
proxyclip,context59,36,people,44,sidewalk,1268841,0.0015151294006884967,0.01674779099775397
proxyclip,context59,36,people,5,bicycle,1238674,0.0014791068347164247,0.016349608238031322
proxyclip,context59,55,wall,57,window,1220569,0.001457487563429112,0.021308406392041828
proxyclip,context59,52,tree,40,road,1213459,0.0014489974767760993,0.022185448165216986
proxyclip,context59,46,sky,40,road,1203637,0.0014372689773237942,0.015780314463575806
proxyclip,context59,46,sky,34,mountain,1092068,0.001304043874962336,0.014317586162280075
proxyclip,context59,10,building,25,floor,1086702,0.001297636307454591,0.01970317038966515
proxyclip,voc20,8,chair,17,sofa,606086,0.009275786459392765,0.28667486837767414
proxyclip,voc20,14,person,10,diningtable,520059,0.007959194289730074,0.04000569862679864
proxyclip,voc20,14,person,17,sofa,428894,0.00656396807996687,0.032992802945131565
proxyclip,voc20,14,person,8,chair,389047,0.005954133398011796,0.02992756020693831
proxyclip,voc20,8,chair,10,diningtable,328783,0.00503182865051912,0.15551229239714634
proxyclip,voc20,14,person,13,motorbike,299659,0.004586103118427379,0.023051360797155425
proxyclip,voc20,14,person,1,bicycle,266346,0.004076267427911923,0.02048874801984642
proxyclip,voc20,19,tvmonitor,14,person,205716,0.0031483612676756136,0.1161086697137413
proxyclip,voc20,13,motorbike,6,car,165825,0.0025378531918387906,0.06408844263055376
proxyclip,voc20,14,person,12,horse,125495,0.0019206264815908882,0.00965374149696495
proxyclip,voc20,14,person,3,boat,122221,0.0018705198550262555,0.009401888039368526
proxyclip,voc20,14,person,6,car,118781,0.0018178726969986635,0.009137264980684439
proxyclip,voc20,19,tvmonitor,10,diningtable,111100,0.0017003195514143804,0.06270622219563213
proxyclip,voc20,14,person,4,bottle,110723,0.00169454979020031,0.008517400850778518
proxyclip,voc20,13,motorbike,1,bicycle,109828,0.001680852346469294,0.04244658813344464
proxyclip,voc20,17,sofa,8,chair,100535,0.001538628497762779,0.028895719892447623
proxyclip,voc20,14,person,16,sheep,97841,0.0014973984269121008,0.00752644903625282
proxyclip,voc20,11,dog,16,sheep,94069,0.0014396702059585901,0.018685286337627068
proxyclip,voc20,10,diningtable,14,person,86924,0.001330320222206513,0.030342612793437473
proxyclip,voc20,5,bus,6,car,83180,0.0012730205246322967,0.01925127848115328
proxyclip,voc20,10,diningtable,8,chair,71755,0.0010981676814737973,0.025047560869185793
proxyclip,voc20,9,cow,12,horse,67640,0.0010351900491239307,0.022798637205056958
proxyclip,voc20,14,person,9,cow,62056,0.0009497302437675139,0.0047736768981685085
proxyclip,voc20,11,dog,17,sofa,60344,0.0009235291000049448,0.011986360211735724
proxyclip,voc20,7,cat,11,dog,58194,0.0008906246262376998,0.01017208502572387
proxyclip,voc20,19,tvmonitor,4,bottle,53381,0.0008169645182182812,0.030128900513276675
proxyclip,voc20,4,bottle,10,diningtable,50104,0.0007668119784344385,0.02607170342864963
proxyclip,voc20,11,dog,14,person,42497,0.0006503913589240047,0.0084413421370498
proxyclip,voc20,2,bird,16,sheep,42212,0.0006460296030990443,0.019616289903967916
proxyclip,voc20,0,aeroplane,3,boat,42119,0.0006446062933035309,0.021893500043923188
proxyclip,voc20,4,bottle,14,person,38305,0.0005862352872810786,0.019932073284257227
proxyclip,voc20,19,tvmonitor,8,chair,38201,0.0005846436290151282,0.021561119658823968
proxyclip,voc20,17,sofa,10,diningtable,38045,0.0005822561416162026,0.010934875051555874
proxyclip,voc20,12,horse,9,cow,36350,0.0005563151727624908,0.013758844363056348
proxyclip,voc20,11,dog,7,cat,35863,0.0005488619268440497,0.007123605267689882
proxyclip,voc20,16,sheep,7,cat,32595,0.0004988471267178374,0.016864091307710813
proxyclip,voc20,13,motorbike,2,bird,30835,0.0004719113714479066,0.011917184553071763
proxyclip,voc20,14,person,5,bus,30133,0.000461167678152741,0.0023179902986417374
proxyclip,voc20,7,cat,14,person,29299,0.00044840380321233063,0.0051213513277774975
proxyclip,voc20,7,cat,16,sheep,28824,0.00044113421017073,0.005038323173891893
proxyclip,voc20,9,cow,16,sheep,27892,0.0004268705034027894,0.009401235791298767
proxyclip,voc20,10,diningtable,15,pottedplant,27583,0.00042214144182414813,0.009628414346801641
proxyclip,voc20,18,train,9,cow,27052,0.0004140148020239588,0.006902772514962343
proxyclip,voc20,4,bottle,15,pottedplant,26183,0.00040071527285943047,0.013624369528826705
proxyclip,voc20,3,boat,5,bus,25681,0.00039303246084493884,0.019041962610100598
proxyclip,voc20,10,diningtable,4,bottle,24841,0.00038017675946610825,0.008671262762893796
proxyclip,voc20,0,aeroplane,14,person,23381,0.00035783232611718836,0.012153468138535295
proxyclip,voc20,19,tvmonitor,17,sofa,23363,0.0003575568468019277,0.0131863678591949
proxyclip,voc20,0,aeroplane,6,car,23171,0.00035461840077248075,0.012044309919935046
proxyclip,voc20,14,person,15,pottedplant,22256,0.0003406148689133974,0.0017120496494398337
resclip,ade20k,1,building,25,house,9354833,0.0208765685096419,0.1820374603392546
resclip,ade20k,0,wall,25,house,7841896,0.017500246032129785,0.0997902480932741
resclip,ade20k,1,building,0,wall,7046639,0.01572552303672492,0.1371218778023664
resclip,ade20k,3,floor,28,rug,6287119,0.014030551965146921,0.20243570590444868
resclip,ade20k,0,wall,14,door,5181194,0.011562531528114458,0.06593209533502908
resclip,ade20k,0,wall,5,ceiling,4724815,0.010544060384924421,0.060124549094354586
resclip,ade20k,6,road,11,sidewalk,4095825,0.009140384570842049,0.20922215683750467
resclip,ade20k,1,building,11,sidewalk,3675580,0.008202551310394272,0.07152380469793074
resclip,ade20k,0,wall,79,hovel,3644540,0.008133281374037387,0.04637775746909436
resclip,ade20k,1,building,86,awning,2785754,0.006216784867459308,0.054208512678945726
resclip,ade20k,0,wall,145,shower,2747996,0.00613252281021178,0.034968992524170794
resclip,ade20k,2,sky,4,tree,2479785,0.005533973876570788,0.062325508005727004
resclip,ade20k,10,cabinet,73,kitchenisland,2294112,0.005119619595217958,0.24997662712783034
resclip,ade20k,5,ceiling,25,house,2135973,0.004766711139498197,0.09950293092476054
resclip,ade20k,13,earth,9,grass,2099734,0.004685838935128444,0.27017751496040177
resclip,ade20k,1,building,4,tree,1992820,0.0044472459591084704,0.03877866036873917
resclip,ade20k,1,building,14,door,1955052,0.004362961585515467,0.03804372573098637
resclip,ade20k,17,plant,9,grass,1709380,0.0038147114629423816,0.270873242864774
resclip,ade20k,0,wall,7,bed,1675562,0.0037392420458123195,0.02132197974516144
resclip,ade20k,0,wall,3,floor,1643637,0.0036679971128808267,0.020915725483388808
resclip,ade20k,0,wall,18,curtain,1634707,0.003648068616370937,0.020802088817527268
resclip,ade20k,0,wall,10,cabinet,1568817,0.0035010262160308876,0.019963620742094255
resclip,ade20k,0,wall,35,wardrobe,1556980,0.0034746103578911823,0.019812991714792685
resclip,ade20k,1,building,84,tower,1457748,0.003253160798465719,0.02836659336779478
resclip,ade20k,16,mountain,34,rock,1441441,0.0032167695338983313,0.260056704243978
resclip,ade20k,21,water,128,lake,1438342,0.0032098536984353806,0.3610340589028329
resclip,ade20k,0,wall,50,refrigerator,1407705,0.003141483110801171,0.017913426955948206
resclip,ade20k,1,building,48,skyscraper,1401778,0.003128256212837664,0.027277462577839674
resclip,ade20k,8,windowpane,25,house,1378331,0.0030759310776005545,0.1546299135234017
resclip,ade20k,12,people,121,step,1365460,0.0030472077093386517,0.16017019006441835
resclip,ade20k,19,chair,15,table,1321194,0.002948422174455473,0.2711168723822133
resclip,ade20k,0,wall,65,toilet,1228058,0.002740576659232058,0.015627370280469163
resclip,ade20k,16,mountain,68,hill,1217466,0.0027169391861040903,0.21964839038788192
resclip,ade20k,3,floor,110,stool,1194933,0.002666653764843469,0.038475032103499326
resclip,ade20k,0,wall,36,lamp,1056051,0.002356719895606457,0.01343853467186382
resclip,ade20k,12,people,92,apparel,1049662,0.002342461982481968,0.12312668407964897
resclip,ade20k,10,cabinet,50,refrigerator,1040173,0.002321286002259981,0.11334186742819734
resclip,ade20k,1,building,79,hovel,1039210,0.0023191369381906613,0.02022218345951839
resclip,ade20k,4,tree,68,hill,1011697,0.0022577379768830915,0.04785172684373009
resclip,ade20k,21,water,60,river,1003230,0.002238842727168731,0.25181785619351243
resclip,ade20k,29,field,9,grass,936580,0.002090104284572521,0.46067640111871105
resclip,ade20k,5,ceiling,106,canopy,910936,0.0020328762482343782,0.04243536874524054
resclip,ade20k,5,ceiling,86,awning,898985,0.002006205983756249,0.04187863908270181
resclip,ade20k,7,bed,131,blanket,850405,0.0018977931774348104,0.06987188066899468
resclip,ade20k,0,wall,42,column,844630,0.0018849054879225356,0.010748145250462656
resclip,ade20k,2,sky,68,hill,844250,0.001884057466794455,0.021218900079577472
resclip,ade20k,30,armchair,23,sofa,843040,0.0018813571889918833,0.48271553829390196
resclip,ade20k,5,ceiling,79,hovel,843017,0.001881305861397289,0.0392714057337798
resclip,ade20k,0,wall,73,kitchenisland,812724,0.0018137029560474464,0.010342132768830153
resclip,ade20k,17,plant,4,tree,798898,0.0017828483767926048,0.12659566157213856
resclip,ade847,4,"road, route",163,"curb, curbing, kerb",51670668,0.023170868545765194,0.3833035119094133
resclip,ade847,4,"road, route",8,"sidewalk, pavement",47195631,0.021164111171069835,0.3501067783579027
resclip,ade847,5,"floor, flooring",27,"rug, carpet, carpeting",34416010,0.015433298512412116,0.28823652446483006
resclip,ade847,1,"building, edifice",26,house,28645664,0.01284568093739679,0.08520666682794432
resclip,ade847,1,"building, edifice",0,wall,21801981,0.009776742886085203,0.06485009847410667
resclip,ade847,1,"building, edifice",80,"bus, autobus, coach, charabanc, double-decker, jitney, motorbus, motorcoach, omnibus, passenger vehicle",21268128,0.009537345213003787,0.06326215013029804
resclip,ade847,0,wall,138,manhole,16688867,0.007483850284938424,0.052632369374534034
resclip,ade847,1,"building, edifice",90,hill,16452005,0.007377633383204407,0.048936568853375995
resclip,ade847,1,"building, edifice",20,door,15043023,0.006745798379535607,0.04474554504465679
resclip,ade847,3,tree,195,forest,12008983,0.005385232613236758,0.12021343826576239
resclip,ade847,0,wall,6,ceiling,11680336,0.005237856224857957,0.036836758227545785
resclip,ade847,1,"building, edifice",163,"curb, curbing, kerb",11556327,0.005182246410843324,0.03437435084219997
resclip,ade847,1,"building, edifice",3,tree,11290446,0.00506301641173016,0.03358348651512832
resclip,ade847,0,wall,109,"doorframe, doorcase",10994231,0.004930183624929653,0.034672960541956066
resclip,ade847,16,"plant, flora, plant life",240,jar,10786609,0.004837078924421255,0.4178712101131985
resclip,ade847,1,"building, edifice",53,"cliff, drop, drop-off",10691441,0.004794402386588158,0.0318017432305854
resclip,ade847,8,"sidewalk, pavement",163,"curb, curbing, kerb",10665429,0.004782737729328212,0.18581436109705193
resclip,ade847,1,"building, edifice",8,"sidewalk, pavement",10596646,0.00475189311452309,0.031519775042242654
resclip,ade847,2,sky,3,tree,9666138,0.004334621974370946,0.04955904741610809
resclip,ade847,1,"building, edifice",255,pier,9525756,0.00427166995547714,0.02833440753114648
resclip,ade847,0,wall,26,house,9518404,0.004268373070955568,0.030018583956840345
resclip,ade847,1,"building, edifice",13,"windowpane, window",8960168,0.00401804123910246,0.026652063275559197
resclip,ade847,0,wall,64,double door,8627556,0.0038688868111251776,0.027209079812996133
resclip,ade847,7,bed,121,"eiderdown, duvet, continental quilt",8372955,0.0037547151440853717,0.14914957299403836
resclip,ade847,1,"building, edifice",249,"hat, chapeau, lid",8211254,0.0036822029672596572,0.024424414941738654
resclip,ade847,1,"building, edifice",202,jacket,8114573,0.0036388479492468627,0.024136836837227185
resclip,ade847,0,wall,46,"wardrobe, closet, press",7395937,0.0033165873528045154,0.023324872087169435
resclip,ade847,0,wall,137,"basket, handbasket",7071568,0.003171129363770557,0.022301896170251394
resclip,ade847,3,tree,240,jar,6978136,0.0031292313068310195,0.06985318583980793
resclip,ade847,1,"building, edifice",22,sea,6159984,0.0027623443828521214,0.018322902354557666
resclip,ade847,0,wall,80,"bus, autobus, coach, charabanc, double-decker, jitney, motorbus, motorcoach, omnibus, passenger vehicle",5919764,0.002654621640772152,0.018669404307558393
resclip,ade847,0,wall,32,lamp,5883923,0.0026385493287294907,0.018556371065052913
resclip,ade847,9,"earth, ground",12,grass,5854686,0.0026254384728049544,0.1715991790934974
resclip,ade847,5,"floor, flooring",8,"sidewalk, pavement",5792939,0.0025977490374739587,0.048516274948687196
resclip,ade847,6,ceiling,249,"hat, chapeau, lid",5717440,0.0025638927419769325,0.07569448883263218
resclip,ade847,1,"building, edifice",64,double door,5693024,0.0025529437848933237,0.016933927564447133
resclip,ade847,0,wall,27,"rug, carpet, carpeting",5223370,0.0023423351065616866,0.016473157777568713
resclip,ade847,0,wall,20,door,5163330,0.002315411147547111,0.016283807148958215
resclip,ade847,10,cabinet,69,kitchen island,4818391,0.0021607288774183856,0.13299934198546495
resclip,ade847,1,"building, edifice",59,skyscraper,4815306,0.0021593454594710177,0.014323151106450221
resclip,ade847,9,"earth, ground",127,"ashcan, trash can, garbage can, wastebin, ash bin, ash-bin, ashbin, dustbin, trash barrel, trash bin",4566963,0.0020479800904910587,0.13385638474042436
resclip,ade847,10,cabinet,121,"eiderdown, duvet, continental quilt",4561970,0.0020457410610546867,0.12592149706352837
resclip,ade847,9,"earth, ground",8,"sidewalk, pavement",4530917,0.0020318158495410354,0.13279988674726056
resclip,ade847,0,wall,101,"hovel, hut, hutch, shack, shanty",4501462,0.00201860723507111,0.01419644669164352
resclip,ade847,1,"building, edifice",143,dirt track,4303024,0.0019296209496125099,0.012799365807008288
resclip,ade847,0,wall,5,"floor, flooring",4218948,0.001891918438318215,0.013305470617505167
resclip,ade847,1,"building, edifice",250,"arch, archway",4139373,0.0018562343270826247,0.012312585111924386
resclip,ade847,0,wall,121,"eiderdown, duvet, continental quilt",4121933,0.0018484136434514754,0.012999510403736887
resclip,ade847,1,"building, edifice",35,river,4066357,0.0018234914924489096,0.012095398664959527
resclip,ade847,20,door,109,"doorframe, doorcase",4060078,0.001820675777281479,0.1994445036926244
resclip,coco_stuff164k,144,shelf,93,clothes,22836267,0.01999305395705845,0.29010937539302656
resclip,coco_stuff164k,159,wall-brick,160,wall-concrete,21361126,0.018701574329181042,0.3578610892332026
resclip,coco_stuff164k,136,river,127,paper,13523548,0.011839808356368837,0.46620413791030285
resclip,coco_stuff164k,132,platform,111,furniture-other,9239038,0.008088738200745044,0.3679373122463124
resclip,coco_stuff164k,159,wall-brick,95,counter,6518996,0.005707353078935722,0.1092121739868437
resclip,coco_stuff164k,156,towel,84,building-other,5385711,0.004715166914983225,0.07364440195526671
resclip,coco_stuff164k,132,platform,118,light,4597641,0.004025215005069969,0.1830973822397362
resclip,coco_stuff164k,156,towel,81,blanket,4532401,0.00396809766447492,0.06197621095273266
resclip,coco_stuff164k,156,towel,169,window-other,4002066,0.0035037916432536496,0.05472439147876788
resclip,coco_stuff164k,85,bush,95,counter,3963378,0.0034699204649436973,0.3949913534742769
resclip,coco_stuff164k,159,wall-brick,89,carpet,3767876,0.0032987593012249144,0.0631228994883342
resclip,coco_stuff164k,142,sand,165,wall-wood,3659579,0.003203945741531136,0.11091256689994324
resclip,coco_stuff164k,146,skyscraper,29,frisbee,3554545,0.0031119889243628276,0.15621967500038675
resclip,coco_stuff164k,44,spoon,108,fog,3459346,0.003028642607573923,0.3454690804141419
resclip,coco_stuff164k,152,structural-other,59,bed,3370414,0.0029507830224451835,0.20198131920269008
resclip,coco_stuff164k,83,bridge,160,wall-concrete,3359895,0.0029415736829951633,0.07582751391636343
resclip,coco_stuff164k,93,clothes,144,shelf,3351668,0.002934370979729138,0.11626695191430887
resclip,coco_stuff164k,98,desk-stuff,111,furniture-other,2662887,0.0023313461640884436,0.1440848495034002
resclip,coco_stuff164k,156,towel,114,ground-other,2656060,0.002325369154826604,0.03631905801430966
resclip,coco_stuff164k,144,shelf,142,sand,2588229,0.002265983404828094,0.03288057100418898
resclip,coco_stuff164k,144,shelf,156,towel,2533911,0.0022184282284571266,0.03219052122273396
resclip,coco_stuff164k,142,sand,36,skateboard,2533571,0.002218130559913253,0.07678611748325588
resclip,coco_stuff164k,98,desk-stuff,112,grass,2442611,0.002138495469469879,0.1321660432193893
resclip,coco_stuff164k,163,wall-stone,60,dining table,2403546,0.002104294229274514,0.2005507342344357
resclip,coco_stuff164k,83,bridge,127,paper,2374874,0.0020791920160687922,0.053597148507500886
resclip,coco_stuff164k,142,sand,141,salad,2352474,0.0020595809120018227,0.07129752627430015
resclip,coco_stuff164k,84,building-other,111,furniture-other,2348029,0.002055689333538533,0.2238086364474726
resclip,coco_stuff164k,107,flower,93,clothes,2301946,0.002015343864399329,0.3059988751419532
resclip,coco_stuff164k,159,wall-brick,115,hill,2301854,0.0020152633187933396,0.038562760207294516
resclip,coco_stuff164k,132,platform,102,floor-marble,2224965,0.0019479473285877486,0.0886074547958474
resclip,coco_stuff164k,132,platform,98,desk-stuff,2201347,0.0019272698707371372,0.08766688680157858
resclip,coco_stuff164k,156,towel,116,house,2154851,0.0018865628218666982,0.029465508490468282
resclip,coco_stuff164k,165,wall-wood,135,railroad,2128090,0.0018631336809766903,0.41857159828581725
resclip,coco_stuff164k,83,bridge,158,vegetable,2115372,0.0018519991264443812,0.04774059896761224
resclip,coco_stuff164k,142,sand,135,railroad,2057593,0.0018014138593959235,0.06236043032965128
resclip,coco_stuff164k,129,pillow,111,furniture-other,2035945,0.0017824611281083448,0.24646493039780346
resclip,coco_stuff164k,159,wall-brick,99,dirt,2030391,0.001777598624894597,0.034014964137625114
resclip,coco_stuff164k,85,bush,71,sink,2022968,0.0017710998201852614,0.2016095533545251
resclip,coco_stuff164k,122,moss,114,ground-other,1917577,0.0016788304510458856,0.3070000566746577
resclip,coco_stuff164k,83,bridge,159,wall-brick,1852549,0.0016218987155428985,0.041809099712415164
resclip,coco_stuff164k,132,platform,34,baseball bat,1830619,0.001602699094463048,0.07290294017700026
resclip,coco_stuff164k,156,towel,111,furniture-other,1790163,0.0015672800397249528,0.02447875193032937
resclip,coco_stuff164k,150,stone,111,furniture-other,1773212,0.001552439511821417,0.6124132690946139
resclip,coco_stuff164k,44,spoon,140,rug,1744283,0.0015271122962163557,0.174193574158821
resclip,coco_stuff164k,58,potted plant,80,banner,1709317,0.0014964997129661027,0.12977854653573384
resclip,coco_stuff164k,132,platform,37,surfboard,1702112,0.001490191766323133,0.06778525149720081
resclip,coco_stuff164k,107,flower,144,shelf,1690144,0.0014797138335787806,0.22467171811498676
resclip,coco_stuff164k,127,paper,159,wall-brick,1676268,0.0014675654550058666,0.05006164272877268
resclip,coco_stuff164k,159,wall-brick,60,dining table,1647916,0.0014427434004296734,0.02760739367039089
resclip,coco_stuff164k,143,sea,95,counter,1637708,0.0014338063401477257,0.36808953317790505
resclip,context459,359,sky,103,cup,60280419,0.06598860850554192,0.7903080146390563
resclip,context459,419,tree,163,forceps,34352836,0.037605840892696626,0.6280665950857837
resclip,context459,439,wall,183,glove,18901553,0.020691415251505654,0.3299788645825983
resclip,context459,444,water,188,ground,16059663,0.017580415531583096,0.6136471415918853
resclip,context459,323,road,67,ceiling,10666039,0.011676048102383658,0.48528752907972283
resclip,context459,367,sofa,111,dock,9173430,0.010042098096945765,0.4846136693318905
resclip,context459,188,ground,97,cow,8822242,0.009657654726639327,0.15897526153659414
resclip,context459,283,person,27,bird nest,8327206,0.009115741824538406,0.1099131456843236
resclip,context459,415,train,159,fly,7707344,0.008437182658493754,0.6601054185923878
resclip,context459,157,floor,73,chicken,7232177,0.007917020229998477,0.26056113233522704
resclip,context459,43,building,89,controller,7096600,0.007768604911661758,0.12866960674342892
resclip,context459,283,person,79,cloth,7076242,0.007746319132726548,0.09340131826251559
resclip,context459,43,building,183,glove,6689721,0.007323196941950625,0.12129241753702592
resclip,context459,188,ground,67,ceiling,6684943,0.0073179664943746146,0.12046150647218974
resclip,context459,257,motorbike,1,aeroplane,5753907,0.006298767040758246,0.5658251430442651
resclip,context459,396,table,140,fan,5548630,0.006074051555814584,0.3863197350487287
resclip,context459,419,tree,186,grass,4975112,0.005446224885053033,0.09095905950851986
resclip,context459,188,ground,85,concrete,4839814,0.005298114986321526,0.0872126038300094
resclip,context459,346,sheep,90,cooker,4701377,0.005146568843357893,0.8056564854087792
resclip,context459,188,ground,77,clock,4640319,0.005079729021655071,0.08361773873786583
resclip,context459,439,wall,114,door,4240810,0.00464238894617483,0.07403506308241067
resclip,context459,419,tree,228,leaves,4214870,0.004613992585747512,0.07705969456580578
resclip,context459,439,wall,78,closet,4195669,0.004592973367684099,0.07324700212646049
resclip,context459,283,person,126,earrings,4115106,0.004504781540964514,0.054316447231452444
resclip,context459,365,snow,109,disc case,3943936,0.004317402781737681,0.772456995638015
resclip,context459,283,person,28,blackboard,3833541,0.004196554045832755,0.05059999121191761
resclip,context459,188,ground,157,floor,3596509,0.003937076555285027,0.06480846466167156
resclip,context459,283,person,7,baby carriage,3579200,0.0039181284981286485,0.047242872463264515
resclip,context459,43,building,38,brick,3475731,0.003804861612351694,0.06301904305103077
resclip,context459,188,ground,186,grass,3468912,0.0037973968944737496,0.06250918898477618
resclip,context459,359,sky,163,forceps,3442017,0.0037679551013475848,0.0451266541731218
resclip,context459,258,mountain,2,air conditioner,3332885,0.0036484889638705577,0.5664226076529003
resclip,context459,43,building,114,door,3259193,0.0035678187791130427,0.059092957417768564
resclip,context459,419,tree,201,heater,3251392,0.003559279071800263,0.05944460313929122
resclip,context459,43,building,85,concrete,3114380,0.003409292867680459,0.0564673294041654
resclip,context459,323,road,115,drainer,3077195,0.003368586674060959,0.140007397127132
resclip,context459,323,road,97,cow,2927990,0.003205252866907605,0.13321881086972753
resclip,context459,307,pottedplant,36,box,2803630,0.003069116730333153,0.3953159871429208
resclip,context459,367,sofa,73,chicken,2553499,0.002795299844055377,0.13489616425102857
resclip,context459,283,person,105,cushion,2537319,0.0027775876963408814,0.033490790655905746
resclip,context459,329,rug,73,chicken,2412056,0.0026404630511517083,0.8219346502156336
resclip,context459,71,chair,126,earrings,2387835,0.0026139484695823145,0.16183892904566993
resclip,context459,414,track,59,card,2371271,0.0025958159594004298,0.7714112088756478
resclip,context459,453,window,197,hard disk drive,2360652,0.0025841914046056073,0.30338476169668616
resclip,context459,283,person,183,glove,2347469,0.002569760054585818,0.03098490684467677
resclip,context459,444,water,111,dock,2335378,0.002556524110332668,0.08923587214978135
resclip,context459,283,person,155,flame,2287217,0.0025038025561869444,0.030189623666408826
resclip,context459,283,person,185,grandstand,2222766,0.0024332484379949214,0.029338916700290738
resclip,context459,439,wall,67,ceiling,2220682,0.002430967095854192,0.03876814381119972
resclip,context459,58,car,167,fox,2006362,0.002196352293742286,0.09527463704942005
resclip,context59,36,people,17,cloth,13865373,0.016556711427052298,0.18301297728391577
resclip,context59,10,building,55,wall,12751570,0.015226713679600056,0.23120078590611082
resclip,context59,29,ground,44,sidewalk,12625397,0.01507604986760701,0.2275074510627039
resclip,context59,29,ground,40,road,9678076,0.011556639082199996,0.17439724089081152
resclip,context59,55,wall,23,door,7264557,0.008674643941736927,0.1268229266957888
resclip,context59,52,tree,28,grass,7151796,0.0085399954661982,0.13075497354768986
resclip,context59,29,ground,25,floor,6751966,0.008062556458255295,0.12166924923802717
resclip,context59,10,building,23,door,5590677,0.006675855440085057,0.10136547234161895
resclip,context59,52,tree,58,wood,4642399,0.00554351192515601,0.08487612879937037
resclip,context59,29,ground,28,grass,4405147,0.005260208122258604,0.07937998033063966
resclip,context59,55,wall,12,cabinet,4402719,0.005257308835283426,0.07686163230588686
resclip,context59,46,sky,52,tree,3870585,0.004621884957503647,0.05074540617976978
resclip,context59,40,road,44,sidewalk,3381492,0.004037856553652464,0.15385241862352558
resclip,context59,55,wall,21,curtain,3171593,0.0037872151052163604,0.05536892429199424
resclip,context59,55,wall,15,ceiling,2888840,0.003449578330054717,0.0504326889521085
resclip,context59,3,bedclothes,2,bed,2883098,0.0034427217790615246,0.39197696781928176
resclip,context59,36,people,49,table,2842482,0.003394222009793063,0.037518723347431004
resclip,context59,10,building,57,window,2789733,0.0033312341643838136,0.05058110194024832
resclip,context59,56,water,7,boat,2741242,0.0032733308181262556,0.10474412306856146
resclip,context59,10,building,44,sidewalk,2601287,0.0031062098508235292,0.04716435691976355
resclip,context59,36,people,16,chair,2540833,0.0030340214262776465,0.03353717293514019
resclip,context59,55,wall,58,wood,2475176,0.0029556200733413807,0.04321104017866137
resclip,context59,10,building,58,wood,2371596,0.0028319346759406706,0.04299979210809248
resclip,context59,16,chair,49,table,2289176,0.0027335165406465354,0.15515217434917006
resclip,context59,10,building,24,fence,2126360,0.002539097138607589,0.038553378377667834
resclip,context59,36,people,25,floor,2115371,0.002525975118603376,0.027921379740022442
resclip,context59,13,car,53,truck,2107883,0.002517033660254887,0.1000954901297187
resclip,context59,16,chair,48,sofa,1917997,0.0022902898354737393,0.12999498725532033
resclip,context59,10,building,15,ceiling,1814203,0.0021663488995999286,0.03289360913152059
resclip,context59,54,tvmonitor,18,computer,1798063,0.0021470760446660854,0.2206325970172696
resclip,context59,55,wall,25,floor,1758126,0.0020993870727024615,0.03069295000644366
resclip,context59,50,track,51,train,1726259,0.0020613345282057592,0.5615788081676312
resclip,context59,36,people,28,grass,1713637,0.0020462625347128865,0.0226187791236397
resclip,context59,36,people,5,bicycle,1627502,0.0019434082992899268,0.021481858912524566
resclip,context59,52,tree,39,pottedplant,1570574,0.0018754302890251302,0.02871451616135156
resclip,context59,36,people,48,sofa,1554861,0.0018566673169324738,0.02052304982149752
resclip,context59,10,building,52,tree,1530959,0.0018281258188761716,0.02775806618244134
resclip,context59,36,people,44,sidewalk,1468569,0.0017536256070222393,0.019384057323006233
resclip,context59,46,sky,0,aeroplane,1435620,0.0017142810408998605,0.01882173367069864
resclip,context59,36,people,1,bag,1432655,0.0017107405195319022,0.018910018285890205
resclip,context59,29,ground,41,rock,1428636,0.0017059414114786733,0.025743771451813915
resclip,context59,54,tvmonitor,12,cabinet,1419230,0.0016947096597123954,0.17414762478557178
resclip,context59,36,people,55,wall,1318901,0.001574906297713787,0.01740854708724632
resclip,context59,36,people,2,bed,1301397,0.0015540046835401818,0.01717750684372906
resclip,context59,29,ground,30,horse,1297500,0.0015493512562987203,0.023380723612402707
resclip,context59,55,wall,49,table,1288789,0.0015389494075175117,0.02249937509931286
resclip,context59,29,ground,58,wood,1278316,0.0015264435457007747,0.02303503127962403
resclip,context59,55,wall,57,window,1235929,0.0014758290164516542,0.021576557657707073
resclip,context59,36,people,58,wood,1234168,0.00147372619752114,0.01629013227040742
resclip,context59,55,wall,48,sofa,1229992,0.0014687396149806362,0.021472910908732167
resclip,voc20,14,person,8,chair,811184,0.012414689603911096,0.06240057884755581
resclip,voc20,8,chair,17,sofa,609922,0.00933449416235609,0.28848927226606086
resclip,voc20,14,person,10,diningtable,416892,0.006380284594313626,0.032069545401432024
resclip,voc20,14,person,17,sofa,403001,0.006167691084964417,0.031000975951379513
resclip,voc20,14,person,1,bicycle,362204,0.005543317216926141,0.027862654170817108
resclip,voc20,14,person,13,motorbike,356903,0.0054621885585818776,0.02745487311439724
resclip,voc20,8,chair,10,diningtable,351080,0.005373071000095056,0.1660586332468228
resclip,voc20,13,motorbike,6,car,244780,0.00374621259941685,0.09460315988003587
resclip,voc20,14,person,4,bottle,194850,0.002982063587696598,0.014988896216451816
resclip,voc20,19,tvmonitor,14,person,168332,0.0025762213386920385,0.09500867501921824
resclip,voc20,13,motorbike,1,bicycle,157994,0.002418004385294002,0.061061899019880655
resclip,voc20,14,person,12,horse,145118,0.0022209448484442128,0.011163246811080598
resclip,voc20,19,tvmonitor,10,diningtable,130851,0.0020025968822873367,0.07385393231791773
resclip,voc20,14,person,3,boat,125696,0.0019237026672779655,0.009669203483824107
resclip,voc20,5,bus,6,car,121477,0.0018591333766621485,0.028114781871303885
resclip,voc20,17,sofa,8,chair,120688,0.0018470582000098897,0.034688085168147594
resclip,voc20,14,person,6,car,112185,0.0017169248323620366,0.008629865650719255
resclip,voc20,7,cat,11,dog,109710,0.0016790464265136966,0.01917688160587287
resclip,voc20,9,cow,12,horse,107837,0.0016503812733201849,0.036347377887074615
resclip,voc20,14,person,16,sheep,99253,0.0015190082487536588,0.007635067570805707
resclip,voc20,14,person,9,cow,89117,0.001363882785449103,0.006855352651380736
resclip,voc20,19,tvmonitor,4,bottle,80268,0.001228454093185684,0.04530425781457245
resclip,voc20,11,dog,7,cat,70656,0.0010813481388364937,0.014034672330644295
resclip,voc20,11,dog,16,sheep,68546,0.0010490558413253836,0.013615554936259395
resclip,voc20,4,bottle,10,diningtable,64713,0.0009903940515812674,0.03367352195389996
resclip,voc20,2,bird,16,sheep,64382,0.0009853282930617519,0.029918885070531184
resclip,voc20,18,train,5,bus,62744,0.0009602596753730323,0.016010186259012172
resclip,voc20,13,motorbike,8,chair,60742,0.000929620253753486,0.023475713446495378
resclip,voc20,10,diningtable,8,chair,59198,0.0009059902502666831,0.02066428135090322
resclip,voc20,10,diningtable,4,bottle,56779,0.0008689688911769316,0.019819879570643163
resclip,voc20,14,person,11,dog,55638,0.0008515065634706868,0.00427997027298407
resclip,voc20,11,dog,17,sofa,52742,0.0008071850025265279,0.010476345788932877
resclip,voc20,14,person,15,pottedplant,50612,0.0007745866168873503,0.003893343676197379
resclip,voc20,10,diningtable,14,person,46222,0.000707400272776557,0.0161347412514181
resclip,voc20,10,diningtable,15,pottedplant,45834,0.0007014621630920497,0.015999301858800944
resclip,voc20,19,tvmonitor,8,chair,45695,0.0006993348506019812,0.02579082649171386
resclip,voc20,7,cat,16,sheep,45204,0.0006918203870579267,0.007901483512094406
resclip,voc20,17,sofa,10,diningtable,40518,0.000620103938651736,0.011645663486369848
resclip,voc20,5,bus,3,boat,39847,0.0006098346819550748,0.009222237240184117
resclip,voc20,18,train,3,boat,39808,0.0006092378101053435,0.01015768032957345
resclip,voc20,0,aeroplane,3,boat,38687,0.0005920815705271659,0.020109542871370553
resclip,voc20,19,tvmonitor,17,sofa,36635,0.0005606769285874512,0.020677249776210466
resclip,voc20,9,cow,16,sheep,34217,0.0005236708739041031,0.01153313082858418
resclip,voc20,6,car,3,boat,32026,0.0004901389194743199,0.008912316673595932
resclip,voc20,5,bus,14,person,26340,0.0004031180646647595,0.006096161038634015
resclip,voc20,4,bottle,14,person,24750,0.00037878405848340156,0.01287870548976286
resclip,voc20,8,chair,6,car,23969,0.0003668313170823698,0.011337186340130727
resclip,voc20,4,bottle,15,pottedplant,23154,0.00035435822586362347,0.012048224117574516
resclip,voc20,2,bird,11,dog,22414,0.00034303296512512983,0.010415984125545742
resclip,voc20,12,horse,16,sheep,21897,0.00033512058701458766,0.008288237001866434
sclip,ade20k,1,building,25,house,11270075,0.025150688723818204,0.21930651576922056
sclip,ade20k,0,wall,25,house,9280179,0.02070996806412686,0.11809278837158671
sclip,ade20k,0,wall,35,wardrobe,6273433,0.01400000981472874,0.07983113209694859
sclip,ade20k,2,sky,94,land,6154267,0.013734074852231817,0.15467785198228134
sclip,ade20k,0,wall,79,hovel,6076238,0.013559942640118693,0.07732177237415283
sclip,ade20k,1,building,11,sidewalk,5355352,0.011951188537651902,0.10421080497137125
sclip,ade20k,3,floor,28,rug,5337757,0.01191192292778723,0.17186768792532992
sclip,ade20k,0,wall,5,ceiling,5086356,0.01135088777089106,0.06472525612820079
sclip,ade20k,1,building,79,hovel,4211177,0.009397808079174503,0.08194608777292776
sclip,ade20k,6,road,11,sidewalk,3258247,0.007271216569749047,0.16643715609171025
sclip,ade20k,4,tree,94,land,3110776,0.00694211519138287,0.1471349657298888
sclip,ade20k,10,cabinet,73,kitchenisland,3028498,0.006758500764077079,0.3299985856415815
sclip,ade20k,1,building,0,wall,2987642,0.006667325103001148,0.0581370893614981
sclip,ade20k,8,windowpane,25,house,2878737,0.006424288942596943,0.32295497479677726
sclip,ade20k,0,wall,7,bed,2488843,0.005554188022302768,0.03167120048967859
sclip,ade20k,0,wall,65,toilet,2485345,0.005546381764655333,0.031626687493353435
sclip,ade20k,0,wall,145,shower,2441338,0.005448174223119978,0.03106668651299859
sclip,ade20k,0,wall,3,floor,2303736,0.005141096846103869,0.029315663837088238
sclip,ade20k,0,wall,14,door,2195916,0.004900482009183788,0.027943625168197855
sclip,ade20k,5,ceiling,25,house,2175172,0.004854188982128787,0.10132899117426729
sclip,ade20k,2,sky,4,tree,2046953,0.004568051032072621,0.05144695430807385
sclip,ade20k,13,earth,94,land,1908131,0.004258251060908463,0.2455235243125588
sclip,ade20k,16,mountain,34,rock,1815322,0.004051135290182107,0.32751021822023
sclip,ade20k,17,plant,9,grass,1806173,0.004030718065706297,0.28621133842960456
sclip,ade20k,0,wall,50,refrigerator,1793045,0.004001421167365666,0.022816982703214205
sclip,ade20k,0,wall,73,kitchenisland,1590794,0.003550070848483054,0.020243284012602548
sclip,ade20k,1,building,8,windowpane,1584050,0.0035350207050941743,0.03082432781540796
sclip,ade20k,13,earth,9,grass,1570653,0.0035051234970602443,0.20209946803028378
sclip,ade20k,21,water,128,lake,1383859,0.003088267553379577,0.34735843889646234
sclip,ade20k,1,building,94,land,1331487,0.0029713923888537146,0.02590965674691714
sclip,ade20k,5,ceiling,79,hovel,1300865,0.0029030552757377186,0.06059996087845614
sclip,ade20k,1,building,4,tree,1246925,0.002782680908241251,0.02426414883446076
sclip,ade20k,1,building,86,awning,1222782,0.0027288025553590255,0.023794345642359882
sclip,ade20k,21,water,60,river,1104762,0.0024654250460536286,0.2773031094006929
sclip,ade20k,0,wall,18,curtain,1056104,0.0023568381722374786,0.01343920911120208
sclip,ade20k,10,cabinet,50,refrigerator,1006899,0.002247030594323802,0.10971618468426356
sclip,ade20k,0,wall,33,desk,991222,0.0022120452595213898,0.012613568108466542
sclip,ade20k,1,building,48,skyscraper,987610,0.0022039845955355306,0.019218089324058617
sclip,ade20k,0,wall,10,cabinet,940206,0.0020981961914420463,0.011964375706944452
sclip,ade20k,16,mountain,94,land,929498,0.002074299848706559,0.16769481822798787
sclip,ade20k,1,building,14,door,917388,0.0020472747543353645,0.01785162617715443
sclip,ade20k,11,sidewalk,6,road,901509,0.002011838629354341,0.11685635056399639
sclip,ade20k,57,pillow,7,bed,900636,0.002009890412394304,0.9435574865035604
sclip,ade20k,19,chair,15,table,867127,0.001935110570339444,0.17793962143195585
sclip,ade20k,0,wall,34,rock,852074,0.0019015177754947213,0.010842872164311849
sclip,ade20k,2,sky,25,house,844701,0.0018850639339754137,0.021230235257470146
sclip,ade20k,0,wall,36,lamp,841128,0.0018770903037369103,0.010703581353055365
sclip,ade20k,2,sky,106,canopy,840441,0.0018755571708027228,0.021123166836577046
sclip,ade20k,3,floor,7,bed,839294,0.0018729974859766484,0.027023995148074714
sclip,ade20k,15,table,7,bed,816420,0.0018219510773353025,0.15688723669810803
sclip,ade847,4,"road, route",163,"curb, curbing, kerb",59876196,0.02685050378169045,0.444173785532952
sclip,ade847,5,"floor, flooring",27,"rug, carpet, carpeting",36881469,0.016538893400288808,0.3088849184352681
sclip,ade847,4,"road, route",8,"sidewalk, pavement",29620409,0.013282789438890169,0.21973021122725164
sclip,ade847,1,"building, edifice",26,house,28667593,0.01285551463988231,0.08527189474505142
sclip,ade847,0,wall,137,"basket, handbasket",24097801,0.010806265930469662,0.07599823063758705
sclip,ade847,1,"building, edifice",163,"curb, curbing, kerb",20838460,0.009344667604378293,0.06198410057548132
sclip,ade847,1,"building, edifice",80,"bus, autobus, coach, charabanc, double-decker, jitney, motorbus, motorcoach, omnibus, passenger vehicle",18930388,0.008489023828148127,0.05630853113545265
sclip,ade847,3,tree,240,jar,17156971,0.007693763891043669,0.17174630642211547
sclip,ade847,8,"sidewalk, pavement",163,"curb, curbing, kerb",17083937,0.0076610129846034535,0.29763836397741583
sclip,ade847,0,wall,46,"wardrobe, closet, press",16001962,0.0071758189380545625,0.05046604869589154
sclip,ade847,1,"building, edifice",20,door,15813674,0.007091384254594596,0.047037850190651036
sclip,ade847,0,wall,138,manhole,15245392,0.006836547457847077,0.04808002262847239
sclip,ade847,1,"building, edifice",90,hill,13614958,0.006105405915675682,0.040497758759666214
sclip,ade847,16,"plant, flora, plant life",240,jar,12486133,0.005599202750541966,0.4837104512033709
sclip,ade847,3,tree,195,forest,12211119,0.005475877206497421,0.12223687884830699
sclip,ade847,1,"building, edifice",11,"person, individual, someone, somebody, mortal, soul",11978642,0.005371626686513553,0.035630528862770315
sclip,ade847,0,wall,26,house,10635541,0.004769334943068591,0.03354174506933281
sclip,ade847,0,wall,58,"toilet, can, commode, crapper, pot, potty, stool, throne",10212168,0.004579480224549639,0.032206536147169035
sclip,ade847,1,"building, edifice",53,"cliff, drop, drop-off",10178775,0.0045645056781909825,0.030276815721276662
sclip,ade847,0,wall,6,ceiling,9685954,0.0043435081364601,0.03054699331433017
sclip,ade847,7,bed,121,"eiderdown, duvet, continental quilt",9045101,0.0040561280580728954,0.1611226803246822
sclip,ade847,0,wall,27,"rug, carpet, carpeting",8628859,0.0038694711202290418,0.027213189137930836
sclip,ade847,1,"building, edifice",3,tree,8542376,0.0038306892290322137,0.025409338940477262
sclip,ade847,2,sky,249,"hat, chapeau, lid",8346933,0.0037430460024884815,0.04279537994658025
sclip,ade847,0,wall,32,lamp,8234279,0.003692528153074291,0.02596878588947762
sclip,ade847,2,sky,3,tree,7746036,0.0034735835407965856,0.03971453391322163
sclip,ade847,1,"building, edifice",143,dirt track,7401304,0.0033189940964426104,0.022015214729193627
sclip,ade847,0,wall,3,tree,7242428,0.003247748744803708,0.022840744411497065
sclip,ade847,1,"building, edifice",8,"sidewalk, pavement",6924620,0.0031052329292390137,0.02059731585381019
sclip,ade847,1,"building, edifice",202,jacket,6639090,0.002977191656463668,0.019748005480715574
sclip,ade847,1,"building, edifice",115,"traffic light, traffic signal, stoplight",6484547,0.0029078893680228026,0.019288316575909913
sclip,ade847,0,wall,101,"hovel, hut, hutch, shack, shanty",6301619,0.0028258582891650696,0.01987367619776596
sclip,ade847,6,ceiling,137,"basket, handbasket",6293637,0.0028222788914159967,0.08332289199591787
sclip,ade847,1,"building, edifice",101,"hovel, hut, hutch, shack, shanty",6121574,0.002745120044648426,0.018208651622828725
sclip,ade847,1,"building, edifice",22,sea,5843022,0.002620207942192929,0.017380097344657428
sclip,ade847,0,wall,109,"doorframe, doorcase",5841456,0.0026195056950274256,0.018422441132587855
sclip,ade847,5,"floor, flooring",235,patio,5828800,0.0026138303181905092,0.048816613366877835
sclip,ade847,9,"earth, ground",118,"land, ground, soil",5587544,0.0025056429988030934,0.16376932316247136
sclip,ade847,1,"building, edifice",13,"windowpane, window",5525640,0.0024778831593820693,0.016436043042715374
sclip,ade847,10,cabinet,32,lamp,5509221,0.00247052032655295,0.15206793468037466
sclip,ade847,10,cabinet,68,"chest of drawers, chest, bureau, dresser",5486598,0.002460375411083484,0.15144348471071942
sclip,ade847,0,wall,68,"chest of drawers, chest, bureau, dresser",5387569,0.0024159674707561287,0.016990998947908745
sclip,ade847,0,wall,50,"bridge, span",5377960,0.002411658471386191,0.016960694647603643
sclip,ade847,6,ceiling,224,carport,5370007,0.002408092078214257,0.07109474430735725
sclip,ade847,2,sky,118,"land, ground, soil",5244327,0.002351732931496205,0.026888075719442024
sclip,ade847,0,wall,183,"partition, divider",5192630,0.0023285502547943974,0.01637621176951597
sclip,ade847,1,"building, edifice",169,central reservation,5191643,0.0023281076507379785,0.01544256734250005
sclip,ade847,9,"earth, ground",12,grass,5133414,0.002301995805144046,0.1504589022104801
sclip,ade847,0,wall,80,"bus, autobus, coach, charabanc, double-decker, jitney, motorbus, motorcoach, omnibus, passenger vehicle",5094220,0.0022844198949239047,0.016065852086611918
sclip,ade847,1,"building, edifice",0,wall,4788597,0.0021473682439260428,0.014243705056105303
sclip,coco_stuff164k,159,wall-brick,160,wall-concrete,22346925,0.019564637131775454,0.37438130003107206
sclip,coco_stuff164k,144,shelf,93,clothes,11491065,0.0100603781944337,0.14600660905196214
sclip,coco_stuff164k,136,river,127,paper,10316184,0.009031774910625413,0.3559088053428149
sclip,coco_stuff164k,156,towel,84,building-other,9882507,0.008652092554444553,0.13515794307385337
sclip,coco_stuff164k,156,towel,169,window-other,8905997,0.007797162231567913,0.12180272025528634
sclip,coco_stuff164k,132,platform,111,furniture-other,8616204,0.007543449701171512,0.3432166035466071
sclip,coco_stuff164k,142,sand,165,wall-wood,7820374,0.006846703944492199,0.23705817477996854
sclip,coco_stuff164k,93,clothes,144,shelf,7196074,0.006300131968197142,0.2496645384105428
sclip,coco_stuff164k,159,wall-brick,95,counter,5665920,0.0049604886944252585,0.09492198570819259
sclip,coco_stuff164k,156,towel,113,gravel,5483852,0.004801088940172354,0.0749998109226168
sclip,coco_stuff164k,98,desk-stuff,113,gravel,5210917,0.004562135516577782,0.2821555053011263
sclip,coco_stuff164k,44,spoon,108,fog,5021458,0.004396264973478494,0.5015599779457593
sclip,coco_stuff164k,111,furniture-other,113,gravel,4917409,0.004305170519591702,0.09413145780310628
sclip,coco_stuff164k,159,wall-brick,89,carpet,4428529,0.0038771581733300854,0.07419179346801869
sclip,coco_stuff164k,132,platform,37,surfboard,4317322,0.0037797969210990353,0.17197556989795562
sclip,coco_stuff164k,144,shelf,113,gravel,4277723,0.0037451281661906454,0.054353171763764856
sclip,coco_stuff164k,85,bush,95,counter,4006099,0.003507322517481421,0.39937933240100604
sclip,coco_stuff164k,146,skyscraper,29,frisbee,3619357,0.003168731552790883,0.15913382230097473
sclip,coco_stuff164k,163,wall-stone,60,dining table,3267776,0.002860923893015467,0.2726930509993492
sclip,coco_stuff164k,83,bridge,159,wall-brick,2686981,0.002352440357900478,0.06066032492762362
sclip,coco_stuff164k,132,platform,102,floor-marble,2594760,0.0022717012673576197,0.10335928840805002
sclip,coco_stuff164k,83,bridge,160,wall-concrete,2587111,0.0022650046006161798,0.058405695419442585
sclip,coco_stuff164k,156,towel,81,blanket,2574960,0.002254366452155566,0.03521639773161299
sclip,coco_stuff164k,127,paper,136,river,2526092,0.00221158272744375,0.07551986327276937
sclip,coco_stuff164k,107,flower,144,shelf,2512541,0.00219971888497895,0.33414799834983455
sclip,coco_stuff164k,132,platform,34,baseball bat,2489442,0.002179495809405605,0.09916406667788653
sclip,coco_stuff164k,152,structural-other,59,bed,2417778,0.0021167542843227778,0.145179551293949
sclip,coco_stuff164k,127,paper,159,wall-brick,2342947,0.0020512400643033393,0.07004457363205503
sclip,coco_stuff164k,52,hot dog,108,fog,2270747,0.001988029273516053,0.2558571448209127
sclip,coco_stuff164k,104,floor-stone,102,floor-marble,2162919,0.0018936263213136767,0.23469275040256252
sclip,coco_stuff164k,152,structural-other,105,floor-tile,2127357,0.0018624919426159273,0.1277407333105196
sclip,coco_stuff164k,98,desk-stuff,111,furniture-other,2126288,0.00186155603769416,0.11513210919608224
sclip,coco_stuff164k,159,wall-brick,60,dining table,2114860,0.0018515508726371361,0.03543055861975252
sclip,coco_stuff164k,84,building-other,111,furniture-other,2064630,0.0018075747227583908,0.19684707923356415
sclip,coco_stuff164k,156,towel,111,furniture-other,2027441,0.0017750159125286345,0.02772826320928448
sclip,coco_stuff164k,5,bus,134,railing,2009272,0.001759109030841457,0.18065469064532286
sclip,coco_stuff164k,129,pillow,111,furniture-other,1982340,0.0017355301801837949,0.2400835667246991
sclip,coco_stuff164k,145,sky-other,83,bridge,1977106,0.0017309478355995753,0.5433967097265544
sclip,coco_stuff164k,159,wall-brick,115,hill,1967270,0.0017223364597244541,0.03295796178275656
sclip,coco_stuff164k,83,bridge,158,vegetable,1940574,0.001698964226056069,0.043809706650734886
sclip,coco_stuff164k,100,door-stuff,113,gravel,1918500,0.001679638533592931,0.1671750612626671
sclip,coco_stuff164k,142,sand,135,railroad,1874438,0.0016410624412983405,0.05681964200410552
sclip,coco_stuff164k,156,towel,116,house,1867011,0.0016345601346061359,0.02553414497518272
sclip,coco_stuff164k,47,apple,108,fog,1783618,0.001561549920255385,0.5171722595960495
sclip,coco_stuff164k,160,wall-concrete,95,counter,1761914,0.001542548161207639,0.08164946645818004
sclip,coco_stuff164k,159,wall-brick,102,floor-marble,1758690,0.0015397255630151428,0.029463590563428576
sclip,coco_stuff164k,132,platform,113,gravel,1756001,0.0015373713550313893,0.06994828570034387
sclip,coco_stuff164k,129,pillow,84,building-other,1747780,0.0015301739047396679,0.21167572477480887
sclip,coco_stuff164k,165,wall-wood,135,railroad,1746400,0.0015289657206498278,0.34349749447845085
sclip,coco_stuff164k,152,structural-other,102,floor-marble,1735948,0.0015198150394128648,0.10423792081391599
sclip,context459,359,sky,103,cup,54068901,0.059188897482844366,0.708871744952962
sclip,context459,419,tree,163,forceps,24688997,0.0270268950424432,0.4513844004574507
sclip,context459,444,water,188,ground,18178344,0.01989972275234296,0.6946029212738772
sclip,context459,439,wall,183,glove,13696488,0.014993462214203468,0.2391100646073464
sclip,context459,283,person,27,bird nest,13499085,0.014777366349229147,0.17817823844036854
sclip,context459,323,road,67,ceiling,12248897,0.013408793139903471,0.5573050088305537
sclip,context459,188,ground,67,ceiling,8778625,0.009609907461691049,0.1581892908068815
sclip,context459,419,tree,201,heater,8727848,0.009554322188236233,0.15956964297754828
sclip,context459,367,sofa,111,dock,8084923,0.00885051609618791,0.42711005603092805
sclip,context459,415,train,159,fly,7557645,0.008273308072541207,0.6472842546404659
sclip,context459,43,building,89,controller,7489334,0.008198528435796775,0.13579033065837043
sclip,context459,188,ground,97,cow,7375517,0.008073933657278808,0.1329055294609461
sclip,context459,157,floor,73,chicken,6994306,0.00765662429124726,0.2519911074160758
sclip,context459,439,wall,78,closet,6063298,0.006637455489060805,0.1058516297399446
sclip,context459,257,motorbike,1,aeroplane,5958756,0.006523013996701797,0.5859694927404759
sclip,context459,419,tree,186,grass,5781456,0.006328924763711685,0.10570129885515929
sclip,context459,283,person,185,grandstand,5542079,0.006066880215908672,0.07315146719332156
sclip,context459,283,person,79,cloth,5399596,0.00591090494132249,0.07127079380340669
sclip,context459,43,building,85,concrete,5299253,0.005801060068756631,0.0960816164845047
sclip,context459,188,ground,85,concrete,5178817,0.005669219511145818,0.09332137874081892
sclip,context459,283,person,7,baby carriage,4457620,0.004879729536161216,0.058837386329262734
sclip,context459,346,sheep,90,cooker,4334459,0.004744905937603431,0.742779190881406
sclip,context459,359,sky,30,boat,4313978,0.004722485511315386,0.0565585217378228
sclip,context459,419,tree,228,leaves,3839809,0.004203415587357752,0.07020252314567997
sclip,context459,43,building,183,glove,3780870,0.004138895422083053,0.06855156779979542
sclip,context459,439,wall,185,grandstand,3730141,0.00408336269393666,0.06511992384504055
sclip,context459,396,table,140,fan,3623274,0.003966376038200877,0.25226808269589923
sclip,context459,365,snow,109,disc case,3621773,0.00396473290261871,0.7093583390964966
sclip,context459,43,building,38,brick,3258430,0.003566983527647891,0.05907912334089439
sclip,context459,283,person,28,blackboard,3023955,0.0033103051694676508,0.03991403676789535
sclip,context459,188,ground,77,clock,2856261,0.0031267315663258354,0.05146932486002695
sclip,context459,186,grass,188,ground,2830191,0.0030981928956882033,0.04945939462011772
sclip,context459,307,pottedplant,36,box,2746305,0.0030063634010542013,0.38723307714303923
sclip,context459,325,rock,69,cello,2702034,0.00295790020627865,0.6137821200839839
sclip,context459,359,sky,163,forceps,2597114,0.002843044919615804,0.0340495312272348
sclip,context459,439,wall,67,ceiling,2462267,0.002695428727844695,0.04298567789425559
sclip,context459,329,rug,73,chicken,2364063,0.0025879254055854676,0.8055805068343029
sclip,context459,367,sofa,73,chicken,2357023,0.002580218760349989,0.12451673634939826
sclip,context459,188,ground,186,grass,2353966,0.0025768722810197535,0.042418056600380075
sclip,context459,258,mountain,2,air conditioner,2351184,0.0025738268425190285,0.39958287560230155
sclip,context459,188,ground,157,floor,2331035,0.002551769854614247,0.042004843981377375
sclip,context459,43,building,114,door,2113515,0.0023136520319407606,0.03832048359726323
sclip,context459,439,wall,114,door,2107967,0.002307578670042119,0.03680039186396938
sclip,context459,188,ground,75,clip,2086596,0.0022841839661603834,0.037600095851055906
sclip,context459,43,building,22,bicycle,2042639,0.0022360645052774374,0.037035419334440565
sclip,context459,430,unknown,186,grass,2010722,0.0022011251592574405,0.06679079536114817
sclip,context459,439,wall,201,heater,1988149,0.002176414633277261,0.03470863741413355
sclip,context459,439,wall,30,boat,1985863,0.0021739121629635815,0.03466872896404821
sclip,context459,367,sofa,105,cushion,1974957,0.0021619734310121424,0.1043329658091578
sclip,context459,323,road,97,cow,1925032,0.002107320836781847,0.08758584350567226
sclip,context59,29,ground,44,sidewalk,11791654,0.014080473170512394,0.21248354767405228
sclip,context59,29,ground,40,road,10921267,0.013041139689266864,0.19679932579904005
sclip,context59,52,tree,58,wood,10452211,0.012481037567590987,0.19109585519775352
sclip,context59,36,people,17,cloth,10284290,0.012280522259453076,0.13574525057142003
sclip,context59,10,building,55,wall,9463961,0.011300963287022809,0.17159261337896295
sclip,context59,52,tree,28,grass,8525986,0.010180922636058036,0.15587903708354853
sclip,context59,55,wall,23,door,5064035,0.006046989587044848,0.0884067314207747
sclip,context59,29,ground,25,floor,4622468,0.005519712218112241,0.08329606683250552
sclip,context59,10,building,23,door,4599750,0.005492584540393094,0.08339881402616565
sclip,context59,46,sky,29,ground,4379695,0.005229815761429845,0.057420106190280484
sclip,context59,55,wall,25,floor,4345633,0.0051891421564263405,0.07586503835069375
sclip,context59,55,wall,15,ceiling,4016885,0.004796582521123303,0.07012583312381106
sclip,context59,10,building,44,sidewalk,3944265,0.004709866614971154,0.07151410907221356
sclip,context59,28,grass,29,ground,3886745,0.00464118169453778,0.06792335031196461
sclip,context59,55,wall,12,cabinet,3512479,0.004194268787185259,0.06132003186670536
sclip,context59,52,tree,29,ground,3161502,0.0037751653915151576,0.05780116076870321
sclip,context59,29,ground,28,grass,3154815,0.0037671804112832737,0.05684921584837167
sclip,context59,46,sky,52,tree,3002716,0.0035855582326846,0.03936718688841444
sclip,context59,10,building,29,ground,2800504,0.003344095869494868,0.05077639268993598
sclip,context59,10,building,57,window,2784812,0.003325357973607516,0.05049187849031674
sclip,context59,3,bedclothes,2,bed,2721870,0.0032501986157855863,0.37005691426315324
sclip,context59,55,wall,21,curtain,2643455,0.0031565628710744768,0.04614881536322398
sclip,context59,55,wall,58,wood,2618566,0.003126842791368875,0.04571430905781108
sclip,context59,40,road,44,sidewalk,2511935,0.0029995141795689604,0.11428898106962422
sclip,context59,56,water,7,boat,2440640,0.002914380462561009,0.09325798179294416
sclip,context59,36,people,3,bedclothes,2315732,0.0027652271934112895,0.030566001211192576
sclip,context59,10,building,58,wood,2181421,0.002604845754810336,0.03955169830790202
sclip,context59,10,building,15,ceiling,2089976,0.0024956508217604425,0.037893694166672015
sclip,context59,46,sky,0,aeroplane,2043804,0.0024405166050314835,0.026795345957223052
sclip,context59,36,people,44,sidewalk,2023285,0.0024160147642391955,0.026705910597853193
sclip,context59,36,people,5,bicycle,1783171,0.002129293432790324,0.023536578043471125
sclip,context59,50,track,51,train,1752460,0.0020926212736903705,0.5701023995596529
sclip,context59,36,people,48,sofa,1735700,0.0020726080736475443,0.02290999489676135
sclip,context59,48,sofa,2,bed,1694401,0.002023292730654187,0.08951176233204206
sclip,context59,36,people,28,grass,1688523,0.0020162737813790243,0.022287292339150867
sclip,context59,16,chair,48,sofa,1678592,0.00200441512448014,0.11376897130020674
sclip,context59,16,chair,49,table,1624668,0.0019400242056788666,0.11011419514948498
sclip,context59,55,wall,48,sofa,1591729,0.0019006915806066326,0.027788030335030914
sclip,context59,29,ground,0,aeroplane,1518673,0.0018134550446681668,0.02736622248217222
sclip,context59,54,tvmonitor,18,computer,1512554,0.0018061483160845123,0.18559901246444602
sclip,context59,49,table,25,floor,1511127,0.0018044443282288372,0.10521122912592482
sclip,context59,36,people,12,cabinet,1463430,0.0017474891013527832,0.01931622620946446
sclip,context59,36,people,16,chair,1455824,0.0017384067386125844,0.01921583246562349
sclip,context59,13,car,53,truck,1428225,0.0017054506343177186,0.06782107042493227
sclip,context59,10,building,25,floor,1383634,0.0016522042976166657,0.025086892689011292
sclip,context59,36,people,33,motorbike,1317872,0.0015736775636538785,0.017394965025398786
sclip,context59,10,building,51,train,1302398,0.0015551999826596847,0.023613989584227425
sclip,context59,10,building,40,road,1294099,0.0015452901051444452,0.02346351906787259
sclip,context59,10,building,24,fence,1272996,0.0015200909070236962,0.02308089714876956
sclip,context59,55,wall,36,people,1263877,0.0015092018633965764,0.02206446726531204
sclip,voc20,8,chair,17,sofa,566320,0.008667191434356363,0.2678658003313794
sclip,voc20,14,person,17,sofa,545390,0.008346870208333834,0.04195429359759125
sclip,voc20,14,person,10,diningtable,503314,0.007702922004505648,0.03871758434840764
sclip,voc20,14,person,1,bicycle,488495,0.0074761260060141116,0.037577628212756634
sclip,voc20,14,person,13,motorbike,462389,0.00707658917244774,0.03556941612845234
sclip,voc20,8,chair,10,diningtable,366232,0.005604963365918914,0.17322543400720747
sclip,voc20,14,person,8,chair,351742,0.0053832025171340865,0.027057861601063354
sclip,voc20,19,tvmonitor,14,person,255297,0.00390716904156109,0.14409280295119978
sclip,voc20,14,person,3,boat,252186,0.0038595570332402066,0.019399485662007276
sclip,voc20,13,motorbike,6,car,221815,0.0033947469063634636,0.08572759175091983
sclip,voc20,17,sofa,8,chair,198625,0.0030398377218693188,0.05708869909620937
sclip,voc20,13,motorbike,1,bicycle,194278,0.0029733094672338705,0.0750850261262097
sclip,voc20,14,person,12,horse,165423,0.002531700820464636,0.01272521518508652
sclip,voc20,9,cow,12,horse,154151,0.002359189551485852,0.05195790543756261
sclip,voc20,14,person,6,car,149200,0.0022834174353827683,0.01147725591734468
sclip,voc20,4,bottle,10,diningtable,111203,0.0017018959052739276,0.05786467420517573
sclip,voc20,5,bus,6,car,103612,0.0015857201562659478,0.02398008494817569
sclip,voc20,7,cat,11,dog,101826,0.0015583864864295292,0.017798789047485285
sclip,voc20,16,sheep,9,cow,92078,0.001409199132809481,0.047639570468826394
sclip,voc20,14,person,0,aeroplane,79643,0.0012188888391835779,0.0061265622856909
sclip,voc20,11,dog,7,cat,75344,0.0011530951960554913,0.014965867754756336
sclip,voc20,10,diningtable,8,chair,73819,0.0011297559762903525,0.02576804258661314
sclip,voc20,11,dog,17,sofa,70542,0.0010796034365065097,0.014012028073317338
sclip,voc20,10,diningtable,14,person,70537,0.0010795269144744928,0.02462239287895977
sclip,voc20,19,tvmonitor,10,diningtable,65723,0.0010058515020486707,0.03709487886015779
sclip,voc20,17,sofa,10,diningtable,62869,0.0009621727261734535,0.018069776833125672
sclip,voc20,11,dog,16,sheep,58013,0.0008878545286786899,0.011523344739550322
sclip,voc20,4,bottle,3,boat,55859,0.0008548888372858314,0.029066327674855095
sclip,voc20,14,person,16,sheep,53474,0.0008183878280137946,0.004113503906997919
sclip,voc20,14,person,4,bottle,50596,0.0007743417463848964,0.0038921128712732667
sclip,voc20,13,motorbike,8,chair,49713,0.0007608279555307209,0.01921319914664688
sclip,voc20,15,pottedplant,10,diningtable,47203,0.0007224138954582629,0.038234612761449
sclip,voc20,14,person,5,bus,41934,0.0006417749781189076,0.0032257858554821167
sclip,voc20,18,train,3,boat,41723,0.0006385457483677966,0.010646324768659392
sclip,voc20,14,person,19,tvmonitor,41604,0.0006367245240057955,0.003200400503922306
sclip,voc20,4,bottle,14,person,41273,0.0006316587654862802,0.02147647723955485
sclip,voc20,18,train,5,bus,40541,0.0006204559399990135,0.010344717600513396
sclip,voc20,19,tvmonitor,3,boat,38127,0.0005835111029412789,0.021519353138189614
sclip,voc20,2,bird,3,boat,37663,0.0005764098583701153,0.017502329353102048
sclip,voc20,14,person,2,bird,37076,0.0005674261718113373,0.0028520827103986016
sclip,voc20,19,tvmonitor,8,chair,35776,0.0005475304434869565,0.020192419489387353
sclip,voc20,8,chair,6,car,31389,0.00048039001259537345,0.014846799700878774
sclip,voc20,6,car,3,boat,30407,0.0004653610855072643,0.008461775216824815
sclip,voc20,14,person,9,cow,29987,0.000458933234817849,0.002306759203709215
sclip,voc20,14,person,11,dog,29897,0.00045755583824154573,0.002299835926011085
sclip,voc20,4,bottle,1,bicycle,28862,0.000441715777614058,0.015018391832142855
sclip,voc20,5,bus,0,aeroplane,28553,0.00043698671603541677,0.0066083404000044435
sclip,voc20,2,bird,16,sheep,28335,0.00043365035543948215,0.01316752521626388
sclip,voc20,10,diningtable,4,bottle,27749,0.0004246819732871075,0.009686360066323414
sclip,voc20,10,diningtable,3,boat,26518,0.00040584224900455933,0.009256654158303517
