method,dataset,gt_class_id,gt_class,pred_class_id,pred_class,pixels,fraction_of_valid_pixels,fraction_of_gt_class_pixels
corrclip,ade20k,7,bed,131,blanket,1693346,0.0348309143170031,0.37472368944873763
corrclip,ade20k,0,wall,145,shower,1412560,0.029055347417259028,0.10185499450078499
corrclip,ade20k,0,wall,25,house,1333218,0.02742333930802461,0.09613390727356541
corrclip,ade20k,0,wall,5,ceiling,1077821,0.02217000595275071,0.07771808066760391
corrclip,ade20k,0,wall,14,door,755533,0.01554077263989067,0.05447896695373052
corrclip,ade20k,0,wall,1,building,430482,0.008854706396101052,0.031040622517051964
corrclip,ade20k,3,floor,28,rug,426449,0.008771750474841914,0.09499491777668824
corrclip,ade20k,12,people,92,apparel,408538,0.008403334034060265,0.3930249136339542
corrclip,ade20k,0,wall,79,hovel,298279,0.006135385379929069,0.021507904729497967
corrclip,ade20k,1,building,25,house,296805,0.006105066255719804,0.15485023135841747
corrclip,ade20k,13,earth,91,dirttrack,290715,0.005979799317840275,0.3989397833732893
corrclip,ade20k,15,table,44,chestofdrawers,207973,0.004277855643944053,0.3182321743893893
corrclip,ade20k,35,wardrobe,10,cabinet,205570,0.004228427655155136,0.5920641458026722
corrclip,ade20k,5,ceiling,106,canopy,196639,0.00404472338221555,0.050377990567913276
corrclip,ade20k,29,field,9,grass,193897,0.003988322406244176,0.9769045903638132
corrclip,ade20k,13,earth,46,sand,193534,0.003980855756252342,0.26558110876757707
corrclip,ade20k,0,wall,18,curtain,183728,0.0037791533600542043,0.013248013839865368
corrclip,ade20k,57,pillow,7,bed,180508,0.0037129202664627292,0.47105796757281504
corrclip,ade20k,0,wall,8,windowpane,165908,0.0034126087240914445,0.011963073021773402
corrclip,ade20k,0,wall,47,sink,164958,0.003393067904553587,0.01189457168747557
corrclip,ade20k,54,runway,3,floor,158902,0.003268500322320676,0.6067555596285436
corrclip,ade20k,0,wall,27,mirror,139892,0.002877478238726284,0.010087145955360349
corrclip,ade20k,39,cushion,57,pillow,129045,0.0026543632181713988,0.511939096524392
corrclip,ade20k,0,wall,3,floor,125279,0.002576899295666587,0.009033451220524326
corrclip,ade20k,10,cabinet,44,chestofdrawers,119794,0.0024640767744401144,0.1399315492529991
corrclip,ade20k,14,door,8,windowpane,116091,0.002387908716809918,0.12720670335967882
corrclip,ade20k,14,door,32,fence,113079,0.0023259540342330477,0.12390630461628481
corrclip,ade20k,58,screendoor,145,shower,110741,0.002277863048886194,0.5566161022145822
corrclip,ade20k,0,wall,7,bed,109285,0.002247914171783962,0.007880177177619562
corrclip,ade20k,8,windowpane,25,house,107359,0.002208297731331421,0.07591151587573758
corrclip,ade20k,0,wall,61,bridge,104341,0.002146219633052206,0.007523681812600107
corrclip,ade20k,17,plant,9,grass,103347,0.00212577376503049,0.26191580435956113
corrclip,ade20k,5,ceiling,86,awning,101274,0.002083133639870512,0.025945924342449106
corrclip,ade20k,7,bed,44,chestofdrawers,100907,0.002075584712743782,0.022329897924702788
corrclip,ade20k,1,building,48,skyscraper,99210,0.002040678638264051,0.05176021783011943
corrclip,ade20k,0,wall,45,counter,95341,0.001961096079535661,0.00687472180346275
corrclip,ade20k,21,water,109,swimmingpool,94303,0.0019397451630300858,0.7440078895463511
corrclip,ade20k,35,wardrobe,14,door,94086,0.0019352816284619648,0.2709779988421959
corrclip,ade20k,8,windowpane,4,tree,93923,0.0019319288352149429,0.06641117470912453
corrclip,ade20k,63,blind,8,windowpane,91330,0.0018785926825184538,0.6983216729747295
corrclip,ade20k,8,windowpane,1,building,90742,0.0018664979436887061,0.06416194984674017
corrclip,ade20k,4,tree,68,hill,84622,0.0017406139272974552,0.13175455805190964
corrclip,ade20k,13,earth,34,rock,81603,0.0016785152597345164,0.11198143591699955
corrclip,ade20k,0,wall,10,cabinet,78160,0.0016076952158725758,0.005635857146019535
corrclip,ade20k,6,road,11,sidewalk,77924,0.0016028408649136974,0.33267445087198755
corrclip,ade20k,15,table,64,coffeetable,77446,0.0015930087472935965,0.11850484908022021
corrclip,ade20k,55,case,45,counter,77196,0.0015878664263625814,0.2135394335379398
corrclip,ade20k,13,earth,3,floor,73831,0.0015186507866311175,0.10131614518078985
corrclip,ade20k,1,building,0,wall,73474,0.0015113075523416279,0.038333134208751084
corrclip,ade20k,12,people,108,plaything,71562,0.001471979081861224,0.06884463347221809
corrclip,ade847,0,wall,190,shower,11137054,0.05151339772934743,0.13987227940661637
corrclip,ade847,0,wall,138,manhole,8073621,0.03734377598321888,0.10139806921427565
corrclip,ade847,0,wall,6,ceiling,6861891,0.03173903262554259,0.08617973255851558
corrclip,ade847,0,wall,13,"windowpane, window",4001353,0.018507882654112795,0.05025371743914527
corrclip,ade847,5,"floor, flooring",27,"rug, carpet, carpeting",2695770,0.012469031055864768,0.13760204207418883
corrclip,ade847,19,"curtain, drape, drapery, mantle, pall",79,"computer, computing machine, computing device, data processor, electronic computer, information processing system",2653150,0.012271896247034283,0.6377348975583562
corrclip,ade847,7,bed,150,"blanket, cover",2523317,0.01167136589426825,0.40826857623259616
corrclip,ade847,0,wall,80,"bus, autobus, coach, charabanc, double-decker, jitney, motorbus, motorcoach, omnibus, passenger vehicle",2023728,0.009360563876229461,0.025416366685390313
corrclip,ade847,6,ceiling,249,"hat, chapeau, lid",2014441,0.009317607729593873,0.14850433800916382
corrclip,ade847,0,wall,109,"doorframe, doorcase",1960737,0.009069204919330326,0.024625251301366658
corrclip,ade847,11,"person, individual, someone, somebody, mortal, soul",94,"airplane, aeroplane, plane",1765900,0.008168004667145784,0.4333935111967149
corrclip,ade847,51,"blind, screen",190,shower,1691425,0.007823527546365627,0.38157274951204345
corrclip,ade847,166,catwalk,5,"floor, flooring",1514058,0.007003133139095879,0.9778159244850194
corrclip,ade847,0,wall,64,double door,1464205,0.006772542767800098,0.018389215933456434
corrclip,ade847,0,wall,161,"scaffolding, staging",1221500,0.005649933575467793,0.015341039856247612
corrclip,ade847,0,wall,45,sink,1182330,0.005468756417750992,0.014849096727987916
corrclip,ade847,0,wall,121,"eiderdown, duvet, continental quilt",1098872,0.005082729273795698,0.01380093258200125
corrclip,ade847,0,wall,250,"arch, archway",1090556,0.005044264396502541,0.013696490431002841
corrclip,ade847,17,table,76,book,1074200,0.004968611254005324,0.3953312490914411
corrclip,ade847,25,mirror,138,manhole,1017995,0.004708640303035887,0.13856536771658806
corrclip,ade847,0,wall,3,tree,1007192,0.004658672040722519,0.012649506848050548
corrclip,ade847,5,"floor, flooring",76,book,1000256,0.004626590223874837,0.05105675491490737
corrclip,ade847,0,wall,2,sky,978147,0.0045243271199697874,0.012284725429610342
corrclip,ade847,24,water,14,"car, auto, automobile, machine, motorcar",972538,0.004498383217043223,0.9822872004646113
corrclip,ade847,23,"painting, picture",210,"air conditioner, air conditioning",960695,0.0044436045323651505,0.4527631325320511
corrclip,ade847,18,chair,76,book,939493,0.004345536671810858,0.3846002379258369
corrclip,ade847,0,wall,26,house,902519,0.004174516905933375,0.011334899672550748
corrclip,ade847,0,wall,249,"hat, chapeau, lid",856032,0.003959495651637205,0.010751061015328167
corrclip,ade847,51,"blind, screen",50,"bridge, span",821628,0.0038003631794878852,0.18535309282769338
corrclip,ade847,0,wall,179,"arcade, colonnade",819363,0.0037898866346262935,0.010290528399291536
corrclip,ade847,67,countertop,45,sink,809817,0.0037457325078056503,0.35614229208684095
corrclip,ade847,0,wall,155,stage,766711,0.00354634975160089,0.009629262389867756
corrclip,ade847,193,confessional booth,10,cabinet,763740,0.003532607670018643,0.4047760757379741
corrclip,ade847,20,door,109,"doorframe, doorcase",745871,0.0034499562880620045,0.19521402140816052
corrclip,ade847,0,wall,56,pillow,743410,0.0034385731636009105,0.009336620908336502
corrclip,ade847,7,bed,120,arcade machine,740438,0.0034248264566125435,0.11980166108678023
corrclip,ade847,0,wall,5,"floor, flooring",720153,0.003331000093470207,0.009044532030778785
corrclip,ade847,51,"blind, screen",153,"screen, silver screen, projection screen",629175,0.002910189895493204,0.14193714452265987
corrclip,ade847,109,"doorframe, doorcase",64,double door,619927,0.0028674141396962936,0.28771733919231945
corrclip,ade847,20,door,172,closet,613184,0.002836225026229753,0.16048635019077226
corrclip,ade847,0,wall,79,"computer, computing machine, computing device, data processor, electronic computer, information processing system",594595,0.002750243351866781,0.007467626355567375
corrclip,ade847,255,pier,121,"eiderdown, duvet, continental quilt",579130,0.0026787114462224013,0.133588640271417
corrclip,ade847,277,mattress,150,"blanket, cover",577450,0.0026709407639409558,0.897529753161832
corrclip,ade847,34,seat,18,chair,569879,0.002635921814207131,0.48562003838065015
corrclip,ade847,17,table,84,"case, display case, showcase, vitrine",563518,0.002606499605878395,0.2073880793385875
corrclip,ade847,11,"person, individual, someone, somebody, mortal, soul",102,"apparel, wearing apparel, dress, clothes",558778,0.0025845751808700307,0.1371373007528614
corrclip,ade847,19,"curtain, drape, drapery, mantle, pall",13,"windowpane, window",546100,0.0025259342820818354,0.13126548727234355
corrclip,ade847,46,"wardrobe, closet, press",10,cabinet,540860,0.0025016971540135166,0.691795180738302
corrclip,ade847,255,pier,5,"floor, flooring",528408,0.0024441015970084207,0.12188853319382337
corrclip,ade847,13,"windowpane, window",3,tree,520501,0.002407528510818307,0.06880857227576413
corrclip,coco_stuff164k,159,wall-brick,160,wall-concrete,727213,0.01636527891792334,0.28932584940206263
corrclip,coco_stuff164k,156,towel,84,building-other,710849,0.015997021716507936,0.3020403740827452
corrclip,coco_stuff164k,136,river,127,paper,649688,0.014620648048959215,0.5211938986216225
corrclip,coco_stuff164k,159,wall-brick,115,hill,386492,0.008697657191972677,0.1537680517085118
corrclip,coco_stuff164k,115,hill,83,bridge,353425,0.007953513896983492,0.4339410206101265
corrclip,coco_stuff164k,156,towel,81,blanket,320407,0.007210473303220738,0.1361412200604209
corrclip,coco_stuff164k,132,platform,111,furniture-other,318190,0.0071605816987512965,0.4231216240295955
corrclip,coco_stuff164k,44,spoon,108,fog,290007,0.006526348460698851,0.2634233674503777
corrclip,coco_stuff164k,58,potted plant,80,banner,283278,0.006374918326970898,0.5678393168560948
corrclip,coco_stuff164k,144,shelf,93,clothes,251106,0.0056509162074441155,0.1198871340450318
corrclip,coco_stuff164k,85,bush,95,counter,243326,0.005475834257614501,0.5483118621457367
corrclip,coco_stuff164k,98,desk-stuff,141,salad,233621,0.005257431902460721,0.35304100257049986
corrclip,coco_stuff164k,138,rock,164,wall-tile,217742,0.004900089192776344,0.7494415551784787
corrclip,coco_stuff164k,111,furniture-other,93,clothes,196842,0.004429753363542546,0.08690691950242277
corrclip,coco_stuff164k,160,wall-concrete,147,snow,188597,0.0042442070041151456,0.16938820784245748
corrclip,coco_stuff164k,107,flower,144,shelf,185565,0.004175974552716253,0.4382869573227331
corrclip,coco_stuff164k,14,bird,15,cat,184960,0.0041623595681858005,0.31870697602288295
corrclip,coco_stuff164k,119,mat,10,fire hydrant,183916,0.004138865280830772,0.22943670019136775
corrclip,coco_stuff164k,159,wall-brick,83,bridge,182424,0.0041052891536912115,0.07257843128673701
corrclip,coco_stuff164k,159,wall-brick,89,carpet,179108,0.004030665536000337,0.07125914172973342
corrclip,coco_stuff164k,152,structural-other,59,bed,178303,0.004012549730137504,0.3769547725307552
corrclip,coco_stuff164k,86,cabinet-merged,100,door-stuff,174486,0.003926651555009016,0.4750852907782494
corrclip,coco_stuff164k,107,flower,93,clothes,173843,0.003912181414425411,0.4106007033753989
corrclip,coco_stuff164k,160,wall-concrete,83,bridge,172123,0.003873474350966936,0.15459210113876312
corrclip,coco_stuff164k,132,platform,102,floor-marble,169602,0.003816741498072276,0.22553277500445476
corrclip,coco_stuff164k,56,chair,88,cardboard,165968,0.003734961574462916,0.48747018809403525
corrclip,coco_stuff164k,104,floor-stone,101,fence,165800,0.003731180884543716,0.3147453846518912
corrclip,coco_stuff164k,99,dirt,168,window-blind,158061,0.0035570216030872395,0.44391924911109987
corrclip,coco_stuff164k,141,salad,113,gravel,149260,0.0033589629603558205,0.19875045273451647
corrclip,coco_stuff164k,83,bridge,145,sky-other,146539,0.003297729286128779,0.10723869811010081
corrclip,coco_stuff164k,159,wall-brick,163,wall-stone,142259,0.003201411709615829,0.05659855642031706
corrclip,coco_stuff164k,97,curtain,102,floor-marble,138206,0.0031102025653151314,0.332234746591857
corrclip,coco_stuff164k,161,wall-other,61,toilet,138070,0.0031071420068091125,0.6337730773821
corrclip,coco_stuff164k,110,fruit,68,microwave,128828,0.002899159053039794,0.11803445710453307
corrclip,coco_stuff164k,102,floor-marble,127,paper,127613,0.0028718165634455802,0.3080504996861874
corrclip,coco_stuff164k,101,fence,98,desk-stuff,126637,0.002849852555343562,0.913673684362419
corrclip,coco_stuff164k,47,apple,108,fog,126116,0.0028381279157727096,0.3386600858760946
corrclip,coco_stuff164k,127,paper,159,wall-brick,125044,0.0028140035134311485,0.08288903869953751
corrclip,coco_stuff164k,104,floor-stone,103,floor-other,123803,0.0027860759170637256,0.2350206444876845
corrclip,coco_stuff164k,120,metal,163,wall-stone,123410,0.002777231803145597,0.3557693970860408
corrclip,coco_stuff164k,110,fruit,147,snow,120509,0.002711947389719413,0.11041244443141379
corrclip,coco_stuff164k,85,bush,71,sink,116586,0.0026236637792847626,0.2627153972864505
corrclip,coco_stuff164k,159,wall-brick,102,floor-marble,116509,0.002621930963071796,0.04635377171198111
corrclip,coco_stuff164k,89,carpet,153,table,116047,0.0026115340657939965,0.15208926645339108
corrclip,coco_stuff164k,150,stone,84,building-other,114929,0.0025863744745459874,0.5732662945615794
corrclip,coco_stuff164k,98,desk-stuff,111,furniture-other,113549,0.00255531880735256,0.17159182094451136
corrclip,coco_stuff164k,45,bowl,109,food-other,113362,0.0025511105394067837,0.2693835844303978
corrclip,coco_stuff164k,52,hot dog,108,fog,110502,0.0024867487943537377,0.4574970190779014
corrclip,coco_stuff164k,159,wall-brick,120,metal,108488,0.0024414255235366625,0.04316257100729906
corrclip,coco_stuff164k,104,floor-stone,127,paper,102087,0.0022973767367938137,0.1937962128043282
corrclip,context459,359,sky,103,cup,2901568,0.08262852742072276,0.9564386441600925
corrclip,context459,283,person,27,bird nest,2664394,0.0758744763826349,0.43039071889174624
corrclip,context459,419,tree,163,forceps,1320928,0.03761632864327166,0.6655253200590491
corrclip,context459,439,wall,183,glove,978307,0.027859442472271893,0.28743529226492276
corrclip,context459,283,person,57,cap,547150,0.015581299069416417,0.0883834304692245
corrclip,context459,283,person,156,flashlight,509444,0.014507537828967883,0.08229262241060697
corrclip,context459,439,wall,114,door,476335,0.013564686269268883,0.1399514568954449
corrclip,context459,444,water,188,ground,460317,0.013108538506326524,0.5329482539439956
corrclip,context459,323,road,67,ceiling,431315,0.012282642800192528,0.4497300983365883
corrclip,context459,419,tree,228,leaves,429956,0.012243942287654217,0.21662543644415783
corrclip,context459,283,person,79,cloth,419258,0.011939293219858153,0.06772450021322513
corrclip,context459,367,sofa,111,dock,411756,0.011725657277943209,0.5914708772171755
corrclip,context459,283,person,28,blackboard,380957,0.010848588046399836,0.061537579313285865
corrclip,context459,188,ground,157,floor,346759,0.009874724817713182,0.17430444654559418
corrclip,context459,365,snow,109,disc case,332718,0.009474876475880639,0.9274033275449252
corrclip,context459,325,rock,69,cello,305344,0.008695341648637278,0.9078702464841079
corrclip,context459,283,person,14,basket,275469,0.007844585348356156,0.044497660984970856
corrclip,context459,439,wall,67,ceiling,252761,0.007197925128547497,0.07426342846179589
corrclip,context459,283,person,7,baby carriage,249477,0.007104406009212829,0.040299064393988344
corrclip,context459,444,water,77,clock,241137,0.00686690617509251,0.27918487284044097
corrclip,context459,43,building,38,brick,234924,0.006689977341832372,0.08916215493045948
corrclip,context459,188,ground,97,cow,232733,0.0066275838002787,0.11698729307067957
corrclip,context459,439,wall,201,heater,231467,0.006591531667185616,0.06800706199044357
corrclip,context459,283,person,40,broom,229854,0.006545597946270019,0.03712927904061616
corrclip,context459,43,building,143,fence,199681,0.005686355440884839,0.07578616173174763
corrclip,context459,323,road,97,cow,198781,0.005660725962382646,0.2072680029153759
corrclip,context459,43,building,114,door,166936,0.004753869581380059,0.06335824988281821
corrclip,context459,188,ground,186,grass,164299,0.004678775209368634,0.08258775190548646
corrclip,context459,283,person,155,flame,162445,0.004625978483654117,0.026240421022705244
corrclip,context459,323,road,157,floor,162439,0.004625807620464102,0.16937437242780118
corrclip,context459,43,building,89,controller,157830,0.0044945562133345395,0.059902193529287856
corrclip,context459,396,table,140,fan,154374,0.004396139015886119,0.48569109374410085
corrclip,context459,439,wall,104,curtain,149568,0.00425927760068441,0.043944407832592396
corrclip,context459,415,train,159,fly,148990,0.004242817780046335,0.5650559594649434
corrclip,context459,439,wall,78,closet,141771,0.004037240885260413,0.04165357992909216
corrclip,context459,257,motorbike,1,aeroplane,136933,0.003899468199711959,0.9872175680936658
corrclip,context459,439,wall,111,dock,125022,0.0035602762903346056,0.03673257485589409
corrclip,context459,426,tvmonitor,163,forceps,124037,0.003532226249973872,0.2790584138011717
corrclip,context459,439,wall,231,light,121294,0.003454113294938856,0.03563725531963028
corrclip,context459,439,wall,157,floor,118904,0.003386052790916366,0.034935052076156436
corrclip,context459,283,person,183,glove,111078,0.003163190236740632,0.01794289443417805
corrclip,context459,367,sofa,157,floor,109860,0.0031285050091676646,0.15780945650112907
corrclip,context459,415,train,59,card,109808,0.0031270241948542043,0.41645523053175715
corrclip,context459,457,wood,201,heater,109720,0.0031245182014006567,0.44365371396223363
corrclip,context459,457,wood,143,fence,106627,0.0030364382269481207,0.43114714326149367
corrclip,context459,43,building,67,ceiling,104145,0.0029657578206787405,0.03952679430468025
corrclip,context459,79,cloth,202,helicopter,103896,0.0029586669982931335,0.2400992787500491
corrclip,context459,453,window,197,hard disk drive,101935,0.002902823212356689,0.5559009429074707
corrclip,context459,188,ground,228,leaves,100204,0.002853529182037472,0.050369284608776474
corrclip,context459,258,mountain,2,air conditioner,99942,0.0028460681560735003,0.834212547160362
corrclip,context59,55,wall,23,door,540049,0.016545320813460836,0.1586711964162367
corrclip,context59,55,wall,15,ceiling,426635,0.013070689780465964,0.12534915513785072
corrclip,context59,29,ground,25,floor,419550,0.01285362873977638,0.2108941095925529
corrclip,context59,36,people,17,cloth,403481,0.012361327559417741,0.06517597534342168
corrclip,context59,10,building,23,door,284237,0.008708084547986697,0.10787822202486341
corrclip,context59,10,building,24,fence,260833,0.007991063151190782,0.09899555752914363
corrclip,context59,40,road,44,sidewalk,214639,0.006575831293235281,0.22380306406423836
corrclip,context59,10,building,55,wall,202396,0.0062007461385193184,0.07681660243017009
corrclip,context59,55,wall,57,window,201577,0.00617565467876988,0.05922511431369329
corrclip,context59,54,tvmonitor,18,computer,194157,0.0059483303425783875,0.43681437352075664
corrclip,context59,55,wall,58,wood,191403,0.005863956862541815,0.05623590268226949
corrclip,context59,58,wood,24,fence,187401,0.005741348777172764,0.7577574703813028
corrclip,context59,55,wall,25,floor,185515,0.0056835679553321776,0.05450595594688288
corrclip,context59,55,wall,21,curtain,158042,0.00484188581406683,0.04643414435359547
corrclip,context59,29,ground,44,sidewalk,145978,0.004472284629186214,0.07337838238613201
corrclip,context59,29,ground,41,rock,137311,0.004206756324365235,0.0690217639906162
corrclip,context59,40,road,29,ground,132909,0.0040718935577998775,0.1385835819292573
corrclip,context59,54,tvmonitor,52,tree,124056,0.003800666826222616,0.2791011599967603
corrclip,context59,55,wall,32,light,119492,0.0036608409137727544,0.03510781170258431
corrclip,context59,52,tree,28,grass,114837,0.003518227061350733,0.05785851399896211
corrclip,context59,29,ground,40,road,114084,0.0034951576239986852,0.05734630818438041
corrclip,context59,29,ground,28,grass,111826,0.003425979948645533,0.056211285184833315
corrclip,context59,16,chair,48,sofa,111609,0.0034193317840965367,0.17133685702048354
corrclip,context59,51,train,55,wall,106915,0.003275523100257875,0.4054833069749273
corrclip,context59,55,wall,48,sofa,106130,0.003251473288410123,0.03118193733467741
corrclip,context59,10,building,58,wood,104929,0.0032146786081182115,0.03982435066105712
corrclip,context59,36,people,12,cabinet,103636,0.0031750653511511497,0.016740757013814403
corrclip,context59,52,tree,34,mountain,103617,0.003174483253794325,0.05220552300243351
corrclip,context59,16,chair,13,car,101657,0.0031144353159324213,0.1560590174101667
corrclip,context59,54,tvmonitor,32,light,99199,0.0030391302999811156,0.22317788716804204
corrclip,context59,48,sofa,25,floor,98079,0.0030048171926314563,0.14088652543395447
corrclip,context59,36,people,1,bag,98052,0.0030039900016507054,0.01583875011307393
corrclip,context59,12,cabinet,23,door,97328,0.00298180902868539,0.3002708756255129
corrclip,context59,16,chair,3,bedclothes,94653,0.002899855848185088,0.1453068079416519
corrclip,context59,17,cloth,3,bedclothes,92239,0.002825898847165376,0.213160442871966
corrclip,context59,10,building,15,ceiling,90898,0.002784815028454757,0.034499078675950125
corrclip,context59,40,road,25,floor,90852,0.0027834057401171816,0.09473094813321058
corrclip,context59,36,people,3,bedclothes,90366,0.0027685163024636686,0.014597198351059017
corrclip,context59,55,wall,12,cabinet,90331,0.002767444017858992,0.026540050705537974
corrclip,context59,29,ground,47,snow,88904,0.0027237254426911673,0.04468914293699516
corrclip,context59,10,building,57,window,75010,0.002298059091337448,0.02846900802529229
corrclip,context59,52,tree,47,snow,73260,0.002244444861103605,0.03691070591851027
corrclip,context59,29,ground,24,fence,72684,0.0022267981201809233,0.03653587763466837
corrclip,context59,36,people,9,bottle,72144,0.002210254300565909,0.011653722393807426
corrclip,context59,55,wall,24,fence,71601,0.0021936185708419224,0.021037010224255512
corrclip,context59,10,building,34,mountain,69267,0.0021221125060614716,0.026289331807597936
corrclip,context59,0,aeroplane,13,car,66846,0.0020479410481208243,0.1711971971664336
corrclip,context59,49,table,18,computer,64400,0.0019730036726054077,0.20261511936673338
corrclip,context59,16,chair,49,table,63486,0.0019450017260718465,0.09746070392891629
corrclip,context59,10,building,46,sky,62477,0.0019140892927541624,0.02371228122111967
corrclip,voc20,14,person,13,motorbike,103984,0.011443666815677331,0.047697179057533026
corrclip,voc20,18,train,5,bus,45181,0.004972267948906731,0.05265249423725495
corrclip,voc20,8,chair,10,diningtable,43847,0.004825458328848706,0.2372403568858517
corrclip,voc20,8,chair,17,sofa,42391,0.0046652223417388995,0.22936246422213927
corrclip,voc20,10,diningtable,17,sofa,34664,0.003814849077729641,0.09101650501241945
corrclip,voc20,14,person,4,bottle,28484,0.003134726550024553,0.01306553362319944
corrclip,voc20,10,diningtable,8,chair,20661,0.002273788275876186,0.05424913483907219
corrclip,voc20,10,diningtable,4,bottle,14056,0.0015468935678677543,0.036906531111659584
corrclip,voc20,17,sofa,8,chair,12825,0.0014114193232714818,0.03427430669691892
corrclip,voc20,14,person,10,diningtable,11660,0.0012832085231458462,0.005348410407474564
corrclip,voc20,14,person,1,bicycle,11137,0.0012256512283254964,0.0051085117245320945
corrclip,voc20,5,bus,6,car,7184,0.0007906149254099279,0.009212913981597256
corrclip,voc20,5,bus,11,dog,6953,0.0007651928697626989,0.008916674681799236
corrclip,voc20,12,horse,16,sheep,6236,0.0006862854502862348,0.018304782256454814
corrclip,voc20,16,sheep,7,cat,5772,0.0006352212346138786,0.017083291404488065
corrclip,voc20,3,boat,2,bird,5363,0.0005902098893337198,0.02808323907670395
corrclip,voc20,14,person,12,horse,4836,0.000532212385757574,0.002218260096959433
corrclip,voc20,18,train,2,bird,4371,0.0004810381178962688,0.005093823782365185
corrclip,voc20,0,aeroplane,4,bottle,4312,0.0004745450387482752,0.01340816865933861
corrclip,voc20,19,tvmonitor,6,car,4077,0.00044868277434525003,0.020086613358558613
corrclip,voc20,12,horse,14,person,3941,0.0004337156766481801,0.011568176214350292
corrclip,voc20,15,pottedplant,4,bottle,3649,0.00040158043747505945,0.024560317150491676
corrclip,voc20,19,tvmonitor,10,diningtable,3580,0.00039398683643757543,0.017637987692823112
corrclip,voc20,14,person,8,chair,3299,0.00036306217134289423,0.0015132423614286953
corrclip,voc20,8,chair,6,car,2185,0.00024046403285365986,0.011822249636134421
corrclip,voc20,14,person,5,bus,2015,0.0002217551607323225,0.0009242750403997638
corrclip,voc20,15,pottedplant,10,diningtable,1867,0.00020546743676786407,0.012566213241975325
corrclip,voc20,9,cow,16,sheep,1821,0.00020040503607620806,0.003653933747619726
corrclip,voc20,14,person,17,sofa,1572,0.00017300204102789626,0.0007210721406989721
corrclip,voc20,14,person,15,pottedplant,1525,0.0001678295881472912,0.0006995133680444863
corrclip,voc20,1,bicycle,14,person,1451,0.000159685726165062,0.01650946079714185
corrclip,voc20,14,person,3,boat,1319,0.00014515883722378826,0.0006050217261971655
corrclip,voc20,15,pottedplant,2,bird,1300,0.00014306784563375644,0.008749907452901941
corrclip,voc20,14,person,11,dog,1233,0.00013569434897417053,0.0005655737592123617
corrclip,voc20,19,tvmonitor,17,sofa,1132,0.00012457907789031715,0.005577151415719487
corrclip,voc20,17,sofa,10,diningtable,1045,0.00011500453745175037,0.002792721286415616
corrclip,voc20,7,cat,17,sofa,973,0.00010708077984741924,0.0015933449600026202
corrclip,voc20,5,bus,18,train,952,0.00010476968387948933,0.001220864993106986
corrclip,voc20,12,horse,11,dog,824,9.068300369401177e-05,0.002418720426446242
corrclip,voc20,13,motorbike,16,sheep,767,8.44100289239163e-05,0.0025591148865748235
corrclip,voc20,4,bottle,10,diningtable,729,8.022804574385265e-05,0.0028676288367811753
corrclip,voc20,3,boat,4,bottle,722,7.945768042120935e-05,0.0037807381341376568
corrclip,voc20,11,dog,17,sofa,718,7.901747166541317e-05,0.0015378716969493167
corrclip,voc20,18,train,10,diningtable,670,7.37349665958591e-05,0.000780796598989859
corrclip,voc20,18,train,14,person,648,7.131381843898013e-05,0.0007551585017095949
corrclip,voc20,5,bus,14,person,648,7.131381843898013e-05,0.0008310089448879484
corrclip,voc20,16,sheep,8,chair,610,6.713183525891648e-05,0.0018054067492615591
corrclip,voc20,15,pottedplant,17,sofa,604,6.647152212522223e-05,0.004065341616579055
corrclip,voc20,14,person,6,car,571,6.28397998899038e-05,0.0002619161528874765
corrclip,voc20,1,bicycle,4,bottle,528,5.8107555765094926e-05,0.006007577740103995
naclip,ade20k,0,wall,25,house,1343538,0.027635614316056916,0.09687804808404292
naclip,ade20k,0,wall,79,hovel,1232791,0.02535762785146838,0.08889245095827238
naclip,ade20k,3,floor,28,rug,1176485,0.024199453762101423,0.26207142200006817
naclip,ade20k,0,wall,145,shower,946075,0.019460085099240625,0.06821831562718055
naclip,ade20k,0,wall,14,door,625578,0.012867691373530376,0.045108344955125494
naclip,ade20k,7,bed,131,blanket,539215,0.011091266323269332,0.11932389139969095
naclip,ade20k,0,wall,5,ceiling,534150,0.010987082901206964,0.038515776542302135
naclip,ade20k,0,wall,65,toilet,511143,0.010513845390567503,0.036856818438944006
naclip,ade20k,1,building,0,wall,491820,0.01011638512116748,0.2565941974922824
naclip,ade20k,0,wall,7,bed,437249,0.008993898739061769,0.03152856833725558
naclip,ade20k,1,building,25,house,408319,0.008398829360924696,0.21302973877811243
naclip,ade20k,5,ceiling,25,house,374152,0.007696038643924718,0.09585598953903289
naclip,ade20k,5,ceiling,86,awning,364039,0.007488021477623293,0.09326508631732557
naclip,ade20k,57,pillow,7,bed,312255,0.00642286168925654,0.8148680704702803
naclip,ade20k,5,ceiling,79,hovel,267104,0.0054941379598314796,0.0684307934471387
naclip,ade20k,0,wall,3,floor,240400,0.004944855807264166,0.017334442910735624
naclip,ade20k,15,table,7,bed,239907,0.004934715150388204,0.3670963358764609
naclip,ade20k,0,wall,18,curtain,224637,0.004620622187921799,0.016197825508065384
naclip,ade20k,7,bed,28,rug,222298,0.004572510633291221,0.04919273835180493
naclip,ade20k,0,wall,36,lamp,219722,0.004519524158418041,0.015843421236408705
naclip,ade20k,12,people,121,step,205808,0.004233323144681462,0.19799301760222268
naclip,ade20k,0,wall,35,wardrobe,205437,0.004225691940419836,0.014813377488572355
naclip,ade20k,8,windowpane,25,house,190091,0.003910035712390402,0.13440974640537665
naclip,ade20k,5,ceiling,106,canopy,189798,0.003904008912259252,0.048625358417245836
naclip,ade20k,12,people,92,apparel,189715,0.003902301661710155,0.18251110420588934
naclip,ade20k,29,field,9,grass,183326,0.0037708845079971317,0.9236450844161406
naclip,ade20k,0,wall,86,awning,172273,0.00354353221499509,0.012422031961568877
naclip,ade20k,13,earth,34,rock,169879,0.003494289349759689,0.23312003666708292
naclip,ade20k,35,wardrobe,10,cabinet,151723,0.003120833434465645,0.4369788801557563
naclip,ade20k,22,painting,0,wall,145748,0.002997931964214383,0.2492991305626968
naclip,ade20k,8,windowpane,4,tree,142532,0.002931781147757804,0.10078167811548755
naclip,ade20k,0,wall,37,bathtub,135316,0.0027833531964049827,0.009757185844047844
naclip,ade20k,5,ceiling,0,wall,130472,0.002683715586045633,0.033426315153030586
naclip,ade20k,17,plant,9,grass,125040,0.002571983236856536,0.316893109399591
naclip,ade20k,13,earth,29,field,123568,0.002541705251214719,0.16956879126247565
naclip,ade20k,1,building,79,hovel,117901,0.0024251391203504676,0.061511757306611334
naclip,ade20k,58,screendoor,145,shower,116760,0.0024016695676213145,0.586869326578003
naclip,ade20k,3,floor,7,bed,105586,0.0021718283912886614,0.023520124067284494
naclip,ade20k,14,door,32,fence,103712,0.002133281553589772,0.11364241516430222
naclip,ade20k,8,windowpane,79,hovel,101237,0.002082372576372722,0.07158276560616292
naclip,ade20k,0,wall,10,cabinet,100467,0.0020665342279051952,0.007244340582000315
naclip,ade20k,0,wall,45,counter,100071,0.0020583887915504675,0.0072157863415982714
naclip,ade20k,13,earth,121,step,97626,0.0020080968928451394,0.1339693352307268
naclip,ade20k,39,cushion,7,bed,97311,0.00200161756847206,0.3860459949776055
naclip,ade20k,0,wall,88,booth,94236,0.0019383670210205738,0.006795043935674218
naclip,ade20k,7,bed,57,pillow,94115,0.0019358781376899625,0.020826883597603763
naclip,ade20k,55,case,50,refrigerator,93819,0.0019297896297076405,0.2595219456331413
naclip,ade20k,0,wall,77,bar,92738,0.001907554234001931,0.00668702814748669
naclip,ade20k,27,mirror,14,door,90021,0.0018516674901236584,0.12357272480184932
naclip,ade20k,13,earth,16,mountain,87385,0.0017974468582270346,0.11991590722898676
naclip,ade847,0,wall,138,manhole,9790777,0.04528631985445586,0.12296414259568762
naclip,ade847,5,"floor, flooring",27,"rug, carpet, carpeting",3742304,0.01730967582415671,0.1910209967699044
naclip,ade847,0,wall,80,"bus, autobus, coach, charabanc, double-decker, jitney, motorbus, motorcoach, omnibus, passenger vehicle",3148776,0.014564367780619874,0.039546048394920943
naclip,ade847,0,wall,58,"toilet, can, commode, crapper, pot, potty, stool, throne",2831256,0.013095708829426641,0.03555825717498173
naclip,ade847,0,wall,190,shower,2426637,0.01122418163059553,0.030476573830245712
naclip,ade847,0,wall,50,"bridge, span",2332577,0.01078911593095697,0.02929525724499917
naclip,ade847,0,wall,6,ceiling,2148149,0.009936061531074552,0.02697899257155829
naclip,ade847,0,wall,5,"floor, flooring",1968253,0.009103969471727556,0.024719646107391673
naclip,ade847,0,wall,33,"rock, stone",1708371,0.00790190967847359,0.021455740974422915
naclip,ade847,0,wall,46,"wardrobe, closet, press",1630442,0.007541456404955268,0.020477016541383602
naclip,ade847,0,wall,137,"basket, handbasket",1600050,0.00740088106215902,0.020095317905844446
naclip,ade847,51,"blind, screen",138,manhole,1581888,0.007316874436209248,0.35686202674082945
naclip,ade847,0,wall,109,"doorframe, doorcase",1580568,0.007310768900130969,0.019850639937379923
naclip,ade847,0,wall,26,house,1506646,0.00696884962893512,0.018922240143476085
naclip,ade847,0,wall,249,"hat, chapeau, lid",1484814,0.006867867762525285,0.018648048099152225
naclip,ade847,6,ceiling,249,"hat, chapeau, lid",1377804,0.006372903053633915,0.10157153817181935
naclip,ade847,0,wall,121,"eiderdown, duvet, continental quilt",1365312,0.006315122480384023,0.01714720082538939
naclip,ade847,0,wall,64,double door,1330297,0.006153163885095439,0.01670744109508525
naclip,ade847,0,wall,37,"bathtub, bathing tub, bath, tub",1314149,0.006078472827071162,0.016504635436797335
naclip,ade847,0,wall,101,"hovel, hut, hutch, shack, shanty",1179181,0.005454191013879401,0.014809547866336401
naclip,ade847,0,wall,20,door,1178044,0.005448931927121065,0.01479526807729297
naclip,ade847,0,wall,16,"plant, flora, plant life",1055142,0.004880460264172115,0.01325171958739322
naclip,ade847,6,ceiling,0,wall,1049732,0.004855436817063412,0.07738611145575153
naclip,ade847,0,wall,19,"curtain, drape, drapery, mantle, pall",1035071,0.004787623737939438,0.012999644261192036
naclip,ade847,0,wall,73,flower,1006865,0.00465715953292131,0.012645399995792674
naclip,ade847,11,"person, individual, someone, somebody, mortal, soul",94,"airplane, aeroplane, plane",969973,0.004486519050345659,0.23805425235631186
naclip,ade847,10,cabinet,68,"chest of drawers, chest, bureau, dresser",963848,0.004458188437861221,0.15833447913951024
naclip,ade847,7,bed,84,"case, display case, showcase, vitrine",912425,0.004220336178957185,0.14762887725522658
naclip,ade847,193,confessional booth,109,"doorframe, doorcase",898325,0.00415511795266648,0.476105046530646
naclip,ade847,0,wall,27,"rug, carpet, carpeting",876369,0.004053562535897777,0.011006477083733004
naclip,ade847,0,wall,211,chest,873983,0.004042526316895676,0.010976510877349861
naclip,ade847,51,"blind, screen",50,"bridge, span",858689,0.003971785355697801,0.1937137754885656
naclip,ade847,0,wall,179,"arcade, colonnade",841479,0.003892182116374182,0.010568287251080954
naclip,ade847,5,"floor, flooring",58,"toilet, can, commode, crapper, pot, potty, stool, throne",838370,0.0038778017287473877,0.04279349648291126
naclip,ade847,17,table,76,book,830893,0.0038432175671888344,0.3057884635555155
naclip,ade847,0,wall,54,sand,804692,0.0037220273014411213,0.010106272651660747
naclip,ade847,23,"painting, picture",210,"air conditioner, air conditioning",800250,0.0037014812474564893,0.3771474784492205
naclip,ade847,5,"floor, flooring",8,"sidewalk, pavement",796554,0.0036843857464373088,0.04065905363675811
naclip,ade847,45,sink,153,"screen, silver screen, projection screen",786689,0.003638756115064415,0.27225905498103986
naclip,ade847,37,"bathtub, bathing tub, bath, tub",58,"toilet, can, commode, crapper, pot, potty, stool, throne",767005,0.0035477096210001433,0.12301051436342875
naclip,ade847,6,ceiling,101,"hovel, hut, hutch, shack, shanty",752209,0.0034792721120499824,0.055452753190356585
naclip,ade847,25,mirror,138,manhole,746912,0.0034547713358328287,0.10166664466125297
naclip,ade847,20,door,109,"doorframe, doorcase",734820,0.0033988409250308997,0.19232168459578736
naclip,ade847,7,bed,121,"eiderdown, duvet, continental quilt",721837,0.003338789277376132,0.11679204961644078
naclip,ade847,25,mirror,50,"bridge, span",700628,0.0032406890389790003,0.09536665352240203
naclip,ade847,10,cabinet,121,"eiderdown, duvet, continental quilt",693195,0.0032063083952897234,0.11387342118997269
naclip,ade847,5,"floor, flooring",138,manhole,690847,0.003195447941720179,0.035263378537793336
naclip,ade847,0,wall,174,"pier, wharf, wharfage, dock",663707,0.003069914419625872,0.008335616487818694
naclip,ade847,10,cabinet,58,"toilet, can, commode, crapper, pot, potty, stool, throne",638136,0.002951638159733701,0.10482869828040366
naclip,ade847,40,cushion,56,pillow,590791,0.00273264830698665,0.6354743811075795
naclip,coco_stuff164k,159,wall-brick,160,wall-concrete,1248129,0.028088028143815825,0.4964164662777943
naclip,coco_stuff164k,136,river,127,paper,594333,0.013374933224689507,0.4767111882547709
naclip,coco_stuff164k,44,spoon,108,fog,548048,0.012333330647843272,0.49781091382085463
naclip,coco_stuff164k,144,shelf,93,clothes,505097,0.011366756762607825,0.24111759696317003
naclip,coco_stuff164k,142,sand,165,wall-wood,398556,0.00896914673474189,0.3189466077571961
naclip,coco_stuff164k,156,towel,81,blanket,329032,0.007404571223179662,0.13978799325174304
naclip,coco_stuff164k,107,flower,144,shelf,288793,0.006499028475211299,0.6821387741990343
naclip,coco_stuff164k,132,platform,118,light,258294,0.005812675726129883,0.34292656049813797
naclip,coco_stuff164k,132,platform,111,furniture-other,249353,0.005611466508465797,0.33105595422229006
naclip,coco_stuff164k,98,desk-stuff,112,grass,231282,0.005204794796978527,0.34934325003625116
naclip,coco_stuff164k,138,rock,164,wall-tile,209264,0.00470929937649672,0.7202613074320487
naclip,coco_stuff164k,110,fruit,160,wall-concrete,190899,0.004296011457650849,0.17491460384246058
naclip,coco_stuff164k,119,mat,136,river,183928,0.004139135330110715,0.23119806220405434
naclip,coco_stuff164k,159,wall-brick,95,counter,174031,0.003916412186477849,0.06921708737060898
naclip,coco_stuff164k,104,floor-stone,103,floor-other,169738,0.0038198020565782947,0.322200266130609
naclip,coco_stuff164k,127,paper,159,wall-brick,169705,0.0038190594210584516,0.11225293671356633
naclip,coco_stuff164k,159,wall-brick,115,hill,157149,0.0035364978578115826,0.06250263495126633
naclip,coco_stuff164k,141,salad,98,desk-stuff,154176,0.0034695931487057417,0.2047354093353695
naclip,coco_stuff164k,85,bush,95,counter,153745,0.003459893878734461,0.34621871826225203
naclip,coco_stuff164k,156,towel,84,building-other,149695,0.003368752246753749,0.06359735116894306
naclip,coco_stuff164k,58,potted plant,80,banner,143933,0.0032390835841678567,0.28851805079479625
naclip,coco_stuff164k,150,stone,129,pillow,139039,0.003128948486164498,0.6890555153581588
naclip,coco_stuff164k,152,structural-other,59,bed,135554,0.0030505216744477616,0.28701068821247694
naclip,coco_stuff164k,110,fruit,108,fog,133952,0.003014470095575391,0.12273590230386372
naclip,coco_stuff164k,104,floor-stone,127,paper,130992,0.0029478579398561546,0.24865178840908184
naclip,coco_stuff164k,115,hill,160,wall-concrete,127607,0.002871681538805609,0.15658261243021043
naclip,coco_stuff164k,101,fence,98,desk-stuff,126341,0.002843191339771638,0.909949295612342
naclip,coco_stuff164k,132,platform,98,desk-stuff,123731,0.0027844556213840682,0.164272674769817
naclip,coco_stuff164k,93,clothes,144,shelf,118779,0.0026730152851943186,0.09161299777097329
naclip,coco_stuff164k,86,cabinet-merged,100,door-stuff,118455,0.0026657239546358617,0.3231055006082692
naclip,coco_stuff164k,47,apple,108,fog,117339,0.002640609371601177,0.31509115272142363
naclip,coco_stuff164k,84,building-other,129,pillow,117127,0.002635838500988853,0.2881898908280289
naclip,coco_stuff164k,83,bridge,160,wall-concrete,116551,0.002622876135551596,0.08526634989264067
naclip,coco_stuff164k,98,desk-stuff,34,baseball bat,114617,0.0025793531932674736,0.17312490937213013
naclip,coco_stuff164k,44,spoon,46,banana,113252,0.002548635087673974,0.10287070039857718
naclip,coco_stuff164k,127,paper,136,river,112655,0.0025352001359968176,0.0745166882853588
naclip,coco_stuff164k,97,curtain,152,structural-other,111715,0.0025140462757346272,0.26868647512398325
naclip,coco_stuff164k,111,furniture-other,113,gravel,109520,0.002464649761611748,0.04831378195626703
naclip,coco_stuff164k,120,metal,163,wall-stone,105272,0.0023690523165119785,0.30236846489237645
naclip,coco_stuff164k,127,paper,112,grass,102994,0.002317787961536161,0.06812633077326567
naclip,coco_stuff164k,156,towel,169,window-other,102689,0.0023109242090042803,0.043627030924129694
naclip,coco_stuff164k,115,hill,83,bridge,101306,0.0022798010294908665,0.12430946683845635
naclip,coco_stuff164k,159,wall-brick,89,carpet,96885,0.002180310373938588,0.03853392504727003
naclip,coco_stuff164k,142,sand,36,skateboard,96225,0.0021654576635417315,0.07700457986189192
naclip,coco_stuff164k,89,carpet,160,wall-concrete,96109,0.0021628471871689503,0.125739023723332
naclip,coco_stuff164k,56,chair,58,potted plant,93539,0.0021050116330478567,0.27475106476721983
naclip,coco_stuff164k,100,door-stuff,111,furniture-other,93199,0.0020973602367828094,0.27752251916921017
naclip,coco_stuff164k,102,floor-marble,118,light,92978,0.0020923868292105287,0.22417571819507903
naclip,coco_stuff164k,85,bush,71,sink,92407,0.002079536984306581,0.20809153532446534
naclip,coco_stuff164k,159,wall-brick,102,floor-marble,91265,0.0020538372944986865,0.03629869091643804
naclip,context459,359,sky,103,cup,2753449,0.07841051328042688,0.9076144444396832
naclip,context459,419,tree,163,forceps,1293702,0.036841008441381995,0.6518079998387739
naclip,context459,283,person,79,cloth,1028005,0.02927470227516298,0.16605795200496232
naclip,context459,439,wall,183,glove,996166,0.028368016757350407,0.29268242520433674
naclip,context459,283,person,27,bird nest,971122,0.027654833802229387,0.15686940284041714
naclip,context459,283,person,7,baby carriage,468193,0.013332824920419045,0.07562917565873642
naclip,context459,323,road,67,ceiling,431862,0.012298219827682194,0.4503004526340046
naclip,context459,283,person,28,blackboard,422132,0.012021136687875154,0.06818874946693718
naclip,context459,444,water,188,ground,410847,0.011699771504655994,0.47567261536751576
naclip,context459,367,sofa,111,dock,364989,0.010393864143374265,0.5242919690414217
naclip,context459,43,building,89,controller,349954,0.009965709466395967,0.13282020043305076
naclip,context459,43,building,183,glove,304262,0.008664529320037974,0.11547843380604564
naclip,context459,325,rock,69,cello,280555,0.007989420379091882,0.8341658490173341
naclip,context459,439,wall,104,curtain,269537,0.00767565860782837,0.07919236637498299
naclip,context459,43,building,38,brick,266032,0.007575846027661498,0.10096876607098465
naclip,context459,283,person,155,flame,263687,0.007509066997564117,0.04259446519261337
naclip,context459,188,ground,97,cow,256405,0.007301696039283042,0.12888643587195453
naclip,context459,188,ground,186,grass,252151,0.007180554037562677,0.12674808873286092
naclip,context459,365,snow,109,disc case,243456,0.006932944798033159,0.678598406190159
naclip,context459,439,wall,78,closet,242508,0.00690594841401085,0.07125100592818194
naclip,context459,439,wall,114,door,242078,0.0068937032187264685,0.07112466810613435
naclip,context459,444,water,77,clock,206897,0.0058918469040757536,0.23954230431691825
naclip,context459,188,ground,85,concrete,204651,0.005827887116613615,0.10287138701519614
naclip,context459,419,tree,201,heater,189774,0.005404231836972368,0.09561414557711395
naclip,context459,439,wall,201,heater,189026,0.005382930892617212,0.055537518954345916
naclip,context459,283,person,126,earrings,178523,0.005083834878496622,0.028837567682824392
naclip,context459,439,wall,28,blackboard,164134,0.0046740764716432315,0.048224028102232565
naclip,context459,323,road,97,cow,155608,0.004431279878632459,0.16225172122917086
naclip,context459,283,person,185,grandstand,155447,0.0044266950497004,0.025110004781411937
naclip,context459,283,person,183,glove,154851,0.004409722639492281,0.025013730405903104
naclip,context459,188,ground,157,floor,149494,0.0042571702880075625,0.07514576098064378
naclip,context459,283,person,105,cushion,147506,0.0042005576177160525,0.023827261801687708
naclip,context459,43,building,114,door,143531,0.004087360754331367,0.054475205850929576
naclip,context459,188,ground,125,earphone,142242,0.00405065364567656,0.0715004169626121
naclip,context459,283,person,30,boat,137090,0.003903939119850675,0.02214472170890247
naclip,context459,415,train,159,fly,126514,0.0036027642702515738,0.4798140120528078
naclip,context459,419,tree,228,leaves,126442,0.0036007139119713983,0.06370548017674414
naclip,context459,329,rug,73,chicken,120607,0.003434549459682182,0.9255675103218578
naclip,context459,439,wall,169,fridge,120376,0.003427971226866619,0.03536753876000309
naclip,context459,439,wall,67,ceiling,116147,0.003307541155104649,0.03412502097060942
naclip,context459,283,person,83,comb,110196,0.0031380733478084833,0.017800421281159946
naclip,context459,43,building,85,concrete,110043,0.0031337163364631103,0.041765298628546055
naclip,context459,396,table,140,fan,109096,0.0031067484296391362,0.34323756308125997
naclip,context459,43,building,197,hard disk drive,108917,0.0031016510111370335,0.04133794090242315
naclip,context459,367,sofa,73,chicken,103783,0.0029554490748811917,0.1490800912439166
naclip,context459,283,person,152,fishing pole,99544,0.0028347342311358637,0.016079759120220204
naclip,context459,79,cloth,202,helicopter,99060,0.002820951267141351,0.2289234864959177
naclip,context459,283,person,6,atrium,98987,0.00281887243166284,0.01598978457800809
naclip,context459,157,floor,73,chicken,97080,0.002764566414436527,0.1700306153188687
naclip,context459,283,person,57,cap,93472,0.00266182068284107,0.015098923536177197
naclip,context59,36,people,17,cloth,1731083,0.05303467572336626,0.2796290851995916
naclip,context59,10,building,55,wall,569697,0.017453637783731102,0.216220616784228
naclip,context59,29,ground,44,sidewalk,445586,0.013651285938843995,0.22398155813826068
naclip,context59,55,wall,21,curtain,429368,0.013154419889739732,0.12615213483007415
naclip,context59,55,wall,23,door,364614,0.011170570824275592,0.10712683406526025
naclip,context59,29,ground,28,grass,268274,0.00821903085814508,0.13485259529694324
naclip,context59,52,tree,58,wood,263507,0.008072985694988093,0.13276316386116416
naclip,context59,55,wall,12,cabinet,254085,0.007784326679409084,0.07465243143014709
naclip,context59,10,building,23,door,246785,0.007560678747576484,0.09366383342916622
naclip,context59,29,ground,25,floor,235885,0.007226738684977121,0.11857170072992333
naclip,context59,55,wall,58,wood,235591,0.007217731494297836,0.06921872984654656
naclip,context59,40,road,44,sidewalk,228017,0.006985689105845765,0.23775224101274903
naclip,context59,10,building,24,fence,225202,0.006899446786926755,0.08547230429691874
naclip,context59,52,tree,28,grass,191313,0.005861199559272646,0.09638954247048806
naclip,context59,36,people,16,chair,177846,0.005448615080095983,0.028728209038160837
naclip,context59,29,ground,41,rock,152794,0.0046811043967712835,0.07680456341576576
naclip,context59,55,wall,15,ceiling,138891,0.004255162315090647,0.04080741033026176
naclip,context59,10,building,57,window,136415,0.004179305838485508,0.05177442647340685
naclip,context59,36,people,1,bag,133057,0.004076427789842511,0.021493254332346896
naclip,context59,10,building,58,wood,130257,0.003990645021468364,0.049437242745640556
naclip,context59,29,ground,40,road,129360,0.003963163898885645,0.06502505545678142
naclip,context59,36,people,3,bedclothes,126482,0.0038749914676782173,0.020431167052194926
naclip,context59,55,wall,25,floor,123640,0.003787921957778457,0.036326530972010884
naclip,context59,36,people,49,table,106561,0.0032646777073991437,0.017213244511068322
naclip,context59,10,building,44,sidewalk,104248,0.003193815013381499,0.0395658865300716
naclip,context59,36,people,29,ground,102373,0.003136371195273811,0.016536739335512966
naclip,context59,36,people,25,floor,92786,0.0028426571237013254,0.014988111083829782
naclip,context59,13,car,53,truck,87448,0.0026791184031366103,0.11845598673587707
naclip,context59,16,chair,2,bed,84699,0.002594898106614991,0.13002589802594716
naclip,context59,52,tree,39,pottedplant,83615,0.0025616879205729993,0.04212788254676817
naclip,context59,40,road,29,ground,81751,0.0025045811061982096,0.0852413787350647
naclip,context59,16,chair,48,sofa,80576,0.002468582980184058,0.12369646346873892
naclip,context59,12,cabinet,23,door,80122,0.0024546739170262497,0.24718789142761943
naclip,context59,55,wall,32,light,78941,0.0024184919707941534,0.023193567465719114
naclip,context59,46,sky,52,tree,78461,0.0024037863533585852,0.0258629583933394
naclip,context59,55,wall,57,window,77910,0.0023869055300106724,0.022890650501693366
naclip,context59,17,cloth,3,bedclothes,77688,0.002380104181946722,0.17953369492120788
naclip,context59,16,chair,17,cloth,74723,0.0022892663575790977,0.1147112147509752
naclip,context59,51,train,55,wall,72408,0.0022183423901554716,0.274612872762854
naclip,context59,10,building,30,horse,69812,0.0021388095091914396,0.026496179019620123
naclip,context59,54,tvmonitor,52,tree,65983,0.0020215015734397924,0.14844853808011088
naclip,context59,17,cloth,48,sofa,63917,0.001958206145060867,0.1477094941082129
naclip,context59,36,people,55,wall,62420,0.0019123430006836887,0.010082963958492175
naclip,context59,36,people,28,grass,62126,0.001903335810004403,0.01003547290748614
naclip,context59,36,people,58,wood,61330,0.0018789489944237524,0.009906891694558237
naclip,context59,24,fence,28,grass,60858,0.0018644884706121103,0.21536556019534292
naclip,context59,54,tvmonitor,32,light,60259,0.0018461370855206408,0.1355706842091054
naclip,context59,36,people,33,motorbike,59134,0.0018116707946560276,0.009552162619696833
naclip,context59,55,wall,49,table,53839,0.0016494494523199153,0.01581837674702438
naclip,context59,40,road,25,floor,52936,0.0016217845095192526,0.05519611533460612
naclip,voc20,14,person,1,bicycle,84329,0.009280591041883883,0.03868148381234327
naclip,voc20,14,person,8,chair,80435,0.008852047818116307,0.03689531656305459
naclip,voc20,14,person,13,motorbike,54484,0.005996083462699682,0.024991663176744783
naclip,voc20,8,chair,10,diningtable,48651,0.005354149044559911,0.2632330741636502
naclip,voc20,8,chair,17,sofa,46441,0.005110933706982525,0.2512755585133724
naclip,voc20,19,tvmonitor,14,person,42803,0.004710563843585905,0.21088234279773957
naclip,voc20,5,bus,6,car,38720,0.004261220756106961,0.049655349299477416
naclip,voc20,13,motorbike,6,car,37508,0.0041278375031007205,0.1251463900464778
naclip,voc20,14,person,10,diningtable,32500,0.003576696140843911,0.014907661941931676
naclip,voc20,5,bus,3,boat,32290,0.0035535851811646117,0.04140938091116027
naclip,voc20,19,tvmonitor,4,bottle,31565,0.0034737973441765556,0.15551482724133003
naclip,voc20,14,person,12,horse,30636,0.003371558860642894,0.014052650192400578
naclip,voc20,14,person,17,sofa,27477,0.003023903995752866,0.012603625451644819
naclip,voc20,4,bottle,14,person,22804,0.002509630116793986,0.08970289162408493
naclip,voc20,15,pottedplant,8,chair,22189,0.0024419480205903244,0.14934745882495473
naclip,voc20,5,bus,14,person,21194,0.0023324460925860263,0.0271796351511654
naclip,voc20,18,train,5,bus,19703,0.0021683582788630026,0.022961246850592823
naclip,voc20,9,cow,12,horse,16740,0.0018422736430069868,0.03358970397317639
naclip,voc20,14,person,4,bottle,16688,0.0018365509291816365,0.0076547403842140245
naclip,voc20,17,sofa,8,chair,14842,0.0016333945883817023,0.03966465964878523
naclip,voc20,10,diningtable,17,sofa,13928,0.0015328068876822767,0.036570444317244925
naclip,voc20,18,train,6,car,13313,0.001465124791478615,0.015514544958734318
naclip,voc20,11,dog,17,sofa,13233,0.0014563206163626915,0.02834353226424834
naclip,voc20,13,motorbike,1,bicycle,12565,0.0013828057541447306,0.04192344009102041
naclip,voc20,19,tvmonitor,8,chair,12299,0.0013535318718842849,0.06059486330559538
naclip,voc20,10,diningtable,8,chair,10479,0.001153236887997026,0.027514480614618725
naclip,voc20,9,cow,11,dog,10123,0.0011140583087311665,0.020312340102775665
naclip,voc20,17,sofa,10,diningtable,9987,0.0010990912110340966,0.026689863624337565
naclip,voc20,14,person,6,car,9309,0.0010244758269266452,0.004270013077459753
naclip,voc20,14,person,16,sheep,9104,0.0010019151281920912,0.004175980132902953
naclip,voc20,0,aeroplane,14,person,7348,0.000808663484397571,0.022848613939893344
naclip,voc20,14,person,3,boat,6861,0.0007550680683793869,0.003147122110264407
naclip,voc20,14,person,15,pottedplant,6420,0.0007065350530528588,0.002944836605144657
naclip,voc20,4,bottle,10,diningtable,6411,0.0007055445833523173,0.025218612445273132
naclip,voc20,19,tvmonitor,10,diningtable,6236,0.0006862854502862348,0.03072360090850417
naclip,voc20,11,dog,7,cat,6151,0.000676931014225566,0.01317471978821065
naclip,voc20,11,dog,16,sheep,6107,0.0006720887179118082,0.013080476954414312
naclip,voc20,5,bus,2,bird,5716,0.0006290583120327322,0.007330319643486904
naclip,voc20,18,train,8,chair,5226,0.0005751327394477009,0.0060902134721209
naclip,voc20,13,motorbike,14,person,5188,0.0005709507562676372,0.017309893131095416
naclip,voc20,18,train,11,dog,5051,0.0005558736063816183,0.005886274061936982
naclip,voc20,18,train,14,person,4768,0.000524728836909039,0.005556474901468131
naclip,voc20,0,aeroplane,3,boat,4489,0.0004940242761922559,0.013958550350596247
naclip,voc20,7,cat,16,sheep,4456,0.0004903925539569375,0.007296963146733479
naclip,voc20,16,sheep,12,horse,4242,0.00046684138552184216,0.012554976115356612
naclip,voc20,5,bus,18,train,4178,0.0004597980454291034,0.005357955820589273
naclip,voc20,3,boat,14,person,3880,0.00042700249312228845,0.020317540111432282
naclip,voc20,19,tvmonitor,17,sofa,3842,0.0004228205099422248,0.018928812490454302
naclip,voc20,18,train,9,cow,3725,0.00040994440383518673,0.004340996016771977
naclip,voc20,9,cow,14,person,3470,0.0003818810956531807,0.006962740309851977
proxyclip,ade20k,0,wall,79,hovel,2619446,0.05388012797385562,0.188879522232757
proxyclip,ade20k,0,wall,25,house,1496384,0.030779547056144684,0.10789926381255496
proxyclip,ade20k,3,floor,28,rug,1151254,0.02368047016445965,0.25645101540883775
proxyclip,ade20k,0,wall,145,shower,874287,0.01798345735925776,0.06304192216763027
proxyclip,ade20k,0,wall,14,door,751886,0.015465756462149021,0.054215993936694525
proxyclip,ade20k,5,ceiling,79,hovel,613982,0.012629169959466169,0.15729931196186175
proxyclip,ade20k,0,wall,65,toilet,548831,0.011289060555559898,0.039574374530540524
proxyclip,ade20k,1,building,25,house,527428,0.01084881617601383,0.2751717384306444
proxyclip,ade20k,0,wall,5,ceiling,472695,0.009722997569944821,0.03408446127990922
proxyclip,ade20k,1,building,0,wall,384473,0.007908334221240747,0.2005887131317358
proxyclip,ade20k,5,ceiling,25,house,377653,0.007768051706242654,0.09675292933723297
proxyclip,ade20k,0,wall,7,bed,360317,0.00741146260360234,0.02598125817914945
proxyclip,ade20k,5,ceiling,106,canopy,316122,0.006502403109417482,0.08098897540320019
proxyclip,ade20k,57,pillow,7,bed,275850,0.0056740369152821135,0.7198647171037351
proxyclip,ade20k,0,wall,3,floor,239488,0.004926096620507823,0.017268681629809705
proxyclip,ade20k,0,wall,36,lamp,230621,0.004743708781726578,0.016629311807474043
proxyclip,ade20k,15,table,7,bed,228393,0.004697880417589371,0.34947806208169224
proxyclip,ade20k,0,wall,88,booth,227334,0.004676097546125591,0.016392297190803543
proxyclip,ade20k,8,windowpane,25,house,185204,0.0038095136228309175,0.130954241248988
proxyclip,ade20k,12,people,92,apparel,182018,0.0037439798848860604,0.1751063762240601
proxyclip,ade20k,29,field,9,grass,179490,0.0036919807356316356,0.9043182974692792
proxyclip,ade20k,0,wall,37,bathtub,172662,0.0035515336663637497,0.012450081455297147
proxyclip,ade20k,12,people,121,step,169877,0.003494248211192241,0.16342639669601172
proxyclip,ade20k,0,wall,35,wardrobe,164677,0.003387287935827126,0.011874309713856947
proxyclip,ade20k,1,building,79,hovel,162294,0.0033382713327126893,0.08467264179539767
proxyclip,ade20k,3,floor,7,bed,161164,0.003315028042104501,0.03590056707498947
proxyclip,ade20k,35,wardrobe,10,cabinet,148168,0.0030477096308266097,0.4267400902626372
proxyclip,ade20k,7,bed,131,blanket,144681,0.0029759845384808104,0.0320167278944367
proxyclip,ade20k,55,case,50,refrigerator,142139,0.0029236974192542483,0.3931846409613092
proxyclip,ade20k,58,screendoor,145,shower,140797,0.002896093440496559,0.7076861988198277
proxyclip,ade20k,35,wardrobe,14,door,138120,0.002841029467967249,0.39780074825249345
proxyclip,ade20k,0,wall,77,bar,128442,0.00264195994008579,0.009261524610402267
proxyclip,ade20k,13,earth,34,rock,124916,0.0025694326456747528,0.17141861266139624
proxyclip,ade20k,22,painting,0,wall,122651,0.0025228432180397554,0.2097921594988976
proxyclip,ade20k,0,wall,18,curtain,122548,0.002520724581816177,0.00883652791108498
proxyclip,ade20k,3,floor,79,hovel,122167,0.0025128876847173103,0.02721367413225186
proxyclip,ade20k,47,sink,65,toilet,119950,0.002467285582701068,0.4037891207529767
proxyclip,ade20k,13,earth,29,field,117133,0.0024093419104503893,0.16073822694344458
proxyclip,ade20k,27,mirror,14,door,114034,0.0023455977001895253,0.1565356094695025
proxyclip,ade20k,0,wall,22,painting,113619,0.0023370614474440402,0.00819268747535304
proxyclip,ade20k,8,windowpane,4,tree,111888,0.0023014560173176915,0.07911388601146178
proxyclip,ade20k,14,door,32,fence,105085,0.0021615231801429074,0.1151468797973301
proxyclip,ade20k,5,ceiling,86,awning,104674,0.0021530692045323182,0.02681698841382307
proxyclip,ade20k,39,cushion,57,pillow,100941,0.0020762840683904,0.4004466995410023
proxyclip,ade20k,44,chestofdrawers,7,bed,94206,0.001937749942508852,0.4913651465916974
proxyclip,ade20k,0,wall,1,building,93876,0.001930962078879912,0.006769085535308725
proxyclip,ade20k,8,windowpane,79,hovel,92294,0.0018984214720284482,0.06525933965699497
proxyclip,ade20k,12,people,133,hood,86818,0.0017857840743554924,0.08352132959938276
proxyclip,ade20k,13,earth,16,mountain,86766,0.001784714471601841,0.11906647143823613
proxyclip,ade20k,0,wall,47,sink,86396,0.0017771038366239387,0.006229727661047899
proxyclip,ade847,0,wall,138,manhole,12489732,0.05777008282881253,0.15686080753651346
proxyclip,ade847,5,"floor, flooring",27,"rug, carpet, carpeting",3824658,0.017690596519755627,0.19522464862929068
proxyclip,ade847,0,wall,26,house,3773693,0.01745486269685451,0.0473944942433423
proxyclip,ade847,0,wall,6,ceiling,3479845,0.01609569635933174,0.043704003961165756
proxyclip,ade847,0,wall,64,double door,3367272,0.015575000516195323,0.04229017925405371
proxyclip,ade847,0,wall,20,door,3009579,0.013920525124947021,0.03779784804709442
proxyclip,ade847,0,wall,80,"bus, autobus, coach, charabanc, double-decker, jitney, motorbus, motorcoach, omnibus, passenger vehicle",2744346,0.012693714783545425,0.03446673873543488
proxyclip,ade847,0,wall,46,"wardrobe, closet, press",2305294,0.010662920975787516,0.02895260510386286
proxyclip,ade847,0,wall,50,"bridge, span",2249104,0.010403019405909878,0.028246904711294252
proxyclip,ade847,0,wall,190,shower,2204448,0.01019646727021926,0.02768606191487952
proxyclip,ade847,0,wall,58,"toilet, can, commode, crapper, pot, potty, stool, throne",1942112,0.008983056730347038,0.02439133655120488
proxyclip,ade847,0,wall,172,closet,1746906,0.00808014970330425,0.02193970902260998
proxyclip,ade847,0,wall,73,flower,1427061,0.00660073668288223,0.017922717706341854
proxyclip,ade847,0,wall,37,"bathtub, bathing tub, bath, tub",1356898,0.006276204313291116,0.017041527874631743
proxyclip,ade847,6,ceiling,244,roof,1295269,0.0059911451595272966,0.09548706831760852
proxyclip,ade847,0,wall,101,"hovel, hut, hutch, shack, shanty",1245624,0.005761516872704457,0.015644017543920242
proxyclip,ade847,6,ceiling,101,"hovel, hut, hutch, shack, shanty",1210911,0.005600955150064086,0.08926820713191132
proxyclip,ade847,51,"blind, screen",138,manhole,1128764,0.005220991913531992,0.2546406627726398
proxyclip,ade847,0,wall,211,chest,1073836,0.004966927606177678,0.013486500921058953
proxyclip,ade847,17,table,76,book,1046564,0.004840783530475543,0.3851605412159141
proxyclip,ade847,0,wall,235,patio,1020810,0.004721660821263429,0.01282053777786011
proxyclip,ade847,5,"floor, flooring",138,manhole,979995,0.004532874870479378,0.05002255875779265
proxyclip,ade847,25,mirror,138,manhole,959700,0.004439002253275842,0.13063048777018507
proxyclip,ade847,51,"blind, screen",190,shower,956986,0.004426448901066411,0.21588883885749144
proxyclip,ade847,0,wall,5,"floor, flooring",953717,0.004411328448460432,0.01197790463248539
proxyclip,ade847,51,"blind, screen",50,"bridge, span",930711,0.004304916355265825,0.2099613966159324
proxyclip,ade847,0,wall,16,"plant, flora, plant life",930539,0.0043041207854132004,0.011686807930243796
proxyclip,ade847,11,"person, individual, someone, somebody, mortal, soul",94,"airplane, aeroplane, plane",920875,0.004259420860670409,0.2260044451119966
proxyclip,ade847,0,wall,174,"pier, wharf, wharfage, dock",906536,0.004193097162317046,0.011385349903498392
proxyclip,ade847,7,bed,120,arcade machine,877214,0.004057471004069099,0.14193179486814403
proxyclip,ade847,23,"painting, picture",210,"air conditioner, air conditioning",861568,0.003985101899917016,0.4060458590597163
proxyclip,ade847,7,bed,121,"eiderdown, duvet, continental quilt",845462,0.0039106051089497764,0.13679437304102623
proxyclip,ade847,0,wall,121,"eiderdown, duvet, continental quilt",844312,0.0039052858919118817,0.010603867411467977
proxyclip,ade847,18,chair,76,book,836745,0.0038702854438025366,0.34253829042180667
proxyclip,ade847,25,mirror,20,door,803244,0.0037153297133794942,0.10933432897621605
proxyclip,ade847,109,"doorframe, doorcase",20,door,784817,0.003630097354807947,0.36424524015391907
proxyclip,ade847,45,sink,153,"screen, silver screen, projection screen",767715,0.0035509936593452777,0.2656924914353309
proxyclip,ade847,5,"floor, flooring",76,book,742616,0.0034349005911417036,0.037905859207931616
proxyclip,ade847,45,sink,58,"toilet, can, commode, crapper, pot, potty, stool, throne",742141,0.0034327035232347473,0.2568417854103514
proxyclip,ade847,13,"windowpane, window",3,tree,694129,0.0032106285246057175,0.0917616401605451
proxyclip,ade847,24,water,14,"car, auto, automobile, machine, motorcar",650760,0.003010029286591421,0.6572835391258238
proxyclip,ade847,0,wall,249,"hat, chapeau, lid",640047,0.0029604773108288453,0.00803846626023063
proxyclip,ade847,45,sink,37,"bathtub, bathing tub, bath, tub",639228,0.0029566891032166407,0.22122542859684088
proxyclip,ade847,261,drawing,174,"pier, wharf, wharfage, dock",621564,0.0028749859295145834,0.8523285439641057
proxyclip,ade847,10,cabinet,121,"eiderdown, duvet, continental quilt",621061,0.0028726593502362693,0.1020237319046814
proxyclip,ade847,19,"curtain, drape, drapery, mantle, pall",85,towel,611292,0.0028274737578508867,0.14693562029973528
proxyclip,ade847,40,cushion,56,pillow,605394,0.0028001931125556686,0.651181851917585
proxyclip,ade847,166,catwalk,5,"floor, flooring",587507,0.002717458473288872,0.3794264819091609
proxyclip,ade847,10,cabinet,100,"buffet, counter, sideboard",585536,0.0027083417978265327,0.09618792338359602
proxyclip,ade847,0,wall,92,"poster, posting, placard, notice, bill, card",576849,0.0026681608948628905,0.007244751125695111
proxyclip,coco_stuff164k,159,wall-brick,160,wall-concrete,966156,0.02174247767603871,0.38413943202664846
proxyclip,coco_stuff164k,144,shelf,93,clothes,533282,0.012001035008873595,0.25461964280428145
proxyclip,coco_stuff164k,44,spoon,108,fog,489229,0.011009661598096729,0.4443835860319952
proxyclip,coco_stuff164k,136,river,127,paper,414709,0.009332655569651628,0.33262270559880014
proxyclip,coco_stuff164k,132,platform,118,light,252571,0.005683884723703805,0.33544994767123726
proxyclip,coco_stuff164k,104,floor-stone,103,floor-other,237614,0.005347290800361704,0.45166551349214196
proxyclip,coco_stuff164k,132,platform,111,furniture-other,233165,0.005247170029822892,0.3096760398017351
proxyclip,coco_stuff164k,127,paper,136,river,231080,0.0052002489674328215,0.15315492653428323
proxyclip,coco_stuff164k,159,wall-brick,95,counter,219529,0.004940304031381166,0.08728377754045735
proxyclip,coco_stuff164k,142,sand,36,skateboard,215255,0.004844121479508188,0.17265940645045372
proxyclip,coco_stuff164k,98,desk-stuff,112,grass,208977,0.004702840697884753,0.31565949129424065
proxyclip,coco_stuff164k,152,structural-other,59,bed,202431,0.004555528815675928,0.4279924224805382
proxyclip,coco_stuff164k,119,mat,136,river,188817,0.004249157907580765,0.2359705163389871
proxyclip,coco_stuff164k,159,wall-brick,115,hill,182478,0.004106504375450955,0.07255246075929639
proxyclip,coco_stuff164k,141,salad,98,desk-stuff,178961,0.004027357432321037,0.23794398189636146
proxyclip,coco_stuff164k,110,fruit,108,fog,170968,0.003847482107772437,0.15662176002521075
proxyclip,coco_stuff164k,86,cabinet-merged,100,door-stuff,162560,0.0036582675789591465,0.4427762857563096
proxyclip,coco_stuff164k,138,rock,105,floor-tile,157177,0.003537127972798116,0.5409841707997893
proxyclip,coco_stuff164k,150,stone,156,towel,156238,0.003515996616642588,0.7744484264477721
proxyclip,coco_stuff164k,159,wall-brick,60,dining table,151805,0.003416235911810367,0.06035700909460311
proxyclip,coco_stuff164k,85,bush,71,sink,149514,0.0033646790034479444,0.33665149812776246
proxyclip,coco_stuff164k,85,bush,95,counter,146483,0.0032964690561557127,0.3298267814401931
proxyclip,coco_stuff164k,115,hill,83,bridge,143467,0.0032285966704634094,0.1758801239167399
proxyclip,coco_stuff164k,107,flower,144,shelf,142315,0.003202671939588896,0.3361123247877378
proxyclip,coco_stuff164k,127,paper,159,wall-brick,140728,0.003166957922316454,0.09327153583744421
proxyclip,coco_stuff164k,44,spoon,140,rug,139917,0.0031487070918136497,0.12709144021887228
proxyclip,coco_stuff164k,163,wall-stone,60,dining table,135053,0.003039247117010148,0.34684558587479936
proxyclip,coco_stuff164k,156,towel,81,blanket,134988,0.003037784350077124,0.05733712896394066
proxyclip,coco_stuff164k,159,wall-brick,89,carpet,132059,0.0029718698216644065,0.052506085201569075
proxyclip,coco_stuff164k,97,curtain,152,structural-other,131769,0.002965343630732454,0.3166945461886771
proxyclip,coco_stuff164k,101,fence,98,desk-stuff,127140,0.0028611721209944995,0.9154995499549955
proxyclip,coco_stuff164k,132,platform,98,desk-stuff,119835,0.0026967796218292897,0.15915779911067665
proxyclip,coco_stuff164k,98,desk-stuff,34,baseball bat,118652,0.0026701572636482567,0.1792236942871428
proxyclip,coco_stuff164k,58,potted plant,88,cardboard,117812,0.002651253814052257,0.23615771643915248
proxyclip,coco_stuff164k,47,apple,108,fog,116707,0.002626386776190853,0.31339403915713604
proxyclip,coco_stuff164k,104,floor-stone,127,paper,115926,0.002608811068887906,0.22035644497836848
proxyclip,coco_stuff164k,156,towel,169,window-other,115714,0.0026040401982755823,0.04915035811282062
proxyclip,coco_stuff164k,110,fruit,68,microwave,113991,0.0025652656224971213,0.10442580510407677
proxyclip,coco_stuff164k,108,fog,52,hot dog,110628,0.0024895843117931377,0.24637874819605537
proxyclip,coco_stuff164k,159,wall-brick,99,dirt,110321,0.002482675551047933,0.04386315075475584
proxyclip,coco_stuff164k,84,building-other,129,pillow,109054,0.0024541628479073005,0.2682326319284739
proxyclip,coco_stuff164k,93,clothes,144,shelf,108957,0.0024519799495610955,0.08405262690976976
proxyclip,coco_stuff164k,144,shelf,142,sand,106508,0.0023968673923460923,0.05085307382547772
proxyclip,coco_stuff164k,44,spoon,46,banana,106287,0.0023918939847738115,0.09654415050739566
proxyclip,coco_stuff164k,83,bridge,136,river,105127,0.0023657892210460028,0.0769078264890023
proxyclip,coco_stuff164k,108,fog,59,bed,104743,0.0023571476440878312,0.2332723110089618
proxyclip,coco_stuff164k,156,towel,84,building-other,104084,0.0023423174377976367,0.04421043152786025
proxyclip,coco_stuff164k,58,potted plant,80,banner,101852,0.0022920882717282665,0.2041654138352677
proxyclip,coco_stuff164k,127,paper,112,grass,100452,0.0022605825224016004,0.06657745663935355
proxyclip,coco_stuff164k,111,furniture-other,113,gravel,97715,0.0021989887824679687,0.043114079461567076
proxyclip,context459,359,sky,103,cup,2596431,0.07393908055214098,0.8558568833455681
proxyclip,context459,419,tree,163,forceps,1362976,0.038813737878894104,0.6867104328417616
proxyclip,context459,283,person,27,bird nest,857316,0.024413957768428775,0.13848584314384296
proxyclip,context459,283,person,79,cloth,814955,0.023207635169727233,0.13164309344429656
proxyclip,context459,439,wall,183,glove,812690,0.023143134315496715,0.23877554558107025
proxyclip,context459,283,person,7,baby carriage,561344,0.015985504422594332,0.090676246720856
proxyclip,context459,283,person,28,blackboard,460028,0.013100308596007486,0.07431024902110282
proxyclip,context459,367,sofa,111,dock,451690,0.012862865716283837,0.648834456644775
proxyclip,context459,323,road,67,ceiling,396681,0.011296363513031479,0.41361739132248165
proxyclip,context459,43,building,89,controller,396618,0.011294569449536326,0.15053087621617622
proxyclip,context459,444,water,188,ground,383184,0.010912006767093595,0.44364480073357276
proxyclip,context459,188,ground,97,cow,354075,0.010083064000737673,0.17798196127751917
proxyclip,context459,439,wall,104,curtain,298197,0.008491815112131531,0.08761292911889947
proxyclip,context459,439,wall,114,door,272021,0.007746395968494422,0.07992218765397421
proxyclip,context459,325,rock,69,cello,266178,0.00758000369861852,0.7914191419141914
proxyclip,context459,365,snow,109,disc case,259069,0.007377559295649532,0.722117386687033
proxyclip,context459,43,building,38,brick,250603,0.007136471334538906,0.09511290252182808
proxyclip,context459,43,building,183,glove,247278,0.007041784650072471,0.09385094476040831
proxyclip,context459,188,ground,186,grass,231193,0.006583728914841615,0.11621318526762264
proxyclip,context459,283,person,185,grandstand,210704,0.006000259598140029,0.034035899357740075
proxyclip,context459,439,wall,78,closet,209328,0.00596107497323001,0.06150242700832331
proxyclip,context459,283,person,14,basket,208529,0.00593832169175973,0.033684562500807674
proxyclip,context459,444,water,77,clock,205526,0.005852804665157413,0.23795498067656343
proxyclip,context459,283,person,0,accordion,191778,0.005461300142437251,0.030978703332773347
proxyclip,context459,43,building,114,door,191499,0.005453355004101571,0.07268079679823287
proxyclip,context459,283,person,152,fishing pole,181601,0.005171487694974122,0.0293347699107039
proxyclip,context459,323,road,97,cow,171214,0.0048756950358604815,0.17852402317702984
proxyclip,context459,439,wall,89,controller,171204,0.0048754102638771234,0.05030125694380582
proxyclip,context459,283,person,105,cushion,169712,0.004832922283960156,0.027414289960327205
proxyclip,context459,419,tree,228,leaves,165067,0.004700645697690505,0.0831659772570398
proxyclip,context459,415,train,159,fly,154019,0.00438602961047692,0.5841288262355265
proxyclip,context459,457,wood,201,heater,150873,0.004296440344512589,0.6100562047632526
proxyclip,context459,439,wall,169,fridge,148466,0.004227895728118392,0.043620630437484376
proxyclip,context459,43,building,47,cage,145346,0.0041390468693107895,0.05516406399738879
proxyclip,context459,188,ground,125,earphone,143850,0.004096444980600478,0.07230870614918063
proxyclip,context459,71,chair,7,baby carriage,142826,0.00406728432950465,0.2192597186679173
proxyclip,context459,283,person,126,earrings,141807,0.004038266064400501,0.02290667846943127
proxyclip,context459,283,person,183,glove,140633,0.0040048338335543065,0.02271703733378132
proxyclip,context459,396,table,140,fan,139195,0.00396388362234747,0.4379349618051623
proxyclip,context459,439,wall,201,heater,131411,0.003742217110501838,0.03860971984441056
proxyclip,context459,283,person,70,chain,128997,0.00367347315371929,0.020837425532739748
proxyclip,context459,188,ground,85,concrete,127460,0.003629703699877212,0.06406998738807482
proxyclip,context459,283,person,30,boat,123828,0.0035262745155216963,0.02000245531964385
proxyclip,context459,283,person,23,binoculars,122275,0.0034820494265062458,0.01975159272708476
proxyclip,context459,359,sky,163,forceps,117645,0.0033501999982116317,0.038779109878594634
proxyclip,context459,188,ground,77,clock,116113,0.0033065729303612327,0.05836622034827814
proxyclip,context459,419,tree,36,box,112284,0.0031975337379335704,0.05657223182301402
proxyclip,context459,283,person,155,flame,111891,0.003186342198987613,0.018074221728286575
proxyclip,context459,71,chair,105,cushion,111096,0.0031637028263106757,0.17054932368848066
proxyclip,context459,329,rug,73,chicken,110855,0.003156839821511755,0.8507282857274415
proxyclip,context59,36,people,17,cloth,1598404,0.048969828607254254,0.25819689078996677
proxyclip,context59,10,building,55,wall,447295,0.013703644064255215,0.1697646306448889
proxyclip,context59,55,wall,23,door,433383,0.013277426252247662,0.12733177751733252
proxyclip,context59,29,ground,44,sidewalk,361540,0.011076393599281973,0.1817343734527269
proxyclip,context59,55,wall,21,curtain,347090,0.010633693241065388,0.10197812710348801
proxyclip,context59,10,building,23,door,308169,0.009441282123961737,0.11696128161773496
proxyclip,context59,55,wall,12,cabinet,288778,0.00884720581626777,0.08484554319828017
proxyclip,context59,40,road,44,sidewalk,242486,0.007428971561419175,0.25283899847036606
proxyclip,context59,29,ground,28,grass,231787,0.007101189476120957,0.1165117697059446
proxyclip,context59,36,people,16,chair,225841,0.006919023640137856,0.036481042347802486
proxyclip,context59,10,building,24,fence,225632,0.006912620569212785,0.0856355048495234
proxyclip,context59,55,wall,58,wood,216711,0.006639310541832151,0.06367161803199167
proxyclip,context59,52,tree,58,wood,208472,0.00638689474589122,0.10503478957471571
proxyclip,context59,46,sky,52,tree,184109,0.0056404927509271586,0.06068751872700225
proxyclip,context59,29,ground,40,road,172782,0.005293470816150739,0.0868518794985591
proxyclip,context59,29,ground,41,rock,171206,0.00524518737223729,0.08605967566893721
proxyclip,context59,52,tree,28,grass,161959,0.004961889779681665,0.08160006852110299
proxyclip,context59,36,people,49,table,150121,0.004599212489676963,0.024249673700942068
proxyclip,context59,40,road,29,ground,140931,0.004317661189191812,0.14694808316120173
proxyclip,context59,36,people,3,bedclothes,133569,0.004092113781773784,0.021575959836139722
proxyclip,context59,10,building,58,wood,133380,0.0040863234449085295,0.050622534200953015
proxyclip,context59,55,wall,57,window,129892,0.003979462624876733,0.03816342414280522
proxyclip,context59,55,wall,32,light,119659,0.0036659572431722125,0.03515687778696094
proxyclip,context59,17,cloth,48,sofa,115197,0.0035292562744274093,0.2662154136267942
proxyclip,context59,12,cabinet,23,door,112822,0.003456494104824337,0.3480720936402846
proxyclip,context59,10,building,44,sidewalk,111559,0.0034177999489469982,0.0423406754605197
proxyclip,context59,52,tree,39,pottedplant,111192,0.0034065562789493864,0.056022047672549743
proxyclip,context59,13,car,53,truck,109799,0.003363879351683248,0.14873237681379295
proxyclip,context59,55,wall,15,ceiling,108798,0.00333321201198949,0.03196581944914947
proxyclip,context59,29,ground,25,floor,108213,0.003315289540739891,0.054395147852077046
proxyclip,context59,55,wall,49,table,98540,0.0030189407127102,0.028951927871093113
proxyclip,context59,36,people,1,bag,95336,0.002920780716327782,0.015400023260922942
proxyclip,context59,10,building,30,horse,91476,0.0028025230427834204,0.0347184505815443
proxyclip,context59,28,grass,52,tree,89838,0.002752340123284544,0.06671567972196231
proxyclip,context59,17,cloth,28,grass,89555,0.0027436699363381565,0.20695783195176568
proxyclip,context59,10,building,57,window,84939,0.0026022509153327752,0.03223742264578459
proxyclip,context59,54,tvmonitor,52,tree,83091,0.0025456342882058374,0.18693811250798678
proxyclip,context59,51,train,55,wall,80994,0.002481389122034199,0.30717593382712677
proxyclip,context59,55,wall,25,floor,80208,0.0024573086734834557,0.023565823327426794
proxyclip,context59,40,road,25,floor,79865,0.0024468002843576224,0.08327485550850683
proxyclip,context59,17,cloth,3,bedclothes,79476,0.002434882606894214,0.18366568759084953
proxyclip,context59,58,wood,24,fence,77993,0.0023894483763589065,0.3153653309611419
proxyclip,context59,29,ground,24,fence,77404,0.0023714033582973443,0.03890846778429737
proxyclip,context59,16,chair,3,bedclothes,76085,0.0023309935470525226,0.1168020927201524
proxyclip,context59,36,people,33,motorbike,72341,0.00221628973105509,0.011685544628665211
proxyclip,context59,16,chair,48,sofa,70723,0.0021667195456160286,0.10857060397512439
proxyclip,context59,36,people,29,ground,70411,0.0021571608942829094,0.011373783647571172
proxyclip,context59,55,wall,16,chair,67971,0.0020824073389854375,0.01997048395906302
proxyclip,context59,36,people,44,sidewalk,63642,0.0019497810517384061,0.010280358735122702
proxyclip,context59,10,building,40,road,62735,0.0019219935621257803,0.023810201552682465
proxyclip,voc20,14,person,13,motorbike,91279,0.010045453755079734,0.04186942998146404
proxyclip,voc20,14,person,1,bicycle,88849,0.009778026935933559,0.040754795565498075
proxyclip,voc20,14,person,17,sofa,59573,0.0065561390522613635,0.02732597368820602
proxyclip,voc20,8,chair,10,diningtable,54589,0.006007638942539331,0.29536145784299406
proxyclip,voc20,8,chair,17,sofa,51060,0.005619264767738157,0.27626730728650967
proxyclip,voc20,14,person,10,diningtable,47996,0.005282064860798288,0.022015635155844697
proxyclip,voc20,14,person,8,chair,47214,0.005196004049040135,0.021656933874657294
proxyclip,voc20,19,tvmonitor,4,bottle,43407,0.004777035365711128,0.2138581373693779
proxyclip,voc20,14,person,12,horse,25695,0.0028277909950456706,0.011786226879936443
proxyclip,voc20,14,person,3,boat,19259,0.002119495106969627,0.00883405111814345
proxyclip,voc20,4,bottle,14,person,18321,0.0020162661537354246,0.07206835105441414
proxyclip,voc20,17,sofa,8,chair,18111,0.0019931551940561253,0.04840093322322796
proxyclip,voc20,9,cow,12,horse,17383,0.0019130372005012218,0.0348799178115726
proxyclip,voc20,5,bus,6,car,17329,0.0019070943822979732,0.022223077169696386
proxyclip,voc20,14,person,4,bottle,17238,0.0018970796331036104,0.00790702389400056
proxyclip,voc20,11,dog,16,sheep,17091,0.001880901961328101,0.03660691528211806
proxyclip,voc20,19,tvmonitor,14,person,14317,0.0015756171891834546,0.07053717033467835
proxyclip,voc20,5,bus,8,chair,14184,0.0015609802480532318,0.018189862460325095
proxyclip,voc20,5,bus,3,boat,13227,0.0014556603032289971,0.016962585361161873
proxyclip,voc20,13,motorbike,6,car,11851,0.0013042284912351135,0.03954116104406549
proxyclip,voc20,13,motorbike,1,bicycle,10779,0.001186252544681739,0.03596440594835726
proxyclip,voc20,18,train,5,bus,10130,0.0011148286740538097,0.01180517842950339
proxyclip,voc20,6,car,5,bus,9706,0.0010681665459394154,0.02783617211048431
proxyclip,voc20,4,bottle,10,diningtable,9364,0.0010305286973188426,0.036834672740218004
proxyclip,voc20,10,diningtable,8,chair,8463,0.0009313716750757545,0.02222111360258787
proxyclip,voc20,11,dog,17,sofa,7397,0.0008140560416560742,0.01584350549071601
proxyclip,voc20,18,train,16,sheep,7320,0.0008055820231069978,0.008530494185978758
proxyclip,voc20,0,aeroplane,6,car,7110,0.0007824710634276987,0.022108552682722056
proxyclip,voc20,0,aeroplane,14,person,6803,0.0007486850414203423,0.02115393585099271
proxyclip,voc20,19,tvmonitor,8,chair,6407,0.0007051043745965211,0.03156608579550773
proxyclip,voc20,14,person,16,sheep,6368,0.0007008123392275085,0.0029209843460375664
proxyclip,voc20,3,boat,0,aeroplane,6215,0.0006839743543183048,0.03254471953416279
proxyclip,voc20,5,bus,14,person,6117,0.0006731892398012985,0.007844570549196885
proxyclip,voc20,3,boat,14,person,5792,0.0006374222783928594,0.03032968874366386
proxyclip,voc20,14,person,5,bus,5778,0.0006358815477475728,0.0026503529446301913
proxyclip,voc20,18,train,11,dog,5361,0.0005899897849558218,0.006247538159977066
proxyclip,voc20,19,tvmonitor,10,diningtable,4924,0.0005418969783850898,0.02425962329593883
proxyclip,voc20,12,horse,16,sheep,4844,0.0005330928032691663,0.014218788526341744
proxyclip,voc20,7,cat,14,person,4792,0.0005273700894438161,0.007847182989036541
proxyclip,voc20,19,tvmonitor,17,sofa,4696,0.0005168050793047078,0.023136310113267413
proxyclip,voc20,14,person,6,car,4402,0.0004844497357536891,0.0020191854728733305
proxyclip,voc20,15,pottedplant,10,diningtable,4376,0.000481588378841014,0.02945353462607607
proxyclip,voc20,18,train,8,chair,3370,0.00037087587675827633,0.003927290356113171
proxyclip,voc20,0,aeroplane,2,bird,3260,0.0003587701359738815,0.010136973522598298
proxyclip,voc20,16,sheep,7,cat,3121,0.0003434728817099645,0.009237171253189059
proxyclip,voc20,0,aeroplane,3,boat,3083,0.00033929089852990083,0.009586591831340661
proxyclip,voc20,14,person,15,pottedplant,3024,0.0003327978193819073,0.0013871006065354272
proxyclip,voc20,13,motorbike,4,bottle,2869,0.00031573973009480557,0.009572491016405695
proxyclip,voc20,14,person,18,train,2457,0.00027039822824779966,0.0011270192428100346
proxyclip,voc20,0,aeroplane,4,bottle,2364,0.00026016337467553864,0.007350860554424043
resclip,ade20k,0,wall,25,house,1345668,0.027679426890389165,0.09703163528620543
resclip,ade20k,0,wall,79,hovel,1175310,0.02417528485372565,0.08474768759324744
resclip,ade20k,3,floor,28,rug,1076539,0.022143636131016463,0.23980765293950315
resclip,ade20k,0,wall,145,shower,1054209,0.021684324025458192,0.07601549803029821
resclip,ade20k,0,wall,14,door,784253,0.01613152246844569,0.056549870449555506
resclip,ade20k,0,wall,5,ceiling,683115,0.01405118625116165,0.04925714629354062
resclip,ade20k,0,wall,7,bed,665953,0.013698176203889323,0.04801965166278336
resclip,ade20k,0,wall,65,toilet,485536,0.009987127742245482,0.03501038299961286
resclip,ade20k,1,building,25,house,461747,0.009497805051733806,0.24090439776639608
resclip,ade20k,1,building,0,wall,419462,0.008628032889461904,0.21884330704019309
resclip,ade20k,5,ceiling,25,house,401875,0.00826628089660685,0.10295849225982714
resclip,ade20k,7,bed,131,blanket,374779,0.007708935584819704,0.08293554277029529
resclip,ade20k,57,pillow,7,bed,326276,0.006711263616351593,0.8514576053570356
resclip,ade20k,0,wall,18,curtain,303827,0.006249503766030157,0.021907952521797305
resclip,ade20k,5,ceiling,86,awning,295663,0.006081576133706927,0.07574747545136491
resclip,ade20k,0,wall,36,lamp,281301,0.005786160080861968,0.020283677725594182
resclip,ade20k,5,ceiling,79,hovel,272064,0.005596161607102821,0.06970152221008426
resclip,ade20k,15,table,7,bed,255748,0.005260553173861048,0.39133561633355063
resclip,ade20k,5,ceiling,106,canopy,247955,0.005100256745799444,0.06352490935809751
resclip,ade20k,7,bed,28,rug,238195,0.004899500536652612,0.05271061508294351
resclip,ade20k,0,wall,3,floor,236432,0.004863236889447093,0.01704832365337373
resclip,ade20k,0,wall,35,wardrobe,231497,0.0047617274742688545,0.016692477248363414
resclip,ade20k,3,floor,7,bed,218532,0.004495046710786409,0.048679746866741945
resclip,ade20k,8,windowpane,25,house,205103,0.004218821799656,0.1450244473277639
resclip,ade20k,0,wall,37,bathtub,201708,0.004148989081412814,0.014544491724786444
resclip,ade20k,12,people,121,step,183675,0.003778063188016829,0.17670045628978587
resclip,ade20k,29,field,9,grass,182637,0.003756712271511254,0.9201737193988342
resclip,ade20k,13,earth,34,rock,175243,0.0036046229876555503,0.24048089867287664
resclip,ade20k,12,people,92,apparel,175032,0.0036002828687897734,0.16838565000851394
resclip,ade20k,0,wall,134,sconce,156951,0.0032283696497750337,0.011317213599346367
resclip,ade20k,13,earth,29,field,155639,0.0032013827495290664,0.21357889666661636
resclip,ade20k,0,wall,86,awning,155276,0.0031939160995372324,0.011196434930979137
resclip,ade20k,22,painting,0,wall,144246,0.002967036900060844,0.24672998865951343
resclip,ade20k,17,plant,9,grass,139514,0.002869703049478589,0.3535750580996044
resclip,ade20k,8,windowpane,4,tree,138851,0.002856065614369537,0.09817891272144895
resclip,ade20k,35,wardrobe,10,cabinet,135380,0.002784669630563323,0.3899092477441541
resclip,ade20k,58,screendoor,145,shower,124890,0.0025688978442979273,0.6277330438191743
resclip,ade20k,0,wall,77,bar,113737,0.0023394886229234795,0.008201196062139508
resclip,ade20k,14,door,32,fence,108978,0.002241599401680675,0.1194126342156677
resclip,ade20k,0,wall,10,cabinet,108917,0.002240344675373507,0.007853641923912611
resclip,ade20k,8,windowpane,18,curtain,107156,0.002204122166735437,0.07576797841988595
resclip,ade20k,39,cushion,7,bed,105543,0.002170943912088527,0.4187034605329451
resclip,ade20k,55,case,50,refrigerator,104019,0.0021395963236930586,0.2877371669151635
resclip,ade20k,0,wall,47,sink,103764,0.002134351156343423,0.0074820762653476335
resclip,ade20k,27,mirror,14,door,103114,0.0021209811219227836,0.1415456165252318
resclip,ade20k,8,windowpane,79,hovel,102148,0.0021011111938453414,0.07222691645483696
resclip,ade20k,1,building,79,hovel,101700,0.002091896154736962,0.05305931008288626
resclip,ade20k,15,table,64,coffeetable,100166,0.002060342873504253,0.15327010708066702
resclip,ade20k,35,wardrobe,14,door,95459,0.0019635232550150998,0.27493238942538933
resclip,ade20k,1,building,48,skyscraper,90740,0.001866456805121258,0.04734121727552703
resclip,ade847,0,wall,138,manhole,14580534,0.06744089119512872,0.1831195687428354
resclip,ade847,5,"floor, flooring",27,"rug, carpet, carpeting",3816432,0.017652547929013263,0.19480476325401672
resclip,ade847,0,wall,6,ceiling,3166781,0.01464764821780882,0.03977217645272834
resclip,ade847,0,wall,80,"bus, autobus, coach, charabanc, double-decker, jitney, motorbus, motorcoach, omnibus, passenger vehicle",2628337,0.012157126044981,0.03300976068166212
resclip,ade847,0,wall,109,"doorframe, doorcase",2536066,0.011730335196890958,0.03185091247161233
resclip,ade847,0,wall,58,"toilet, can, commode, crapper, pot, potty, stool, throne",2438254,0.011277914973490502,0.030622473838440578
resclip,ade847,0,wall,50,"bridge, span",2426133,0.011221850425911097,0.030470244002912473
resclip,ade847,0,wall,137,"basket, handbasket",2246932,0.010392973023817437,0.028219626169691495
resclip,ade847,0,wall,46,"wardrobe, closet, press",2020258,0.00934451371699338,0.025372786326568225
resclip,ade847,51,"blind, screen",138,manhole,2017550,0.009331988117220668,0.4551440949365318
resclip,ade847,0,wall,5,"floor, flooring",1869265,0.00864610977073009,0.02347643787710904
resclip,ade847,0,wall,190,shower,1741299,0.008054215051189924,0.02186928969352772
resclip,ade847,0,wall,64,double door,1580306,0.007309557043727553,0.019847349431901137
resclip,ade847,0,wall,179,"arcade, colonnade",1516321,0.007013600433145231,0.01904375022174804
resclip,ade847,0,wall,101,"hovel, hut, hutch, shack, shanty",1263676,0.005845014703981039,0.01587073588324483
resclip,ade847,0,wall,37,"bathtub, bathing tub, bath, tub",1250654,0.005784782665487595,0.015707190225440443
resclip,ade847,0,wall,19,"curtain, drape, drapery, mantle, pall",1235844,0.005716280400851755,0.015521188751620526
resclip,ade847,0,wall,26,house,1203136,0.0055649926174818004,0.015110403052383403
resclip,ade847,10,cabinet,68,"chest of drawers, chest, bureau, dresser",1188159,0.005495717910023936,0.19518278442235845
resclip,ade847,193,confessional booth,109,"doorframe, doorcase",1159310,0.005362279568870706,0.6144250037496932
resclip,ade847,5,"floor, flooring",138,manhole,1119025,0.005175945083330207,0.057119162663012486
resclip,ade847,0,wall,20,door,1118557,0.005173780393266089,0.01404816006425277
resclip,ade847,0,wall,73,flower,1108580,0.0051276327164077665,0.013922857113253358
resclip,ade847,25,mirror,138,manhole,1074576,0.00497035040670641,0.14626694490583975
resclip,ade847,0,wall,249,"hat, chapeau, lid",1059519,0.004900705666758953,0.01330669112357889
resclip,ade847,0,wall,121,"eiderdown, duvet, continental quilt",985614,0.004558865027467142,0.012378504835755737
resclip,ade847,17,table,76,book,959568,0.004438391699668014,0.3531439359785663
resclip,ade847,11,"person, individual, someone, somebody, mortal, soul",94,"airplane, aeroplane, plane",943612,0.00436458871961876,0.2315846411956252
resclip,ade847,5,"floor, flooring",58,"toilet, can, commode, crapper, pot, potty, stool, throne",894707,0.004138383233324652,0.04566914471860406
resclip,ade847,7,bed,84,"case, display case, showcase, vitrine",877097,0.00405692983155307,0.14191286445891713
resclip,ade847,6,ceiling,101,"hovel, hut, hutch, shack, shanty",871714,0.004032031270409605,0.06426264681036586
resclip,ade847,20,door,109,"doorframe, doorcase",860802,0.003981558838829167,0.22529448129259266
resclip,ade847,23,"painting, picture",210,"air conditioner, air conditioning",848462,0.0039244813273095,0.3998691707091315
resclip,ade847,6,ceiling,249,"hat, chapeau, lid",831792,0.0038473758072906316,0.06131960197460159
resclip,ade847,51,"blind, screen",50,"bridge, span",828384,0.0038316124232339846,0.18687719557874846
resclip,ade847,0,wall,27,"rug, carpet, carpeting",816707,0.0037776015559718174,0.010257171213979876
resclip,ade847,25,mirror,50,"bridge, span",767449,0.003549763301317382,0.10446205815227755
resclip,ade847,0,wall,16,"plant, flora, plant life",760896,0.003519453015013624,0.009556230751092413
resclip,ade847,45,sink,153,"screen, silver screen, projection screen",745280,0.0034472226730451385,0.2579281374167802
resclip,ade847,0,wall,211,chest,743003,0.003436690623310108,0.00933150932158129
resclip,ade847,18,chair,76,book,718560,0.003323631821521193,0.294156898416475
resclip,ade847,0,wall,33,"rock, stone",714692,0.0033057407506493887,0.00897594634215417
resclip,ade847,6,ceiling,0,wall,673249,0.0031140500448220356,0.049631831888018334
resclip,ade847,7,bed,121,"eiderdown, duvet, continental quilt",672739,0.0031116910877008823,0.10884807327265679
resclip,ade847,40,cushion,56,pillow,650390,0.003008317886327055,0.699581040890194
resclip,ade847,10,cabinet,137,"basket, handbasket",644430,0.002980750465852403,0.10586263434885437
resclip,ade847,25,mirror,109,"doorframe, doorcase",622289,0.0028783393489515167,0.0847034652537467
resclip,ade847,5,"floor, flooring",76,book,586713,0.0027137859008296646,0.02994799515962918
resclip,ade847,0,wall,153,"screen, silver screen, projection screen",569396,0.002633687743051215,0.00715114754808675
resclip,ade847,10,cabinet,58,"toilet, can, commode, crapper, pot, potty, stool, throne",567179,0.0026234332176833792,0.09317235865392497
resclip,coco_stuff164k,159,wall-brick,160,wall-concrete,879101,0.01978338267058664,0.3510675981069287
resclip,coco_stuff164k,44,spoon,108,fog,565292,0.012721391463121148,0.5134742341831711
resclip,coco_stuff164k,144,shelf,93,clothes,522047,0.0117482013705271,0.2493302836903482
resclip,coco_stuff164k,136,river,127,paper,517810,0.011652851470600613,0.4153161932490365
resclip,coco_stuff164k,159,wall-brick,95,counter,253661,0.005708414199965281,0.10129912035522841
resclip,coco_stuff164k,132,platform,111,furniture-other,248378,0.005589525004470441,0.3297343438647916
resclip,coco_stuff164k,156,towel,81,blanket,245768,0.00553078928608287,0.10439497190780953
resclip,coco_stuff164k,142,sand,165,wall-wood,238146,0.005359262985105837,0.19051283733298346
resclip,coco_stuff164k,98,desk-stuff,112,grass,233077,0.0052451896684366445,0.3520449622847269
resclip,coco_stuff164k,132,platform,118,light,227579,0.005121462090009496,0.30212262053163086
resclip,coco_stuff164k,107,flower,144,shelf,226990,0.005108207171185633,0.5360921646796531
resclip,coco_stuff164k,138,rock,164,wall-tile,224078,0.005042675212586169,0.7712492987172118
resclip,coco_stuff164k,127,paper,159,wall-brick,176277,0.003966956410040487,0.11664062918725349
resclip,coco_stuff164k,119,mat,136,river,176251,0.0039663713032672765,0.22225150531193846
resclip,coco_stuff164k,152,structural-other,59,bed,165368,0.0037214591104657736,0.3496048742743344
resclip,coco_stuff164k,110,fruit,160,wall-concrete,158442,0.003565595667725425,0.14516612259071165
resclip,coco_stuff164k,85,bush,95,counter,149123,0.00335587989774314,0.3357809361686797
resclip,coco_stuff164k,142,sand,36,skateboard,149055,0.00335434961849013,0.11924151977638865
resclip,coco_stuff164k,104,floor-stone,103,floor-other,141274,0.0031792451645538534,0.26822479589899373
resclip,coco_stuff164k,86,cabinet-merged,100,door-stuff,141165,0.003176792216927706,0.38655855678233436
resclip,coco_stuff164k,127,paper,136,river,140200,0.0031550757539989685,0.09276885930695972
resclip,coco_stuff164k,141,salad,98,desk-stuff,138440,0.003115468526274017,0.1840250222986113
resclip,coco_stuff164k,110,fruit,108,fog,136884,0.003080452136308094,0.12541447043528214
resclip,coco_stuff164k,159,wall-brick,115,hill,134213,0.0030203436674141482,0.053597749911244816
resclip,coco_stuff164k,159,wall-brick,89,carpet,133767,0.0030103068358429386,0.05341964051453648
resclip,coco_stuff164k,85,bush,71,sink,129288,0.0029095109421042697,0.2911183766110946
resclip,coco_stuff164k,58,potted plant,80,banner,128461,0.002890900045894875,0.2575039589472207
resclip,coco_stuff164k,44,spoon,46,banana,128323,0.0028877944791755325,0.11656020986160616
resclip,coco_stuff164k,150,stone,129,pillow,127522,0.002869768689739347,0.6321889795007808
resclip,coco_stuff164k,98,desk-stuff,34,baseball bat,125654,0.00282773101849491,0.1897907459377162
resclip,coco_stuff164k,47,apple,108,fog,121596,0.0027364093536609026,0.3265225015239113
resclip,coco_stuff164k,156,towel,84,building-other,118434,0.0026652513683959617,0.05030725766954817
resclip,coco_stuff164k,101,fence,98,desk-stuff,116734,0.0026269943870707245,0.8399700663433448
resclip,coco_stuff164k,132,platform,98,desk-stuff,112001,0.0025204824502399322,0.14868698615497558
resclip,coco_stuff164k,120,metal,163,wall-stone,110635,0.0024897418405397708,0.31796874775466094
resclip,coco_stuff164k,159,wall-brick,60,dining table,108827,0.0024490544156950483,0.04345989084210203
resclip,coco_stuff164k,104,floor-stone,127,paper,106503,0.0023967548718127826,0.20220808809569016
resclip,coco_stuff164k,127,paper,112,grass,105476,0.0023736431542710074,0.06979235523723883
resclip,coco_stuff164k,44,spoon,140,rug,103990,0.0023402020517714174,0.0944577061283513
resclip,coco_stuff164k,115,hill,83,bridge,101806,0.0022910530828218188,0.12490384320461308
resclip,coco_stuff164k,159,wall-brick,99,dirt,101134,0.0022759303231450192,0.040387703423094876
resclip,coco_stuff164k,108,fog,52,hot dog,100989,0.002272667227679043,0.22491180715163825
resclip,coco_stuff164k,100,door-stuff,111,furniture-other,96781,0.0021779699468457503,0.2881887888036924
resclip,coco_stuff164k,93,clothes,144,shelf,95846,0.0021569286071168696,0.07392415997902117
resclip,coco_stuff164k,156,towel,111,furniture-other,95535,0.0021499298299450173,0.0405804402575298
resclip,coco_stuff164k,97,curtain,152,structural-other,92998,0.0020928369113437668,0.22352601850739093
resclip,coco_stuff164k,83,bridge,136,river,92573,0.002083272666012457,0.06774693311808017
resclip,coco_stuff164k,110,fruit,71,sink,92440,0.002080279619826424,0.0846944394307405
resclip,coco_stuff164k,102,floor-marble,118,light,90466,0.002035856513275825,0.2181875188423274
resclip,coco_stuff164k,89,carpet,160,wall-concrete,87907,0.001978268504328012,0.11499664456308026
resclip,context459,359,sky,103,cup,2506245,0.07137083594303124,0.8261290342783664
resclip,context459,419,tree,163,forceps,1333432,0.037972407531262124,0.6718252308808489
resclip,context459,283,person,27,bird nest,736681,0.020978610947193194,0.11899916648359458
resclip,context459,439,wall,183,glove,690203,0.019655047722943287,0.20278777625748
resclip,context459,283,person,7,baby carriage,622208,0.017718740622102623,0.1005078634842278
resclip,context459,283,person,79,cloth,611964,0.017427020202351,0.09885310727162297
resclip,context459,367,sofa,111,dock,415765,0.011839822366071309,0.5972296439303835
resclip,context459,323,road,67,ceiling,392632,0.011181059336969947,0.4093955182873105
resclip,context459,43,building,89,controller,359067,0.010225222174829835,0.13627891353976307
resclip,context459,444,water,188,ground,348462,0.009923221486478997,0.40344417969754015
resclip,context459,43,building,38,brick,311299,0.008864923364726787,0.11814922982622937
resclip,context459,439,wall,78,closet,284319,0.008096608553627718,0.08353544936453544
resclip,context459,325,rock,69,cello,284011,0.008087837576540302,0.8444414711741445
resclip,context459,439,wall,114,door,282879,0.00805560138802421,0.08311236456512024
resclip,context459,283,person,155,flame,280599,0.007990673375818656,0.04532633136477004
resclip,context459,439,wall,104,curtain,273252,0.007781451399645755,0.08028386639569653
resclip,context459,188,ground,97,cow,258203,0.007352898041890756,0.1297902318653937
resclip,context459,188,ground,186,grass,249157,0.007095293305745383,0.12524310252354118
resclip,context459,43,building,183,glove,248150,0.007066616767021263,0.09418190029964381
resclip,context459,283,person,126,earrings,243352,0.00692998316940624,0.039309667498029284
resclip,context459,283,person,185,grandstand,239982,0.006834015011014696,0.03876529728751793
resclip,context459,365,snow,109,disc case,233319,0.006644271438503462,0.6503429840869878
resclip,context459,444,water,77,clock,220920,0.006291182656338253,0.2557779275180094
resclip,context459,283,person,28,blackboard,217443,0.006192167437724781,0.03512447824457568
resclip,context459,283,person,105,cushion,189930,0.005408674279912748,0.03068018815502113
resclip,context459,323,road,97,cow,182883,0.005207995463240579,0.19069123395683032
resclip,context459,188,ground,85,concrete,175767,0.0050053517198832415,0.08835234170123761
resclip,context459,283,person,152,fishing pole,170905,0.004866895581574729,0.027607000245531966
resclip,context459,419,tree,228,leaves,162243,0.004620226089590291,0.08174315670675487
resclip,context459,283,person,183,glove,157424,0.004482994470810217,0.02542935786929946
resclip,context459,439,wall,201,heater,156498,0.004456624585151294,0.04598050342977806
resclip,context459,43,building,114,door,156019,0.00444298400714846,0.05921485352750404
resclip,context459,415,train,159,fly,150872,0.004296411867314253,0.5721935882703196
resclip,context459,283,person,70,chain,139460,0.003971430079906449,0.022527557732318466
resclip,context459,188,ground,157,floor,136872,0.003897731090613477,0.06880109300000452
resclip,context459,439,wall,28,blackboard,135974,0.0038721585665079557,0.03995036980255749
resclip,context459,283,person,83,comb,134708,0.003836106433414871,0.02175994727524133
resclip,context459,439,wall,169,fridge,131329,0.003739881980238305,0.03858562751555498
resclip,context459,359,sky,163,forceps,129872,0.0036983907022630886,0.04280947391009259
resclip,context459,439,wall,67,ceiling,118377,0.0033710453073934154,0.034780214791926015
resclip,context459,419,tree,201,heater,117764,0.0033535887848135885,0.059333229208127815
resclip,context459,188,ground,125,earphone,117076,0.003333996472358579,0.058850289058891
resclip,context459,283,person,145,fire extinguisher,116940,0.003330123573384914,0.01888980783893103
resclip,context459,329,rug,73,chicken,116033,0.003304294754494371,0.8904655196230411
resclip,context459,188,ground,228,leaves,107328,0.0030564007429814953,0.05395028719902161
resclip,context459,396,table,140,fan,104424,0.00297370295901442,0.32853852833465474
resclip,context459,43,building,197,hard disk drive,103741,0.0029542530325510894,0.03937346169246564
resclip,context459,43,building,143,fence,102939,0.002931414319485802,0.0390690736850495
resclip,context459,283,person,0,accordion,101500,0.0028904356310806294,0.01639571999017872
resclip,context459,58,car,167,fox,98686,0.002810300794963773,0.13367884350719014
resclip,context59,36,people,17,cloth,1433931,0.0439309181562538,0.23162887843583216
resclip,context59,10,building,55,wall,453883,0.01390547866355839,0.17226501492525984
resclip,context59,55,wall,21,curtain,428115,0.0131160321008923,0.12578399229280524
resclip,context59,29,ground,44,sidewalk,424906,0.013017718920994929,0.2135863962114963
resclip,context59,55,wall,23,door,424537,0.013006413977591336,0.12473274408981386
resclip,context59,29,ground,28,grass,299269,0.00916861546734391,0.15043277150197523
resclip,context59,10,building,23,door,283275,0.008678612039709578,0.10751310823043159
resclip,context59,55,wall,12,cabinet,259923,0.007963183751469182,0.07636768772110955
resclip,context59,10,building,24,fence,233827,0.007163688350222123,0.08874580375323317
resclip,context59,55,wall,58,wood,220850,0.006766115855510936,0.0648876930214219
resclip,context59,29,ground,25,floor,219946,0.006738420276007282,0.1105596849682842
resclip,context59,40,road,44,sidewalk,214948,0.006585298034459428,0.22412525689404025
resclip,context59,36,people,16,chair,213307,0.006535023204851579,0.03445637284674929
resclip,context59,52,tree,28,grass,205805,0.0063051866590148435,0.10369107059185102
resclip,context59,36,people,3,bedclothes,178805,0.005477995678264129,0.028883120323585285
resclip,context59,55,wall,15,ceiling,176990,0.0054223900623358865,0.05200123517256718
resclip,context59,52,tree,58,wood,176739,0.005414700249885204,0.08904670015467632
resclip,context59,46,sky,52,tree,171431,0.005252080630410212,0.05650849237619412
resclip,context59,29,ground,41,rock,154702,0.004739559226077668,0.077763652823709
resclip,context59,10,building,58,wood,143737,0.004403627777783905,0.05455339030171228
resclip,context59,36,people,1,bag,132626,0.004063223370853491,0.0214236330977088
resclip,context59,10,building,57,window,121151,0.003711667204034437,0.0459811863921102
resclip,context59,55,wall,57,window,120810,0.0037012200883145855,0.035495051817604616
resclip,context59,29,ground,40,road,115597,0.003541510955623716,0.05810684396751361
resclip,context59,36,people,49,table,114984,0.0035227306566903756,0.018573846968972515
resclip,context59,36,people,58,wood,113233,0.0034690857897535423,0.018291000607368543
resclip,context59,10,building,44,sidewalk,110151,0.003374663471135998,0.041806288534781647
resclip,context59,36,people,28,grass,109218,0.0033460794272456122,0.017642440846180687
resclip,context59,55,wall,48,sofa,94941,0.0029086792186464286,0.02789450968144359
resclip,context59,16,chair,2,bed,91974,0.0028177801208728224,0.14119413387452584
resclip,context59,13,car,53,truck,91613,0.0028067202710931557,0.12409784458002363
resclip,context59,12,cabinet,23,door,91316,0.0027976211703048975,0.2817229911086156
resclip,context59,55,wall,25,floor,90776,0.0027810773506898832,0.02667079566091281
resclip,context59,36,people,25,floor,89959,0.0027560471643464264,0.014531453936911208
resclip,context59,36,people,29,ground,88049,0.002697531061634061,0.014222923639559076
resclip,context59,36,people,33,motorbike,86774,0.002658469265320833,0.014016967551012496
resclip,context59,16,chair,48,sofa,84531,0.002589751140512542,0.12976799237336142
resclip,context59,10,building,30,horse,84015,0.0025739426017693063,0.03188673122576899
resclip,context59,54,tvmonitor,52,tree,83417,0.0025556218533808275,0.18767154723229632
resclip,context59,17,cloth,14,cat,81977,0.002511505001074123,0.18944539322103618
resclip,context59,55,wall,32,light,79842,0.002446095640188835,0.023458289274242098
resclip,context59,17,cloth,3,bedclothes,78935,0.002418308150576209,0.18241545938375997
resclip,context59,52,tree,39,pottedplant,78490,0.0024046748177453175,0.03954574539371924
resclip,context59,36,people,52,tree,76095,0.00233129991408243,0.01229194396702118
resclip,context59,55,wall,36,people,72261,0.0022138387948158287,0.021230924090654146
resclip,context59,36,people,4,bench,69858,0.002140218797529015,0.011284455242107439
resclip,context59,58,wood,24,fence,69414,0.0021266161014011145,0.28067607456229027
resclip,context59,56,water,7,boat,69208,0.0021203049405850165,0.08012800474228857
resclip,context59,10,building,15,ceiling,67540,0.0020692029199964167,0.02563387284399735
resclip,context59,54,tvmonitor,32,light,67504,0.002068099998688749,0.1518704835269661
resclip,voc20,14,person,8,chair,121572,0.013379264714913106,0.055764747003215924
resclip,voc20,14,person,1,bicycle,102779,0.011311053927993734,0.04714444882245525
resclip,voc20,14,person,13,motorbike,90741,0.009986245677425148,0.041622650839163756
resclip,voc20,8,chair,10,diningtable,57365,0.006313143819061876,0.31038139605347875
resclip,voc20,14,person,17,sofa,45131,0.004966765339459278,0.020701467418502106
resclip,voc20,8,chair,17,sofa,45052,0.004958071216532304,0.24376017876756428
resclip,voc20,14,person,10,diningtable,44502,0.0048975425126103304,0.020412946822764413
resclip,voc20,19,tvmonitor,4,bottle,39792,0.004379196702660335,0.1960477112493903
resclip,voc20,14,person,12,horse,33838,0.003723945969657731,0.01552139891664874
resclip,voc20,5,bus,3,boat,32936,0.003624678895225694,0.042237825013625725
resclip,voc20,5,bus,6,car,24339,0.0026785602268307677,0.031212849860536695
resclip,voc20,14,person,4,bottle,22947,0.0025253675798136994,0.010525726725584805
resclip,voc20,14,person,16,sheep,18205,0.0020035000998173355,0.008350584173934344
resclip,voc20,13,motorbike,6,car,18141,0.001996456759724597,0.06052790502914455
resclip,voc20,18,train,5,bus,16811,0.001850087348422369,0.019591002426296297
resclip,voc20,4,bottle,14,person,16078,0.00176941909392272,0.06324518029872117
resclip,voc20,5,bus,14,person,14298,0.0015735261975934227,0.018336058478407233
resclip,voc20,15,pottedplant,8,chair,13098,0.0014414635708545707,0.08815868293700739
resclip,voc20,13,motorbike,1,bicycle,12966,0.0014269366819132968,0.04326138672663515
resclip,voc20,19,tvmonitor,8,chair,11455,0.0012606478244112924,0.05643663380482926
resclip,voc20,17,sofa,8,chair,11120,0.0012237803411133629,0.02971776144013555
resclip,voc20,4,bottle,10,diningtable,10627,0.0011695246119614844,0.04180286920229568
resclip,voc20,17,sofa,10,diningtable,10603,0.0011668833594267074,0.028336099330014138
resclip,voc20,5,bus,18,train,10012,0.0011018425157578227,0.012839601167003303
resclip,voc20,11,dog,17,sofa,9862,0.0010853346874154662,0.02112324606589716
resclip,voc20,14,person,6,car,9678,0.001065085084648842,0.004439272377661992
resclip,voc20,19,tvmonitor,10,diningtable,9018,0.0009924506399424736,0.044429992461977326
resclip,voc20,14,person,3,boat,8943,0.0009841967257712952,0.004102129869129076
resclip,voc20,14,person,15,pottedplant,7683,0.0008455309676955006,0.003524171283072648
resclip,voc20,10,diningtable,8,chair,7027,0.0007733367317449281,0.018450639877748427
resclip,voc20,11,dog,7,cat,6946,0.0007644225044400555,0.014877516444303556
resclip,voc20,5,bus,10,diningtable,6921,0.0007616711997163295,0.008875637203039338
resclip,voc20,10,diningtable,17,sofa,6860,0.0007549580161904378,0.018012151638160556
resclip,voc20,18,train,9,cow,6708,0.0007382300834701832,0.00781728893436414
resclip,voc20,18,train,6,car,6654,0.0007322872652669349,0.007754359059221674
resclip,voc20,19,tvmonitor,14,person,6391,0.0007033435395733365,0.031487256800232545
resclip,voc20,19,tvmonitor,16,sheep,5978,0.0006578919855373815,0.029452483359691778
resclip,voc20,9,cow,12,horse,5785,0.0006366519130702161,0.011607911438758986
resclip,voc20,17,sofa,11,dog,5245,0.0005772237310377327,0.014017055643301343
resclip,voc20,3,boat,8,chair,5066,0.000557524389215854,0.026528004691885553
resclip,voc20,17,sofa,7,cat,4996,0.0005498207359894209,0.01335161296357169
resclip,voc20,0,aeroplane,3,boat,4295,0.00047267415153614146,0.013355307140969231
resclip,voc20,18,train,8,chair,4153,0.0004570467407053773,0.004839773545678932
resclip,voc20,11,dog,16,sheep,4052,0.0004459314696215239,0.00867890823960812
resclip,voc20,18,train,4,bottle,3707,0.0004079634644341039,0.004320019391724488
resclip,voc20,5,bus,12,horse,3678,0.0004047719509545817,0.0047167452149658555
resclip,voc20,14,person,9,cow,3434,0.00037791921685101506,0.0015751664956490268
resclip,voc20,7,cat,16,sheep,3301,0.0003632822757207923,0.0054055824388167
resclip,voc20,0,aeroplane,2,bird,3043,0.0003348888109719391,0.009462211788118596
resclip,voc20,9,cow,11,dog,2956,0.00032531427053337234,0.005931371860496381
sclip,ade20k,0,wall,79,hovel,1625430,0.03343393084359981,0.11720434085023712
sclip,ade20k,0,wall,25,house,1430814,0.02943081912235803,0.10317122961265092
sclip,ade20k,0,wall,35,wardrobe,1384257,0.02847317498001694,0.09981415948538337
sclip,ade20k,0,wall,65,toilet,998594,0.02054036331114456,0.07200528570716776
sclip,ade20k,0,wall,7,bed,994103,0.020447986657939805,0.07168145466260821
sclip,ade20k,0,wall,145,shower,899107,0.018493986981288946,0.06483160965949573
sclip,ade20k,3,floor,28,rug,894231,0.018393691153850426,0.19919709113719508
sclip,ade20k,0,wall,5,ceiling,733685,0.015091374929087395,0.05290358047821574
sclip,ade20k,1,building,25,house,598729,0.012315426674823073,0.31237116683005317
sclip,ade20k,8,windowpane,25,house,420119,0.00864154690886861,0.297058189236105
sclip,ade20k,5,ceiling,25,house,386722,0.00795459454033616,0.09907636464996547
sclip,ade20k,5,ceiling,79,hovel,378564,0.007786790323715273,0.09698632326929817
sclip,ade20k,57,pillow,7,bed,374145,0.007695894658938649,0.9763776856290629
sclip,ade20k,3,floor,7,bed,347751,0.007152988984325794,0.077464310273353
sclip,ade20k,15,table,7,bed,321028,0.006603316015367723,0.49122452664469357
sclip,ade20k,0,wall,3,floor,307301,0.006320961457687543,0.022158451085324323
sclip,ade20k,0,wall,14,door,285019,0.005862636677748025,0.020551770316035594
sclip,ade20k,8,windowpane,79,hovel,276571,0.005688867368847161,0.195558116760296
sclip,ade20k,2,sky,94,land,268829,0.005529619974255485,0.1629494795938098
sclip,ade20k,1,building,79,hovel,260878,0.005366073599365479,0.13610626052903838
sclip,ade20k,0,wall,37,bathtub,248438,0.005110191709838165,0.017914036305562965
sclip,ade20k,5,ceiling,86,awning,230997,0.004751442832406824,0.05918034920446231
sclip,ade20k,7,bed,131,blanket,196099,0.004033615969004558,0.04339511285774319
sclip,ade20k,5,ceiling,106,canopy,195415,0.004019546578937301,0.050064407502218654
sclip,ade20k,17,plant,9,grass,194015,0.0039907495817236155,0.49169878934870154
sclip,ade20k,0,wall,36,lamp,185296,0.0038114059969335313,0.013361077094790633
sclip,ade20k,55,case,50,refrigerator,183488,0.0037742167319604297,0.5075641688819303
sclip,ade20k,13,earth,29,field,182287,0.0037495130222078327,0.25014717607198383
sclip,ade20k,10,cabinet,35,wardrobe,177222,0.003645329600145466,0.20701328131388055
sclip,ade20k,0,wall,18,curtain,177101,0.0036428407168148545,0.012770162953137227
sclip,ade20k,39,cushion,7,bed,164522,0.0033840996968498966,0.6526811890300749
sclip,ade20k,1,building,11,sidewalk,162317,0.003338744426238343,0.08468464144271239
sclip,ade20k,14,door,35,wardrobe,151899,0.0031244536284010796,0.16644331630903217
sclip,ade20k,29,field,9,grass,150059,0.003086606146348808,0.7560371017880805
sclip,ade20k,10,cabinet,73,kitchenisland,146413,0.0030116105378908834,0.17102524267308344
sclip,ade20k,27,mirror,35,wardrobe,145002,0.0029825872785562337,0.1990456920242805
sclip,ade20k,13,earth,34,rock,144608,0.002974482980768954,0.198441374521592
sclip,ade20k,0,wall,134,sconce,137269,0.0028235250075180733,0.00989801016603065
sclip,ade20k,3,floor,65,toilet,130407,0.0026823785826035696,0.02904919988674984
sclip,ade20k,18,curtain,7,bed,130401,0.002682255166901225,0.10475288469880563
sclip,ade20k,12,people,92,apparel,128322,0.002639491626038903,0.12344933143877992
sclip,ade20k,22,painting,0,wall,125578,0.002583049511500081,0.21479873629691207
sclip,ade20k,1,building,0,wall,116483,0.00239597187602975,0.06077195296346942
sclip,ade20k,19,chair,30,armchair,108927,0.002240550368210748,0.37785401591519296
sclip,ade20k,10,cabinet,65,toilet,101471,0.002087185788764152,0.11852842574962913
sclip,ade20k,35,wardrobe,10,cabinet,100958,0.002076633746213709,0.29077011252588497
sclip,ade20k,3,floor,79,hovel,100301,0.0020631197268070013,0.022342848143434756
sclip,ade20k,13,earth,94,land,100220,0.0020614536148253525,0.13752900637968818
sclip,ade20k,0,wall,77,bar,99596,0.0020486183817815386,0.007181535674449356
sclip,ade20k,7,bed,28,rug,98059,0.0020170033926976572,0.021699658701561146
sclip,ade847,0,wall,138,manhole,13638591,0.06308402227832408,0.17128953590999588
sclip,ade847,0,wall,137,"basket, handbasket",6400291,0.02960394516059299,0.0803824145088685
sclip,ade847,0,wall,58,"toilet, can, commode, crapper, pot, potty, stool, throne",5151098,0.02382592021344658,0.06469357324718572
sclip,ade847,5,"floor, flooring",27,"rug, carpet, carpeting",4018024,0.018584992799537785,0.2050947623510539
sclip,ade847,0,wall,50,"bridge, span",3979680,0.018407636227276026,0.04998152230463487
sclip,ade847,0,wall,46,"wardrobe, closet, press",3979559,0.018407076553135518,0.049980002643707645
sclip,ade847,0,wall,6,ceiling,3136278,0.014506559454933262,0.03938908374807413
sclip,ade847,0,wall,16,"plant, flora, plant life",2161285,0.009996820865865664,0.027143969976021382
sclip,ade847,0,wall,80,"bus, autobus, coach, charabanc, double-decker, jitney, motorbus, motorcoach, omnibus, passenger vehicle",2140953,0.009902777108635692,0.02688861670352263
sclip,ade847,6,ceiling,137,"basket, handbasket",1983866,0.009176185937477682,0.14625035284175003
sclip,ade847,10,cabinet,68,"chest of drawers, chest, bureau, dresser",1834974,0.00848749996947232,0.30143721056073536
sclip,ade847,0,wall,109,"doorframe, doorcase",1683610,0.007787379997538544,0.02114476308831522
sclip,ade847,0,wall,101,"hovel, hut, hutch, shack, shanty",1676853,0.0077561261283863245,0.02105990070083371
sclip,ade847,51,"blind, screen",138,manhole,1574502,0.007282711186607607,0.355195800731461
sclip,ade847,0,wall,37,"bathtub, bathing tub, bath, tub",1523353,0.007046126288980425,0.01913206638406416
sclip,ade847,0,wall,26,house,1356222,0.006273077538754058,0.017033037868129226
sclip,ade847,51,"blind, screen",50,"bridge, span",1291928,0.005975691677680684,0.29144923312094556
sclip,ade847,0,wall,5,"floor, flooring",1191340,0.0055104313268913635,0.014962254950750742
sclip,ade847,0,wall,27,"rug, carpet, carpeting",1174844,0.0054341306275373594,0.014755078697399402
sclip,ade847,25,mirror,50,"bridge, span",1123482,0.005196560518406637,0.15292383209442853
sclip,ade847,0,wall,235,patio,1054541,0.00487768039509405,0.013244171519481958
sclip,ade847,5,"floor, flooring",235,patio,1047837,0.0048466716724661855,0.05348546462082886
sclip,ade847,5,"floor, flooring",138,manhole,1047269,0.004844044441790078,0.05345647180619773
sclip,ade847,10,cabinet,58,"toilet, can, commode, crapper, pot, potty, stool, throne",1047255,0.004843979686104399,0.17203602118928274
sclip,ade847,0,wall,179,"arcade, colonnade",923891,0.004273371085528051,0.01160331449351491
sclip,ade847,6,ceiling,101,"hovel, hut, hutch, shack, shanty",920063,0.0042556650309010435,0.06782692902980296
sclip,ade847,25,mirror,138,manhole,864897,0.004000499876890191,0.11772628631965174
sclip,ade847,45,sink,153,"screen, silver screen, projection screen",859056,0.003973482879743807,0.29730398510185374
sclip,ade847,5,"floor, flooring",58,"toilet, can, commode, crapper, pot, potty, stool, throne",848429,0.003924328688907543,0.04330694493779586
sclip,ade847,0,wall,153,"screen, silver screen, projection screen",825477,0.003818166367643412,0.010367315233250683
sclip,ade847,193,confessional booth,109,"doorframe, doorcase",820843,0.0037967322356837574,0.43504020784165537
sclip,ade847,7,bed,84,"case, display case, showcase, vitrine",799348,0.003697309131136332,0.12933320303171314
sclip,ade847,0,wall,68,"chest of drawers, chest, bureau, dresser",798192,0.0036919621616617183,0.01002463797375194
sclip,ade847,10,cabinet,137,"basket, handbasket",771222,0.0035672149586077955,0.12669117295562304
sclip,ade847,0,wall,32,lamp,754416,0.0034894803833566196,0.00947484725680794
sclip,ade847,37,"bathtub, bathing tub, bath, tub",58,"toilet, can, commode, crapper, pot, potty, stool, throne",708652,0.003277803297685143,0.11365199317432417
sclip,ade847,25,mirror,58,"toilet, can, commode, crapper, pot, potty, stool, throne",690542,0.003194037192853607,0.09399378793977195
sclip,ade847,6,ceiling,219,"fluorescent, fluorescent fixture",689352,0.003188532959570916,0.05081894302950203
sclip,ade847,0,wall,210,"air conditioner, air conditioning",674996,0.003122130629313515,0.008477397084574468
sclip,ade847,11,"person, individual, someone, somebody, mortal, soul",94,"airplane, aeroplane, plane",665906,0.00308008568768355,0.1634290387150799
sclip,ade847,0,wall,19,"curtain, drape, drapery, mantle, pall",664194,0.0030721669924062673,0.008341732809071245
sclip,ade847,6,ceiling,249,"hat, chapeau, lid",640756,0.0029637567237678604,0.047236452001026476
sclip,ade847,0,wall,121,"eiderdown, duvet, continental quilt",639301,0.0029570267578633938,0.008029097111042943
sclip,ade847,0,wall,211,chest,627278,0.0029014155000837384,0.00787809807527408
sclip,ade847,20,door,58,"toilet, can, commode, crapper, pot, potty, stool, throne",617824,0.002857686910626127,0.16170076000069095
sclip,ade847,0,wall,190,shower,613642,0.002838343462232671,0.007706841080202617
sclip,ade847,0,wall,248,"altarpiece, reredos",599781,0.002774230708004624,0.007532758269357388
sclip,ade847,13,"windowpane, window",227,"skylight, fanlight",585733,0.0027092530028321547,0.07743203464508262
sclip,ade847,5,"floor, flooring",50,"bridge, span",583561,0.002699206620739714,0.029787105455901547
sclip,ade847,13,"windowpane, window",6,ceiling,582554,0.002694548836776967,0.07701178098319791
sclip,coco_stuff164k,159,wall-brick,160,wall-concrete,904022,0.020344207512707956,0.3613474735071596
sclip,coco_stuff164k,44,spoon,108,fog,655319,0.014747368673572396,0.5952488654901918
sclip,coco_stuff164k,136,river,127,paper,432804,0.009739867379698784,0.34715970161225634
sclip,coco_stuff164k,142,sand,165,wall-wood,385868,0.008683614629415649,0.30873811731741213
sclip,coco_stuff164k,156,towel,84,building-other,286852,0.006455348004180543,0.12190102224460352
sclip,coco_stuff164k,144,shelf,93,clothes,284867,0.006410677352456663,0.1361212187820303
sclip,coco_stuff164k,47,apple,108,fog,251678,0.005663788556454725,0.675832512077165
sclip,coco_stuff164k,107,flower,144,shelf,236325,0.00531828300687451,0.5581390405653069
sclip,coco_stuff164k,132,platform,111,furniture-other,234623,0.005279981017335948,0.3116567595390695
sclip,coco_stuff164k,127,paper,136,river,218530,0.004917822428825924,0.14471562482409697
sclip,coco_stuff164k,159,wall-brick,95,counter,209501,0.004714632849775591,0.0837398393481834
sclip,coco_stuff164k,127,paper,159,wall-brick,209391,0.004712157398042782,0.13866356746232777
sclip,coco_stuff164k,93,clothes,144,shelf,201543,0.004535545168960158,0.15548350066423192
sclip,coco_stuff164k,111,furniture-other,113,gravel,192025,0.004321351081752154,0.08471742256093015
sclip,coco_stuff164k,159,wall-brick,89,carpet,189593,0.0042666210943504024,0.07578239417253442
sclip,coco_stuff164k,110,fruit,108,fog,181097,0.004075426204150865,0.1659922071279756
sclip,coco_stuff164k,156,towel,169,window-other,176192,0.003965043560974224,0.07487479575293596
sclip,coco_stuff164k,132,platform,102,floor-marble,174568,0.003928496891755292,0.2318839039617441
sclip,coco_stuff164k,156,towel,113,gravel,167953,0.0037796322261867956,0.07137353892964977
sclip,coco_stuff164k,119,mat,10,fire hydrant,158794,0.003573517113270415,0.20403485170294589
sclip,coco_stuff164k,85,bush,95,counter,149072,0.0033547321883033825,0.3356562738532967
sclip,coco_stuff164k,159,wall-brick,110,fruit,147735,0.003324644197696417,0.05905129410410391
sclip,coco_stuff164k,98,desk-stuff,112,grass,145199,0.003267573783201828,0.21938984423515973
sclip,coco_stuff164k,160,wall-concrete,102,floor-marble,142795,0.00321347391078661,0.1290843100120682
sclip,coco_stuff164k,14,bird,77,teddy bear,141292,0.003179650238473768,0.24346207859118282
sclip,coco_stuff164k,156,towel,111,furniture-other,141072,0.003174699335008149,0.05995015202993428
sclip,coco_stuff164k,98,desk-stuff,34,baseball bat,129426,0.002912616508823613,0.1955574761532778
sclip,coco_stuff164k,132,platform,37,surfboard,124584,0.0028036516243666724,0.16548865938299073
sclip,coco_stuff164k,144,shelf,113,gravel,122634,0.0027597686163759595,0.058599590490002365
sclip,coco_stuff164k,101,fence,98,desk-stuff,122269,0.0027515546174443645,0.8797976599939556
sclip,coco_stuff164k,160,wall-concrete,89,carpet,121245,0.0027285104122225746,0.10960346768033338
sclip,coco_stuff164k,104,floor-stone,101,fence,119922,0.002698737479108875,0.22795738986298453
sclip,coco_stuff164k,156,towel,81,blanket,119545,0.0026902534308973374,0.050802008367489604
sclip,coco_stuff164k,159,wall-brick,102,floor-marble,119059,0.0026793164350596517,0.047589183502491
sclip,coco_stuff164k,115,hill,168,window-blind,117311,0.0026399792566146434,0.14396019070175547
sclip,coco_stuff164k,138,rock,105,floor-tile,115845,0.002606988236248292,0.39872443974819216
sclip,coco_stuff164k,150,stone,84,building-other,114573,0.0025783630125743497,0.5682959009563112
sclip,coco_stuff164k,127,paper,112,grass,113992,0.002565288126603783,0.0754881412389533
sclip,coco_stuff164k,141,salad,113,gravel,112381,0.0025290340107714557,0.14973073223245761
sclip,coco_stuff164k,44,spoon,46,banana,111338,0.0025055622275230896,0.10113214813845925
sclip,coco_stuff164k,163,wall-stone,60,dining table,110119,0.0024781297215022285,0.2828917284502469
sclip,coco_stuff164k,104,floor-stone,102,floor-marble,109526,0.0024647847862517194,0.20819583631137942
sclip,coco_stuff164k,159,wall-brick,115,hill,105545,0.0023751959376306785,0.042187490007226776
sclip,coco_stuff164k,115,hill,83,bridge,105051,0.0023640789089396977,0.12891512299281493
sclip,coco_stuff164k,138,rock,164,wall-tile,104085,0.0023423399419042986,0.3582479460588768
sclip,coco_stuff164k,159,wall-brick,60,dining table,103616,0.002331785515879865,0.04141644762507755
sclip,coco_stuff164k,98,desk-stuff,113,gravel,101805,0.002291030578715157,0.1538232569946104
sclip,coco_stuff164k,85,bush,71,sink,99271,0.0022340051724338917,0.22352241844001972
sclip,coco_stuff164k,86,cabinet-merged,113,gravel,98545,0.002217667190997349,0.2692170045595736
sclip,coco_stuff164k,2,car,0,person,94310,0.0021223622992841847,0.2961411529753849
sclip,context459,359,sky,103,cup,2301913,0.06555203305268675,0.7587754444129833
sclip,context459,283,person,27,bird nest,1051215,0.029935658048536196,0.16980716048744557
sclip,context459,419,tree,163,forceps,985399,0.028061402762869173,0.49647519384922334
sclip,context459,283,person,7,baby carriage,757567,0.021573385711634082,0.12237296951526822
sclip,context459,283,person,185,grandstand,535065,0.01523715212752864,0.08643128981817712
sclip,context459,283,person,79,cloth,485252,0.013818617446828942,0.0783847873563961
sclip,context459,323,road,67,ceiling,460784,0.013121837357949327,0.48045728442536545
sclip,context459,439,wall,183,glove,443128,0.012619043944132977,0.1301949451355972
sclip,context459,439,wall,78,closet,409483,0.011660928606126003,0.12030974508259408
sclip,context459,367,sofa,111,dock,381599,0.0108668704077314,0.5481515637299685
sclip,context459,43,building,89,controller,380203,0.010827116238854665,0.14430079000453547
sclip,context459,444,water,188,ground,373402,0.010633442812973095,0.43231934497139113
sclip,context459,419,tree,201,heater,372365,0.010603911958298903,0.18760926848684242
sclip,context459,325,rock,69,cello,297207,0.00846362268577912,0.8836767460529836
sclip,context459,43,building,38,brick,263846,0.007513594872099505,0.10013910000588282
sclip,context459,439,wall,185,grandstand,222524,0.0063368600824688275,0.06537952910074207
sclip,context459,439,wall,104,curtain,209827,0.005975285095199559,0.06164903764367622
sclip,context459,188,ground,85,concrete,208748,0.005944558198195263,0.1049308153717703
sclip,context459,188,ground,97,cow,207259,0.005902155649873302,0.10418234360634708
sclip,context459,444,water,77,clock,205044,0.005839078655559572,0.23739692816405356
sclip,context459,188,ground,186,grass,191884,0.005464318725460843,0.09645383226089242
sclip,context459,43,building,85,concrete,183889,0.005236643524766363,0.06979252655329922
sclip,context459,365,snow,109,disc case,169837,0.004836481933752127,0.47339608599549005
sclip,context459,359,sky,30,boat,167739,0.004776736771643681,0.0552915050527059
sclip,context459,283,person,28,blackboard,163879,0.00466681478606761,0.026472061046999985
sclip,context459,439,wall,201,heater,159494,0.00454194227136526,0.04686075485967247
sclip,context459,439,wall,114,door,144988,0.004128852032306584,0.042598763123341266
sclip,context459,415,train,159,fly,139045,0.003959612042597104,0.5273387870582122
sclip,context459,439,wall,67,ceiling,136834,0.0038966489570767177,0.04020304544665268
sclip,context459,283,person,155,flame,136659,0.003891665447367958,0.022075100474264375
sclip,context459,283,person,76,clippers,135019,0.0038449628420972955,0.021810184407427987
sclip,context459,439,wall,169,fridge,131398,0.0037418469069234734,0.03860590032886029
sclip,context459,283,person,18,bedclothes,125435,0.0035720373732472783,0.020262040758306087
sclip,context459,323,road,97,cow,124209,0.0035371243280876248,0.12951213332318443
sclip,context459,188,ground,69,cello,123418,0.0035145988642040307,0.06203820573875269
sclip,context459,43,building,47,cage,119138,0.0033927164553269364,0.04521718008421908
sclip,context459,283,person,30,boat,116796,0.003326022856824563,0.0188665469159893
sclip,context459,329,rug,73,chicken,115195,0.0032804308622889963,0.8840345033996899
sclip,context459,419,tree,228,leaves,112465,0.0032026881108323446,0.056663425349785114
sclip,context459,283,person,116,dray,109637,0.0031221545939387877,0.01771012367057364
sclip,context459,283,person,83,comb,107952,0.0030741705147430158,0.017437938565317963
sclip,context459,43,building,183,glove,105122,0.0029935800434527874,0.0398976011416448
sclip,context459,43,building,114,door,104114,0.0029648750275303314,0.03951502868344596
sclip,context459,283,person,183,glove,102557,0.0029205360297215378,0.016566461625938514
sclip,context459,188,ground,67,ceiling,102282,0.0029127048001792014,0.05141382747549873
sclip,context459,439,wall,30,boat,100273,0.00285549410872264,0.02946109867483377
sclip,context459,188,ground,157,floor,97779,0.0027844719760732302,0.04915031615266411
sclip,context459,283,person,63,cash register,97701,0.00278225075460304,0.015782051613403462
sclip,context459,283,person,152,fishing pole,96230,0.0027403607958511227,0.01554443482418619
sclip,context459,79,cloth,202,helicopter,95246,0.0027123392326887253,0.22010949318382977
sclip,context59,36,people,17,cloth,969431,0.029700169617042436,0.1565962485300389
sclip,context59,52,tree,58,wood,465325,0.014256023819178747,0.234445457705853
sclip,context59,55,wall,21,curtain,401602,0.01230376119449809,0.1179942372324613
sclip,context59,29,ground,44,sidewalk,394174,0.012076191764682671,0.19813842153386949
sclip,context59,36,people,3,bedclothes,383233,0.011740995597260686,0.0619052311231149
sclip,context59,55,wall,23,door,297678,0.009119872472885598,0.0874604423057769
sclip,context59,10,building,55,wall,283860,0.008696534510959178,0.1077351368892077
sclip,context59,55,wall,15,ceiling,271406,0.008314985011912163,0.07974149518755731
sclip,context59,55,wall,25,floor,251842,0.007715608554600794,0.07399341809328021
sclip,context59,55,wall,58,wood,234007,0.00716920295676046,0.06875333656718983
sclip,context59,29,ground,28,grass,232456,0.007121685430421781,0.11684805419961024
sclip,context59,10,building,23,door,227908,0.006982349705219771,0.08649932916982156
sclip,context59,10,building,24,fence,212771,0.006518601932048528,0.08075429018196861
sclip,context59,52,tree,28,grass,210443,0.006447279687486022,0.10602784173640536
sclip,context59,10,building,44,sidewalk,207790,0.006366000514451516,0.07886382052493647
sclip,context59,55,wall,12,cabinet,177982,0.005452781671702728,0.052292693589942096
sclip,context59,29,ground,40,road,159187,0.0048769648389912585,0.08001811613326115
sclip,context59,29,ground,25,floor,158685,0.004861585214089893,0.07976577709616078
sclip,context59,36,people,29,ground,158391,0.004852578023410607,0.025585561428220667
sclip,context59,40,road,44,sidewalk,156440,0.004792805815875621,0.1631192436705792
sclip,context59,36,people,16,chair,148039,0.004535426874050186,0.023913359523409533
sclip,context59,55,wall,36,people,136756,0.004189752954205359,0.040180128353351025
sclip,context59,46,sky,29,ground,133594,0.004092879699348554,0.04403635007965465
sclip,context59,46,sky,52,tree,132568,0.004061446442080026,0.04369815154392906
sclip,context59,52,tree,29,ground,132249,0.004051673333825972,0.06663123050801344
sclip,context59,36,people,33,motorbike,114841,0.003518349608162696,0.018550747580217877
sclip,context59,29,ground,41,rock,112532,0.0034476094609570147,0.05656616837246851
sclip,context59,40,road,29,ground,111194,0.0034066175523553683,0.11594145474754784
sclip,context59,36,people,28,grass,109339,0.0033497864683074948,0.017661986482819223
sclip,context59,10,building,29,ground,107305,0.0032874714144242746,0.04072612859824009
sclip,context59,36,people,44,sidewalk,104190,0.0031920380846080345,0.01683024695346523
sclip,context59,16,chair,2,bed,103465,0.0031698264749397283,0.15883457348085128
sclip,context59,28,grass,29,ground,102787,0.0031490547903119883,0.07633189264655646
sclip,context59,10,building,57,window,102786,0.0031490241536089973,0.03901100465121575
sclip,context59,55,wall,48,sofa,100424,0.003076660261144805,0.02950546381699467
sclip,context59,10,building,58,wood,98994,0.003032849775868008,0.03757180349894394
sclip,context59,17,cloth,3,bedclothes,95538,0.002926969330331917,0.2207842928815565
sclip,context59,16,chair,3,bedclothes,95044,0.002911834799054478,0.14590705264499135
sclip,context59,36,people,1,bag,90832,0.0027827930060573664,0.014672473282245455
sclip,context59,54,tvmonitor,58,wood,89846,0.00275258521690847,0.20213550993961538
sclip,context59,36,people,41,rock,83086,0.0025454811046908836,0.013421229469004821
sclip,context59,36,people,48,sofa,82949,0.0025412838763811487,0.013399099285372756
sclip,context59,10,building,30,horse,82705,0.0025338085208514013,0.03138953884457804
sclip,context59,17,cloth,14,cat,80462,0.0024650903960431107,0.18594429204961163
sclip,context59,55,wall,32,light,80438,0.002464355115171332,0.023633399371777834
sclip,context59,55,wall,57,window,77188,0.0023647858304513387,0.022678520484208802
sclip,context59,52,tree,39,pottedplant,76818,0.002353450250344755,0.03870333889227576
sclip,context59,36,people,7,boat,74418,0.0022799221631669133,0.012021051135262266
sclip,context59,52,tree,40,road,67953,0.0020818558783316037,0.03423687140705062
sclip,context59,36,people,56,water,67029,0.002053547564768135,0.010827475026814675
sclip,voc20,14,person,1,bicycle,121411,0.01336154631249231,0.05569089673944205
sclip,voc20,14,person,13,motorbike,118010,0.012987258817876613,0.05413086725438022
sclip,voc20,14,person,17,sofa,75746,0.008336013104134243,0.03474448496780174
sclip,voc20,8,chair,10,diningtable,58241,0.006409549536581237,0.315121117189064
sclip,voc20,14,person,12,horse,45364,0.004992407499484405,0.020808343887193492
sclip,voc20,8,chair,17,sofa,45202,0.00497457904487466,0.2445717748524248
sclip,voc20,14,person,10,diningtable,44135,0.004857153359266031,0.020244604917143215
sclip,voc20,14,person,8,chair,43114,0.004744790074349058,0.0197762749835213
sclip,voc20,5,bus,6,car,28780,0.0031673019979534694,0.03690808245968388
sclip,voc20,11,dog,17,sofa,26163,0.002879295419473823,0.05603807410485372
sclip,voc20,5,bus,3,boat,22631,0.0024905910881058016,0.0290224744317271
sclip,voc20,4,bottle,14,person,19289,0.0021227966726380986,0.07587612158116884
sclip,voc20,4,bottle,10,diningtable,18285,0.002012304274933259,0.07192673975383236
sclip,voc20,19,tvmonitor,14,person,17817,0.0019607998505051065,0.08778101305112553
sclip,voc20,9,cow,12,horse,17322,0.00190632401697533,0.034757518053964244
sclip,voc20,17,sofa,8,chair,15942,0.0017544519962256501,0.04260436626606483
sclip,voc20,15,pottedplant,8,chair,15712,0.0017291399927673702,0.10575272761538099
sclip,voc20,19,tvmonitor,4,bottle,14977,0.0016482516338898233,0.07378886638977981
sclip,voc20,19,tvmonitor,6,car,14005,0.001541280906231353,0.0690000049268122
sclip,voc20,5,bus,18,train,13489,0.0014844939767336466,0.017298579718508546
sclip,voc20,14,person,3,boat,13196,0.001452248685371577,0.006052969445714781
sclip,voc20,13,motorbike,6,car,12773,0.0014056966094461315,0.04261743734839663
sclip,voc20,14,person,19,tvmonitor,12739,0.0014019548350218641,0.005843344783946696
sclip,voc20,14,person,0,aeroplane,12300,0.001353641924073234,0.005641976673407988
sclip,voc20,13,motorbike,1,bicycle,12209,0.0013436271748788712,0.0407356370928188
sclip,voc20,14,person,5,bus,11780,0.0012964147858197314,0.005403454082337081
sclip,voc20,10,diningtable,8,chair,10997,0.0012102439218726305,0.028874581860765542
sclip,voc20,14,person,4,bottle,10032,0.0011040435595368035,0.004601651218506418
sclip,voc20,18,train,5,bus,9062,0.0009972929362562315,0.01056056534335239
sclip,voc20,17,sofa,10,diningtable,8703,0.0009577842004235248,0.023258424263803926
sclip,voc20,5,bus,14,person,8403,0.0009247685437388119,0.010776185438107147
sclip,voc20,16,sheep,9,cow,7722,0.0008498230030645133,0.02285467363573403
sclip,voc20,14,person,16,sheep,7358,0.0008097640062870614,0.0033750946636533314
sclip,voc20,10,diningtable,1,bicycle,7238,0.0007965577436131763,0.01900465795291634
sclip,voc20,19,tvmonitor,17,sofa,6397,0.0007040038527070308,0.03151681767346074
sclip,voc20,5,bus,10,diningtable,6252,0.0006880462853094194,0.008017697412715206
sclip,voc20,14,person,6,car,6046,0.0006653755343859164,0.0027732838184898125
sclip,voc20,5,bus,0,aeroplane,5925,0.0006520592195230822,0.007598345676637492
sclip,voc20,14,person,18,train,5910,0.0006504084366888465,0.00271090098697896
sclip,voc20,19,tvmonitor,8,chair,5899,0.0006491978626104072,0.029063265195520542
sclip,voc20,11,dog,7,cat,5181,0.0005701803909449939,0.011097093679518676
sclip,voc20,18,train,6,car,5049,0.0005556535020037202,0.005883943325820594
sclip,voc20,4,bottle,18,train,4989,0.0005490503706667776,0.01962496607229257
sclip,voc20,5,bus,2,bird,4895,0.0005387054649055675,0.006277451829053252
sclip,voc20,11,dog,16,sheep,4790,0.0005271499850659179,0.010259617588283046
sclip,voc20,17,sofa,7,cat,4597,0.0005059099125987526,0.012285301199667547
sclip,voc20,5,bus,1,bicycle,4476,0.0004925935977359183,0.005740117341540829
sclip,voc20,15,pottedplant,14,person,4238,0.000466401176766046,0.028524698296460326
sclip,voc20,17,sofa,11,dog,4009,0.000441199225496715,0.010713894389703544
sclip,voc20,19,tvmonitor,10,diningtable,3788,0.00041687769173897644,0.018662764631400545
