block,metric,proposal_group,status,method,dataset,value,worst_class_iou,num_classes_logged,zero_class_iou_count,zero_class_iou_rate,artifact_needed,note,class_iou_p10,class_iou_p50,class_iou_p90,class_iou_gini,artifact_count,artifact_expected,n_methods,n_targets,low_variant,high_variant,dominators,miou,sec_per_image,best_family,worst_family
E1,per-class IoU summary,Group (i); cheap,computed_from_official_log,cass,ade20k,0.0,0.0,150,5,0.03333333333333333,,Proposal E1 per-class readout; value column is worst-class IoU.,,,,,,,,,,,,,,,
E1,pixel accuracy,Group (i); cheap,computed_from_official_log,cass,ade20k,48.56,,,,,,Proposal E1 supporting readout parsed as aAcc.,,,,,,,,,,,,,,,
E1,mean class accuracy,Group (i); cheap,computed_from_official_log,cass,ade20k,41.58,,,,,,Proposal E1 supporting readout parsed as mAcc.,,,,,,,,,,,,,,,
E3,worst-class within target,Group (i),computed_from_official_log,cass,ade20k,0.0,,,,,,Proposal E3 worst-class diagnostic within each completed target.,,,,,,,,,,,,,,,
E4,inference time,standard cost reporting,computed_partial_from_official_log,cass,ade20k,2.2049,,,,,,Monitoring value from official log; final E4 still needs isolated reruns.,,,,,,,,,,,,,,,
E4,peak memory,standard cost reporting,pending_memory_log,cass,ade20k,,,,,,official memory field or nvidia-smi sampler,Peak memory field when present in official logs.,,,,,,,,,,,,,,,
E4,mIoU per second,Group (ii); novelty-supporting,computed_partial_from_official_log,cass,ade20k,9.215837452945712,,,,,,Proposal E4 normalized efficiency proxy; final paper value should use isolated E4.,,,,,,,,,,,,,,,
extra,zero-IoU class collapse rate,extra discovery,computed_from_official_log,cass,ade20k,0.03333333333333333,,150,5,,,Extra metric: fraction of classes with exactly zero IoU; useful for spotting hidden collapse.,,,,,,,,,,,,,,,
extra,class-IoU dispersion,extra discovery,computed_from_official_log,cass,ade20k,16.68184966150003,,,,,,Extra metric: per-class IoU spread; value column is standard deviation.,1.129,17.884999999999998,43.58999999999999,0.4533890440053072,,,,,,,,,,,
extra,nonzero-class coverage,extra discovery,computed_from_official_log,cass,ade20k,0.9666666666666667,,150,5,,,Extra metric: fraction of classes with nonzero IoU.,,,,,,,,,,,,,,,
extra,artifact completeness,artifact readiness,ready,cass,ade20k,100.0,,,,,/data/tianyi/TF-OVCOS/runs/artifacts/official_predictions/cass/ade20k,Readiness check for proposal metrics requiring prediction label maps.,,,,,2000,2000,,,,,,,,,
E1,per-class IoU summary,Group (i); cheap,computed_from_official_log,cass,ade847,0.0,0.0,815,364,0.4466257668711656,,Proposal E1 per-class readout; value column is worst-class IoU.,,,,,,,,,,,,,,,
E1,pixel accuracy,Group (i); cheap,computed_from_official_log,cass,ade847,33.53,,,,,,Proposal E1 supporting readout parsed as aAcc.,,,,,,,,,,,,,,,
E1,mean class accuracy,Group (i); cheap,computed_from_official_log,cass,ade847,20.72,,,,,,Proposal E1 supporting readout parsed as mAcc.,,,,,,,,,,,,,,,
E3,worst-class within target,Group (i),computed_from_official_log,cass,ade847,0.0,,,,,,Proposal E3 worst-class diagnostic within each completed target.,,,,,,,,,,,,,,,
E4,inference time,standard cost reporting,computed_partial_from_official_log,cass,ade847,3.5062,,,,,,Monitoring value from official log; final E4 still needs isolated reruns.,,,,,,,,,,,,,,,
E4,peak memory,standard cost reporting,pending_memory_log,cass,ade847,,,,,,official memory field or nvidia-smi sampler,Peak memory field when present in official logs.,,,,,,,,,,,,,,,
E4,mIoU per second,Group (ii); novelty-supporting,computed_partial_from_official_log,cass,ade847,2.050653128743369,,,,,,Proposal E4 normalized efficiency proxy; final paper value should use isolated E4.,,,,,,,,,,,,,,,
extra,zero-IoU class collapse rate,extra discovery,computed_from_official_log,cass,ade847,0.4466257668711656,,815,364,,,Extra metric: fraction of classes with exactly zero IoU; useful for spotting hidden collapse.,,,,,,,,,,,,,,,
extra,class-IoU dispersion,extra discovery,computed_from_official_log,cass,ade847,13.961867808494338,,,,,,Extra metric: per-class IoU spread; value column is standard deviation.,0.0,0.25,27.038,0.7913431796859209,,,,,,,,,,,
extra,nonzero-class coverage,extra discovery,computed_from_official_log,cass,ade847,0.5533742331288344,,815,364,,,Extra metric: fraction of classes with nonzero IoU.,,,,,,,,,,,,,,,
extra,artifact completeness,artifact readiness,ready,cass,ade847,100.0,,,,,/data/tianyi/TF-OVCOS/runs/artifacts/official_predictions/cass/ade847,Readiness check for proposal metrics requiring prediction label maps.,,,,,2000,2000,,,,,,,,,
E1,per-class IoU summary,Group (i); cheap,computed_from_official_log,cass,coco_stuff164k,0.0,0.0,171,1,0.005847953216374269,,Proposal E1 per-class readout; value column is worst-class IoU.,,,,,,,,,,,,,,,
E1,pixel accuracy,Group (i); cheap,computed_from_official_log,cass,coco_stuff164k,43.56,,,,,,Proposal E1 supporting readout parsed as aAcc.,,,,,,,,,,,,,,,
E1,mean class accuracy,Group (i); cheap,computed_from_official_log,cass,coco_stuff164k,46.78,,,,,,Proposal E1 supporting readout parsed as mAcc.,,,,,,,,,,,,,,,
E3,worst-class within target,Group (i),computed_from_official_log,cass,coco_stuff164k,0.0,,,,,,Proposal E3 worst-class diagnostic within each completed target.,,,,,,,,,,,,,,,
E4,inference time,standard cost reporting,computed_partial_from_official_log,cass,coco_stuff164k,1.9929,,,,,,Monitoring value from official log; final E4 still needs isolated reruns.,,,,,,,,,,,,,,,
E4,peak memory,standard cost reporting,pending_memory_log,cass,coco_stuff164k,,,,,,official memory field or nvidia-smi sampler,Peak memory field when present in official logs.,,,,,,,,,,,,,,,
E4,mIoU per second,Group (ii); novelty-supporting,computed_partial_from_official_log,cass,coco_stuff164k,13.38250790305585,,,,,,Proposal E4 normalized efficiency proxy; final paper value should use isolated E4.,,,,,,,,,,,,,,,
extra,zero-IoU class collapse rate,extra discovery,computed_from_official_log,cass,coco_stuff164k,0.005847953216374269,,171,1,,,Extra metric: fraction of classes with exactly zero IoU; useful for spotting hidden collapse.,,,,,,,,,,,,,,,
extra,class-IoU dispersion,extra discovery,computed_from_official_log,cass,coco_stuff164k,20.84318746230519,,,,,,Extra metric: per-class IoU spread; value column is standard deviation.,3.01,23.11,57.79,0.43806861993407953,,,,,,,,,,,
extra,nonzero-class coverage,extra discovery,computed_from_official_log,cass,coco_stuff164k,0.9941520467836258,,171,1,,,Extra metric: fraction of classes with nonzero IoU.,,,,,,,,,,,,,,,
extra,artifact completeness,artifact readiness,ready,cass,coco_stuff164k,100.0,,,,,/data/tianyi/TF-OVCOS/runs/artifacts/official_predictions/cass/coco_stuff164k,Readiness check for proposal metrics requiring prediction label maps.,,,,,5000,5000,,,,,,,,,
E1,per-class IoU summary,Group (i); cheap,computed_from_official_log,cass,context459,0.0,0.0,458,198,0.43231441048034935,,Proposal E1 per-class readout; value column is worst-class IoU.,,,,,,,,,,,,,,,
E1,pixel accuracy,Group (i); cheap,computed_from_official_log,cass,context459,47.82,,,,,,Proposal E1 supporting readout parsed as aAcc.,,,,,,,,,,,,,,,
E1,mean class accuracy,Group (i); cheap,computed_from_official_log,cass,context459,32.26,,,,,,Proposal E1 supporting readout parsed as mAcc.,,,,,,,,,,,,,,,
E3,worst-class within target,Group (i),computed_from_official_log,cass,context459,0.0,,,,,,Proposal E3 worst-class diagnostic within each completed target.,,,,,,,,,,,,,,,
E4,inference time,standard cost reporting,computed_partial_from_official_log,cass,context459,2.1836,,,,,,Monitoring value from official log; final E4 still needs isolated reruns.,,,,,,,,,,,,,,,
E4,peak memory,standard cost reporting,pending_memory_log,cass,context459,,,,,,official memory field or nvidia-smi sampler,Peak memory field when present in official logs.,,,,,,,,,,,,,,,
E4,mIoU per second,Group (ii); novelty-supporting,computed_partial_from_official_log,cass,context459,3.8376992123099467,,,,,,Proposal E4 normalized efficiency proxy; final paper value should use isolated E4.,,,,,,,,,,,,,,,
extra,zero-IoU class collapse rate,extra discovery,computed_from_official_log,cass,context459,0.43231441048034935,,458,198,,,Extra metric: fraction of classes with exactly zero IoU; useful for spotting hidden collapse.,,,,,,,,,,,,,,,
extra,class-IoU dispersion,extra discovery,computed_from_official_log,cass,context459,15.81325170273366,,,,,,Extra metric: per-class IoU spread; value column is standard deviation.,0.0,0.445,27.471000000000007,0.7798905931997062,,,,,,,,,,,
extra,nonzero-class coverage,extra discovery,computed_from_official_log,cass,context459,0.5676855895196506,,458,198,,,Extra metric: fraction of classes with nonzero IoU.,,,,,,,,,,,,,,,
extra,artifact completeness,artifact readiness,ready,cass,context459,100.0,,,,,/data/tianyi/TF-OVCOS/runs/artifacts/official_predictions/cass/context459,Readiness check for proposal metrics requiring prediction label maps.,,,,,5105,5105,,,,,,,,,
E1,per-class IoU summary,Group (i); cheap,computed_from_official_log,cass,context59,3.65,3.65,59,0,0.0,,Proposal E1 per-class readout; value column is worst-class IoU.,,,,,,,,,,,,,,,
E1,pixel accuracy,Group (i); cheap,computed_from_official_log,cass,context59,64.58,,,,,,Proposal E1 supporting readout parsed as aAcc.,,,,,,,,,,,,,,,
E1,mean class accuracy,Group (i); cheap,computed_from_official_log,cass,context59,61.79,,,,,,Proposal E1 supporting readout parsed as mAcc.,,,,,,,,,,,,,,,
E3,worst-class within target,Group (i),computed_from_official_log,cass,context59,3.65,,,,,,Proposal E3 worst-class diagnostic within each completed target.,,,,,,,,,,,,,,,
E4,inference time,standard cost reporting,computed_partial_from_official_log,cass,context59,2.1003,,,,,,Monitoring value from official log; final E4 still needs isolated reruns.,,,,,,,,,,,,,,,
E4,peak memory,standard cost reporting,pending_memory_log,cass,context59,,,,,,official memory field or nvidia-smi sampler,Peak memory field when present in official logs.,,,,,,,,,,,,,,,
E4,mIoU per second,Group (ii); novelty-supporting,computed_partial_from_official_log,cass,context59,19.173451411703095,,,,,,Proposal E4 normalized efficiency proxy; final paper value should use isolated E4.,,,,,,,,,,,,,,,
extra,zero-IoU class collapse rate,extra discovery,computed_from_official_log,cass,context59,0.0,,59,0,,,Extra metric: fraction of classes with exactly zero IoU; useful for spotting hidden collapse.,,,,,,,,,,,,,,,
extra,class-IoU dispersion,extra discovery,computed_from_official_log,cass,context59,24.66593009477629,,,,,,Extra metric: per-class IoU spread; value column is standard deviation.,9.722,35.01,75.938,0.3499737950446491,,,,,,,,,,,
extra,nonzero-class coverage,extra discovery,computed_from_official_log,cass,context59,1.0,,59,0,,,Extra metric: fraction of classes with nonzero IoU.,,,,,,,,,,,,,,,
extra,artifact completeness,artifact readiness,ready,cass,context59,100.0,,,,,/data/tianyi/TF-OVCOS/runs/artifacts/official_predictions/cass/context59,Readiness check for proposal metrics requiring prediction label maps.,,,,,5105,5105,,,,,,,,,
E1,per-class IoU summary,Group (i); cheap,computed_from_official_log,cass,voc20,40.03,40.03,20,0,0.0,,Proposal E1 per-class readout; value column is worst-class IoU.,,,,,,,,,,,,,,,
E1,pixel accuracy,Group (i); cheap,computed_from_official_log,cass,voc20,93.89,,,,,,Proposal E1 supporting readout parsed as aAcc.,,,,,,,,,,,,,,,
E1,mean class accuracy,Group (i); cheap,computed_from_official_log,cass,voc20,93.92,,,,,,Proposal E1 supporting readout parsed as mAcc.,,,,,,,,,,,,,,,
E3,worst-class within target,Group (i),computed_from_official_log,cass,voc20,40.03,,,,,,Proposal E3 worst-class diagnostic within each completed target.,,,,,,,,,,,,,,,
E4,inference time,standard cost reporting,computed_partial_from_official_log,cass,voc20,1.2813,,,,,,Monitoring value from official log; final E4 still needs isolated reruns.,,,,,,,,,,,,,,,
E4,peak memory,standard cost reporting,pending_memory_log,cass,voc20,,,,,,official memory field or nvidia-smi sampler,Peak memory field when present in official logs.,,,,,,,,,,,,,,,
E4,mIoU per second,Group (ii); novelty-supporting,computed_partial_from_official_log,cass,voc20,68.46952314056037,,,,,,Proposal E4 normalized efficiency proxy; final paper value should use isolated E4.,,,,,,,,,,,,,,,
extra,zero-IoU class collapse rate,extra discovery,computed_from_official_log,cass,voc20,0.0,,20,0,,,Extra metric: fraction of classes with exactly zero IoU; useful for spotting hidden collapse.,,,,,,,,,,,,,,,
extra,class-IoU dispersion,extra discovery,computed_from_official_log,cass,voc20,13.68796639388043,,,,,,Extra metric: per-class IoU spread; value column is standard deviation.,71.289,92.69,98.429,0.07258930403264374,,,,,,,,,,,
extra,nonzero-class coverage,extra discovery,computed_from_official_log,cass,voc20,1.0,,20,0,,,Extra metric: fraction of classes with nonzero IoU.,,,,,,,,,,,,,,,
extra,artifact completeness,artifact readiness,ready,cass,voc20,100.0,,,,,/data/tianyi/TF-OVCOS/runs/artifacts/official_predictions/cass/voc20,Readiness check for proposal metrics requiring prediction label maps.,,,,,1449,1449,,,,,,,,,
E1,per-class IoU summary,Group (i); cheap,computed_from_official_log,corrclip,ade20k,0.0,0.0,150,4,0.02666666666666667,,Proposal E1 per-class readout; value column is worst-class IoU.,,,,,,,,,,,,,,,
E1,pixel accuracy,Group (i); cheap,computed_from_official_log,corrclip,ade20k,61.77,,,,,,Proposal E1 supporting readout parsed as aAcc.,,,,,,,,,,,,,,,
E1,mean class accuracy,Group (i); cheap,computed_from_official_log,corrclip,ade20k,49.41,,,,,,Proposal E1 supporting readout parsed as mAcc.,,,,,,,,,,,,,,,
E3,worst-class within target,Group (i),computed_from_official_log,corrclip,ade20k,0.0,,,,,,Proposal E3 worst-class diagnostic within each completed target.,,,,,,,,,,,,,,,
E4,inference time,standard cost reporting,computed_partial_from_official_log,corrclip,ade20k,0.0807,,,,,,Monitoring value from official log; final E4 still needs isolated reruns.,,,,,,,,,,,,,,,
E4,peak memory,standard cost reporting,pending_memory_log,corrclip,ade20k,,,,,,official memory field or nvidia-smi sampler,Peak memory field when present in official logs.,,,,,,,,,,,,,,,
E4,mIoU per second,Group (ii); novelty-supporting,computed_partial_from_official_log,corrclip,ade20k,334.0768277571252,,,,,,Proposal E4 normalized efficiency proxy; final paper value should use isolated E4.,,,,,,,,,,,,,,,
extra,zero-IoU class collapse rate,extra discovery,computed_from_official_log,corrclip,ade20k,0.02666666666666667,,150,4,,,Extra metric: fraction of classes with exactly zero IoU; useful for spotting hidden collapse.,,,,,,,,,,,,,,,
extra,class-IoU dispersion,extra discovery,computed_from_official_log,corrclip,ade20k,20.652252876838613,,,,,,Extra metric: per-class IoU spread; value column is standard deviation.,3.3430000000000004,23.345,59.89699999999999,0.4264010021344804,,,,,,,,,,,
extra,nonzero-class coverage,extra discovery,computed_from_official_log,corrclip,ade20k,0.9733333333333334,,150,4,,,Extra metric: fraction of classes with nonzero IoU.,,,,,,,,,,,,,,,
extra,artifact completeness,artifact readiness,ready,corrclip,ade20k,100.0,,,,,/data/tianyi/TF-OVCOS/runs/artifacts/official_predictions/corrclip/ade20k,Readiness check for proposal metrics requiring prediction label maps.,,,,,2000,2000,,,,,,,,,
E1,per-class IoU summary,Group (i); cheap,computed_from_official_log,corrclip,ade847,0.0,0.0,828,413,0.49879227053140096,,Proposal E1 per-class readout; value column is worst-class IoU.,,,,,,,,,,,,,,,
E1,pixel accuracy,Group (i); cheap,computed_from_official_log,corrclip,ade847,48.47,,,,,,Proposal E1 supporting readout parsed as aAcc.,,,,,,,,,,,,,,,
E1,mean class accuracy,Group (i); cheap,computed_from_official_log,corrclip,ade847,20.93,,,,,,Proposal E1 supporting readout parsed as mAcc.,,,,,,,,,,,,,,,
E3,worst-class within target,Group (i),computed_from_official_log,corrclip,ade847,0.0,,,,,,Proposal E3 worst-class diagnostic within each completed target.,,,,,,,,,,,,,,,
E4,inference time,standard cost reporting,computed_partial_from_official_log,corrclip,ade847,0.3358,,,,,,Monitoring value from official log; final E4 still needs isolated reruns.,,,,,,,,,,,,,,,
E4,peak memory,standard cost reporting,pending_memory_log,corrclip,ade847,,,,,,official memory field or nvidia-smi sampler,Peak memory field when present in official logs.,,,,,,,,,,,,,,,
E4,mIoU per second,Group (ii); novelty-supporting,computed_partial_from_official_log,corrclip,ade847,25.81893984514592,,,,,,Proposal E4 normalized efficiency proxy; final paper value should use isolated E4.,,,,,,,,,,,,,,,
extra,zero-IoU class collapse rate,extra discovery,computed_from_official_log,corrclip,ade847,0.49879227053140096,,828,413,,,Extra metric: fraction of classes with exactly zero IoU; useful for spotting hidden collapse.,,,,,,,,,,,,,,,
extra,class-IoU dispersion,extra discovery,computed_from_official_log,corrclip,ade847,17.51341351333931,,,,,,Extra metric: per-class IoU spread; value column is standard deviation.,0.0,0.01,32.36100000000002,0.8123071942996871,,,,,,,,,,,
extra,nonzero-class coverage,extra discovery,computed_from_official_log,corrclip,ade847,0.501207729468599,,828,413,,,Extra metric: fraction of classes with nonzero IoU.,,,,,,,,,,,,,,,
extra,artifact completeness,artifact readiness,ready,corrclip,ade847,100.0,,,,,/data/tianyi/TF-OVCOS/runs/artifacts/official_predictions/corrclip/ade847,Readiness check for proposal metrics requiring prediction label maps.,,,,,2000,2000,,,,,,,,,
E1,per-class IoU summary,Group (i); cheap,computed_from_official_log,corrclip,coco_stuff164k,0.0,0.0,171,1,0.005847953216374269,,Proposal E1 per-class readout; value column is worst-class IoU.,,,,,,,,,,,,,,,
E1,pixel accuracy,Group (i); cheap,computed_from_official_log,corrclip,coco_stuff164k,48.64,,,,,,Proposal E1 supporting readout parsed as aAcc.,,,,,,,,,,,,,,,
E1,mean class accuracy,Group (i); cheap,computed_from_official_log,corrclip,coco_stuff164k,50.58,,,,,,Proposal E1 supporting readout parsed as mAcc.,,,,,,,,,,,,,,,
E3,worst-class within target,Group (i),computed_from_official_log,corrclip,coco_stuff164k,0.0,,,,,,Proposal E3 worst-class diagnostic within each completed target.,,,,,,,,,,,,,,,
E4,inference time,standard cost reporting,computed_partial_from_official_log,corrclip,coco_stuff164k,0.0921,,,,,,Monitoring value from official log; final E4 still needs isolated reruns.,,,,,,,,,,,,,,,
E4,peak memory,standard cost reporting,pending_memory_log,corrclip,coco_stuff164k,,,,,,official memory field or nvidia-smi sampler,Peak memory field when present in official logs.,,,,,,,,,,,,,,,
E4,mIoU per second,Group (ii); novelty-supporting,computed_partial_from_official_log,corrclip,coco_stuff164k,349.8371335504886,,,,,,Proposal E4 normalized efficiency proxy; final paper value should use isolated E4.,,,,,,,,,,,,,,,
extra,zero-IoU class collapse rate,extra discovery,computed_from_official_log,corrclip,coco_stuff164k,0.005847953216374269,,171,1,,,Extra metric: fraction of classes with exactly zero IoU; useful for spotting hidden collapse.,,,,,,,,,,,,,,,
extra,class-IoU dispersion,extra discovery,computed_from_official_log,corrclip,coco_stuff164k,23.133708007322372,,,,,,Extra metric: per-class IoU spread; value column is standard deviation.,4.41,28.92,68.17,0.4059128462601511,,,,,,,,,,,
extra,nonzero-class coverage,extra discovery,computed_from_official_log,corrclip,coco_stuff164k,0.9941520467836258,,171,1,,,Extra metric: fraction of classes with nonzero IoU.,,,,,,,,,,,,,,,
extra,artifact completeness,artifact readiness,ready,corrclip,coco_stuff164k,100.0,,,,,/data/tianyi/TF-OVCOS/runs/artifacts/official_predictions/corrclip/coco_stuff164k,Readiness check for proposal metrics requiring prediction label maps.,,,,,5000,5000,,,,,,,,,
E1,per-class IoU summary,Group (i); cheap,computed_from_official_log,corrclip,context459,0.0,0.0,446,197,0.44170403587443946,,Proposal E1 per-class readout; value column is worst-class IoU.,,,,,,,,,,,,,,,
E1,pixel accuracy,Group (i); cheap,computed_from_official_log,corrclip,context459,58.48,,,,,,Proposal E1 supporting readout parsed as aAcc.,,,,,,,,,,,,,,,
E1,mean class accuracy,Group (i); cheap,computed_from_official_log,corrclip,context459,33.89,,,,,,Proposal E1 supporting readout parsed as mAcc.,,,,,,,,,,,,,,,
E3,worst-class within target,Group (i),computed_from_official_log,corrclip,context459,0.0,,,,,,Proposal E3 worst-class diagnostic within each completed target.,,,,,,,,,,,,,,,
E4,inference time,standard cost reporting,computed_partial_from_official_log,corrclip,context459,0.2484,,,,,,Monitoring value from official log; final E4 still needs isolated reruns.,,,,,,,,,,,,,,,
E4,peak memory,standard cost reporting,pending_memory_log,corrclip,context459,,,,,,official memory field or nvidia-smi sampler,Peak memory field when present in official logs.,,,,,,,,,,,,,,,
E4,mIoU per second,Group (ii); novelty-supporting,computed_partial_from_official_log,corrclip,context459,47.82608695652174,,,,,,Proposal E4 normalized efficiency proxy; final paper value should use isolated E4.,,,,,,,,,,,,,,,
extra,zero-IoU class collapse rate,extra discovery,computed_from_official_log,corrclip,context459,0.44170403587443946,,446,197,,,Extra metric: fraction of classes with exactly zero IoU; useful for spotting hidden collapse.,,,,,,,,,,,,,,,
extra,class-IoU dispersion,extra discovery,computed_from_official_log,corrclip,context459,20.398160121515343,,,,,,Extra metric: per-class IoU spread; value column is standard deviation.,0.0,0.3,41.265,0.7594240216862416,,,,,,,,,,,
extra,nonzero-class coverage,extra discovery,computed_from_official_log,corrclip,context459,0.5582959641255605,,446,197,,,Extra metric: fraction of classes with nonzero IoU.,,,,,,,,,,,,,,,
extra,artifact completeness,artifact readiness,ready,corrclip,context459,100.0,,,,,/data/tianyi/TF-OVCOS/runs/artifacts/official_predictions/corrclip/context459,Readiness check for proposal metrics requiring prediction label maps.,,,,,5105,5105,,,,,,,,,
E1,per-class IoU summary,Group (i); cheap,computed_from_official_log,corrclip,context59,1.42,1.42,59,0,0.0,,Proposal E1 per-class readout; value column is worst-class IoU.,,,,,,,,,,,,,,,
E1,pixel accuracy,Group (i); cheap,computed_from_official_log,corrclip,context59,72.6,,,,,,Proposal E1 supporting readout parsed as aAcc.,,,,,,,,,,,,,,,
E1,mean class accuracy,Group (i); cheap,computed_from_official_log,corrclip,context59,69.39,,,,,,Proposal E1 supporting readout parsed as mAcc.,,,,,,,,,,,,,,,
E3,worst-class within target,Group (i),computed_from_official_log,corrclip,context59,1.42,,,,,,Proposal E3 worst-class diagnostic within each completed target.,,,,,,,,,,,,,,,
E4,inference time,standard cost reporting,computed_partial_from_official_log,corrclip,context59,0.0785,,,,,,Monitoring value from official log; final E4 still needs isolated reruns.,,,,,,,,,,,,,,,
E4,peak memory,standard cost reporting,pending_memory_log,corrclip,context59,,,,,,official memory field or nvidia-smi sampler,Peak memory field when present in official logs.,,,,,,,,,,,,,,,
E4,mIoU per second,Group (ii); novelty-supporting,computed_partial_from_official_log,corrclip,context59,620.1273885350319,,,,,,Proposal E4 normalized efficiency proxy; final paper value should use isolated E4.,,,,,,,,,,,,,,,
extra,zero-IoU class collapse rate,extra discovery,computed_from_official_log,corrclip,context59,0.0,,59,0,,,Extra metric: fraction of classes with exactly zero IoU; useful for spotting hidden collapse.,,,,,,,,,,,,,,,
extra,class-IoU dispersion,extra discovery,computed_from_official_log,corrclip,context59,26.21068076149568,,,,,,Extra metric: per-class IoU spread; value column is standard deviation.,15.926,42.72,87.412,0.3082399621558156,,,,,,,,,,,
extra,nonzero-class coverage,extra discovery,computed_from_official_log,corrclip,context59,1.0,,59,0,,,Extra metric: fraction of classes with nonzero IoU.,,,,,,,,,,,,,,,
extra,artifact completeness,artifact readiness,ready,corrclip,context59,100.0,,,,,/data/tianyi/TF-OVCOS/runs/artifacts/official_predictions/corrclip/context59,Readiness check for proposal metrics requiring prediction label maps.,,,,,5105,5105,,,,,,,,,
E1,per-class IoU summary,Group (i); cheap,computed_from_official_log,corrclip,voc20,49.71,49.71,20,0,0.0,,Proposal E1 per-class readout; value column is worst-class IoU.,,,,,,,,,,,,,,,
E1,pixel accuracy,Group (i); cheap,computed_from_official_log,corrclip,voc20,94.53,,,,,,Proposal E1 supporting readout parsed as aAcc.,,,,,,,,,,,,,,,
E1,mean class accuracy,Group (i); cheap,computed_from_official_log,corrclip,voc20,94.5,,,,,,Proposal E1 supporting readout parsed as mAcc.,,,,,,,,,,,,,,,
E3,worst-class within target,Group (i),computed_from_official_log,corrclip,voc20,49.71,,,,,,Proposal E3 worst-class diagnostic within each completed target.,,,,,,,,,,,,,,,
E4,inference time,standard cost reporting,computed_partial_from_official_log,corrclip,voc20,0.0758,,,,,,Monitoring value from official log; final E4 still needs isolated reruns.,,,,,,,,,,,,,,,
E4,peak memory,standard cost reporting,pending_memory_log,corrclip,voc20,,,,,,official memory field or nvidia-smi sampler,Peak memory field when present in official logs.,,,,,,,,,,,,,,,
E4,mIoU per second,Group (ii); novelty-supporting,computed_partial_from_official_log,corrclip,voc20,1171.240105540897,,,,,,Proposal E4 normalized efficiency proxy; final paper value should use isolated E4.,,,,,,,,,,,,,,,
extra,zero-IoU class collapse rate,extra discovery,computed_from_official_log,corrclip,voc20,0.0,,20,0,,,Extra metric: fraction of classes with exactly zero IoU; useful for spotting hidden collapse.,,,,,,,,,,,,,,,
extra,class-IoU dispersion,extra discovery,computed_from_official_log,corrclip,voc20,11.687723677004003,,,,,,Extra metric: per-class IoU spread; value column is standard deviation.,76.873,92.63,97.93100000000001,0.06374451621623112,,,,,,,,,,,
extra,nonzero-class coverage,extra discovery,computed_from_official_log,corrclip,voc20,1.0,,20,0,,,Extra metric: fraction of classes with nonzero IoU.,,,,,,,,,,,,,,,
extra,artifact completeness,artifact readiness,ready,corrclip,voc20,100.0,,,,,/data/tianyi/TF-OVCOS/runs/artifacts/official_predictions/corrclip/voc20,Readiness check for proposal metrics requiring prediction label maps.,,,,,1449,1449,,,,,,,,,
E1,per-class IoU summary,Group (i); cheap,computed_from_official_log,freeda,ade20k,0.0,0.0,150,2,0.013333333333333334,,Proposal E1 per-class readout; value column is worst-class IoU.,,,,,,,,,,,,,,,
E1,pixel accuracy,Group (i); cheap,computed_from_official_log,freeda,ade20k,48.37,,,,,,Proposal E1 supporting readout parsed as aAcc.,,,,,,,,,,,,,,,
E1,mean class accuracy,Group (i); cheap,computed_from_official_log,freeda,ade20k,47.96,,,,,,Proposal E1 supporting readout parsed as mAcc.,,,,,,,,,,,,,,,
E3,worst-class within target,Group (i),computed_from_official_log,freeda,ade20k,0.0,,,,,,Proposal E3 worst-class diagnostic within each completed target.,,,,,,,,,,,,,,,
E4,inference time,standard cost reporting,pending_e4_log,freeda,ade20k,,,,,,official timing log,Monitoring value from official log; final E4 still needs isolated reruns.,,,,,,,,,,,,,,,
E4,peak memory,standard cost reporting,pending_memory_log,freeda,ade20k,,,,,,official memory field or nvidia-smi sampler,Peak memory field when present in official logs.,,,,,,,,,,,,,,,
E4,mIoU per second,Group (ii); novelty-supporting,pending_e4_log,freeda,ade20k,,,,,,official timing log,Proposal E4 normalized efficiency proxy; final paper value should use isolated E4.,,,,,,,,,,,,,,,
extra,zero-IoU class collapse rate,extra discovery,computed_from_official_log,freeda,ade20k,0.013333333333333334,,150,2,,,Extra metric: fraction of classes with exactly zero IoU; useful for spotting hidden collapse.,,,,,,,,,,,,,,,
extra,class-IoU dispersion,extra discovery,computed_from_official_log,freeda,ade20k,19.391113522665204,,,,,,Extra metric: per-class IoU spread; value column is standard deviation.,1.7770000000000001,19.07,53.485,0.4616288173910217,,,,,,,,,,,
extra,nonzero-class coverage,extra discovery,computed_from_official_log,freeda,ade20k,0.9866666666666667,,150,2,,,Extra metric: fraction of classes with nonzero IoU.,,,,,,,,,,,,,,,
extra,artifact completeness,artifact readiness,ready,freeda,ade20k,100.0,,,,,/data/tianyi/TF-OVCOS/runs/artifacts/official_predictions/freeda/ade20k,Readiness check for proposal metrics requiring prediction label maps.,,,,,2000,2000,,,,,,,,,
E1,per-class IoU summary,Group (i); cheap,computed_from_official_log,freeda,ade847,0.0,0.0,834,606,0.7266187050359713,,Proposal E1 per-class readout; value column is worst-class IoU.,,,,,,,,,,,,,,,
E1,pixel accuracy,Group (i); cheap,computed_from_official_log,freeda,ade847,28.08,,,,,,Proposal E1 supporting readout parsed as aAcc.,,,,,,,,,,,,,,,
E1,mean class accuracy,Group (i); cheap,computed_from_official_log,freeda,ade847,22.85,,,,,,Proposal E1 supporting readout parsed as mAcc.,,,,,,,,,,,,,,,
E3,worst-class within target,Group (i),computed_from_official_log,freeda,ade847,0.0,,,,,,Proposal E3 worst-class diagnostic within each completed target.,,,,,,,,,,,,,,,
E4,inference time,standard cost reporting,pending_e4_log,freeda,ade847,,,,,,official timing log,Monitoring value from official log; final E4 still needs isolated reruns.,,,,,,,,,,,,,,,
E4,peak memory,standard cost reporting,pending_memory_log,freeda,ade847,,,,,,official memory field or nvidia-smi sampler,Peak memory field when present in official logs.,,,,,,,,,,,,,,,
E4,mIoU per second,Group (ii); novelty-supporting,pending_e4_log,freeda,ade847,,,,,,official timing log,Proposal E4 normalized efficiency proxy; final paper value should use isolated E4.,,,,,,,,,,,,,,,
extra,zero-IoU class collapse rate,extra discovery,computed_from_official_log,freeda,ade847,0.7266187050359713,,834,606,,,Extra metric: fraction of classes with exactly zero IoU; useful for spotting hidden collapse.,,,,,,,,,,,,,,,
extra,class-IoU dispersion,extra discovery,computed_from_official_log,freeda,ade847,10.099604671593942,,,,,,Extra metric: per-class IoU spread; value column is standard deviation.,0.0,0.0,14.049000000000028,0.8737369713143508,,,,,,,,,,,
extra,nonzero-class coverage,extra discovery,computed_from_official_log,freeda,ade847,0.27338129496402874,,834,606,,,Extra metric: fraction of classes with nonzero IoU.,,,,,,,,,,,,,,,
extra,artifact completeness,artifact readiness,ready,freeda,ade847,100.0,,,,,/data/tianyi/TF-OVCOS/runs/artifacts/official_predictions/freeda/ade847,Readiness check for proposal metrics requiring prediction label maps.,,,,,2000,2000,,,,,,,,,
E1,per-class IoU summary,Group (i); cheap,computed_from_official_log,freeda,coco_stuff164k,0.0,0.0,171,2,0.011695906432748537,,Proposal E1 per-class readout; value column is worst-class IoU.,,,,,,,,,,,,,,,
E1,pixel accuracy,Group (i); cheap,computed_from_official_log,freeda,coco_stuff164k,44.31,,,,,,Proposal E1 supporting readout parsed as aAcc.,,,,,,,,,,,,,,,
E1,mean class accuracy,Group (i); cheap,computed_from_official_log,freeda,coco_stuff164k,52.61,,,,,,Proposal E1 supporting readout parsed as mAcc.,,,,,,,,,,,,,,,
E3,worst-class within target,Group (i),computed_from_official_log,freeda,coco_stuff164k,0.0,,,,,,Proposal E3 worst-class diagnostic within each completed target.,,,,,,,,,,,,,,,
E4,inference time,standard cost reporting,pending_e4_log,freeda,coco_stuff164k,,,,,,official timing log,Monitoring value from official log; final E4 still needs isolated reruns.,,,,,,,,,,,,,,,
E4,peak memory,standard cost reporting,pending_memory_log,freeda,coco_stuff164k,,,,,,official memory field or nvidia-smi sampler,Peak memory field when present in official logs.,,,,,,,,,,,,,,,
E4,mIoU per second,Group (ii); novelty-supporting,pending_e4_log,freeda,coco_stuff164k,,,,,,official timing log,Proposal E4 normalized efficiency proxy; final paper value should use isolated E4.,,,,,,,,,,,,,,,
extra,zero-IoU class collapse rate,extra discovery,computed_from_official_log,freeda,coco_stuff164k,0.011695906432748537,,171,2,,,Extra metric: fraction of classes with exactly zero IoU; useful for spotting hidden collapse.,,,,,,,,,,,,,,,
extra,class-IoU dispersion,extra discovery,computed_from_official_log,freeda,coco_stuff164k,22.35612297237315,,,,,,Extra metric: per-class IoU spread; value column is standard deviation.,3.12,23.87,63.1,0.43777937891554797,,,,,,,,,,,
extra,nonzero-class coverage,extra discovery,computed_from_official_log,freeda,coco_stuff164k,0.9883040935672515,,171,2,,,Extra metric: fraction of classes with nonzero IoU.,,,,,,,,,,,,,,,
extra,artifact completeness,artifact readiness,ready,freeda,coco_stuff164k,100.0,,,,,/data/tianyi/TF-OVCOS/runs/artifacts/official_predictions/freeda/coco_stuff164k,Readiness check for proposal metrics requiring prediction label maps.,,,,,5000,5000,,,,,,,,,
E1,per-class IoU summary,Group (i); cheap,computed_from_official_log,freeda,context459,0.0,0.0,459,314,0.6840958605664488,,Proposal E1 per-class readout; value column is worst-class IoU.,,,,,,,,,,,,,,,
E1,pixel accuracy,Group (i); cheap,computed_from_official_log,freeda,context459,21.33,,,,,,Proposal E1 supporting readout parsed as aAcc.,,,,,,,,,,,,,,,
E1,mean class accuracy,Group (i); cheap,computed_from_official_log,freeda,context459,20.14,,,,,,Proposal E1 supporting readout parsed as mAcc.,,,,,,,,,,,,,,,
E3,worst-class within target,Group (i),computed_from_official_log,freeda,context459,0.0,,,,,,Proposal E3 worst-class diagnostic within each completed target.,,,,,,,,,,,,,,,
E4,inference time,standard cost reporting,pending_e4_log,freeda,context459,,,,,,official timing log,Monitoring value from official log; final E4 still needs isolated reruns.,,,,,,,,,,,,,,,
E4,peak memory,standard cost reporting,pending_memory_log,freeda,context459,,,,,,official memory field or nvidia-smi sampler,Peak memory field when present in official logs.,,,,,,,,,,,,,,,
E4,mIoU per second,Group (ii); novelty-supporting,pending_e4_log,freeda,context459,,,,,,official timing log,Proposal E4 normalized efficiency proxy; final paper value should use isolated E4.,,,,,,,,,,,,,,,
extra,zero-IoU class collapse rate,extra discovery,computed_from_official_log,freeda,context459,0.6840958605664488,,459,314,,,Extra metric: fraction of classes with exactly zero IoU; useful for spotting hidden collapse.,,,,,,,,,,,,,,,
extra,class-IoU dispersion,extra discovery,computed_from_official_log,freeda,context459,12.155861720603204,,,,,,Extra metric: per-class IoU spread; value column is standard deviation.,0.0,0.0,14.228,0.8919973191020607,,,,,,,,,,,
extra,nonzero-class coverage,extra discovery,computed_from_official_log,freeda,context459,0.3159041394335512,,459,314,,,Extra metric: fraction of classes with nonzero IoU.,,,,,,,,,,,,,,,
extra,artifact completeness,artifact readiness,ready,freeda,context459,100.0,,,,,/data/tianyi/TF-OVCOS/runs/artifacts/official_predictions/freeda/context459,Readiness check for proposal metrics requiring prediction label maps.,,,,,5105,5105,,,,,,,,,
E1,per-class IoU summary,Group (i); cheap,computed_from_official_log,freeda,context59,2.0,2.0,59,0,0.0,,Proposal E1 per-class readout; value column is worst-class IoU.,,,,,,,,,,,,,,,
E1,pixel accuracy,Group (i); cheap,computed_from_official_log,freeda,context59,66.03,,,,,,Proposal E1 supporting readout parsed as aAcc.,,,,,,,,,,,,,,,
E1,mean class accuracy,Group (i); cheap,computed_from_official_log,freeda,context59,64.6,,,,,,Proposal E1 supporting readout parsed as mAcc.,,,,,,,,,,,,,,,
E3,worst-class within target,Group (i),computed_from_official_log,freeda,context59,2.0,,,,,,Proposal E3 worst-class diagnostic within each completed target.,,,,,,,,,,,,,,,
E4,inference time,standard cost reporting,pending_e4_log,freeda,context59,,,,,,official timing log,Monitoring value from official log; final E4 still needs isolated reruns.,,,,,,,,,,,,,,,
E4,peak memory,standard cost reporting,pending_memory_log,freeda,context59,,,,,,official memory field or nvidia-smi sampler,Peak memory field when present in official logs.,,,,,,,,,,,,,,,
E4,mIoU per second,Group (ii); novelty-supporting,pending_e4_log,freeda,context59,,,,,,official timing log,Proposal E4 normalized efficiency proxy; final paper value should use isolated E4.,,,,,,,,,,,,,,,
extra,zero-IoU class collapse rate,extra discovery,computed_from_official_log,freeda,context59,0.0,,59,0,,,Extra metric: fraction of classes with exactly zero IoU; useful for spotting hidden collapse.,,,,,,,,,,,,,,,
extra,class-IoU dispersion,extra discovery,computed_from_official_log,freeda,context59,24.160399458249632,,,,,,Extra metric: per-class IoU spread; value column is standard deviation.,16.240000000000002,42.03,76.30000000000001,0.3186918351839889,,,,,,,,,,,
extra,nonzero-class coverage,extra discovery,computed_from_official_log,freeda,context59,1.0,,59,0,,,Extra metric: fraction of classes with nonzero IoU.,,,,,,,,,,,,,,,
extra,artifact completeness,artifact readiness,ready,freeda,context59,100.0,,,,,/data/tianyi/TF-OVCOS/runs/artifacts/official_predictions/freeda/context59,Readiness check for proposal metrics requiring prediction label maps.,,,,,5105,5105,,,,,,,,,
E1,per-class IoU summary,Group (i); cheap,computed_from_official_log,freeda,voc20,37.34,37.34,20,0,0.0,,Proposal E1 per-class readout; value column is worst-class IoU.,,,,,,,,,,,,,,,
E1,pixel accuracy,Group (i); cheap,computed_from_official_log,freeda,voc20,93.01,,,,,,Proposal E1 supporting readout parsed as aAcc.,,,,,,,,,,,,,,,
E1,mean class accuracy,Group (i); cheap,computed_from_official_log,freeda,voc20,93.32,,,,,,Proposal E1 supporting readout parsed as mAcc.,,,,,,,,,,,,,,,
E3,worst-class within target,Group (i),computed_from_official_log,freeda,voc20,37.34,,,,,,Proposal E3 worst-class diagnostic within each completed target.,,,,,,,,,,,,,,,
E4,inference time,standard cost reporting,pending_e4_log,freeda,voc20,,,,,,official timing log,Monitoring value from official log; final E4 still needs isolated reruns.,,,,,,,,,,,,,,,
E4,peak memory,standard cost reporting,pending_memory_log,freeda,voc20,,,,,,official memory field or nvidia-smi sampler,Peak memory field when present in official logs.,,,,,,,,,,,,,,,
E4,mIoU per second,Group (ii); novelty-supporting,pending_e4_log,freeda,voc20,,,,,,official timing log,Proposal E4 normalized efficiency proxy; final paper value should use isolated E4.,,,,,,,,,,,,,,,
extra,zero-IoU class collapse rate,extra discovery,computed_from_official_log,freeda,voc20,0.0,,20,0,,,Extra metric: fraction of classes with exactly zero IoU; useful for spotting hidden collapse.,,,,,,,,,,,,,,,
extra,class-IoU dispersion,extra discovery,computed_from_official_log,freeda,voc20,13.90177988604337,,,,,,Extra metric: per-class IoU spread; value column is standard deviation.,78.254,90.42,96.705,0.0736797224864838,,,,,,,,,,,
extra,nonzero-class coverage,extra discovery,computed_from_official_log,freeda,voc20,1.0,,20,0,,,Extra metric: fraction of classes with nonzero IoU.,,,,,,,,,,,,,,,
extra,artifact completeness,artifact readiness,ready,freeda,voc20,100.0,,,,,/data/tianyi/TF-OVCOS/runs/artifacts/official_predictions/freeda/voc20,Readiness check for proposal metrics requiring prediction label maps.,,,,,1449,1449,,,,,,,,,
E1,per-class IoU summary,Group (i); cheap,computed_from_official_log,naclip,ade20k,0.0,0.0,150,7,0.04666666666666667,,Proposal E1 per-class readout; value column is worst-class IoU.,,,,,,,,,,,,,,,
E1,pixel accuracy,Group (i); cheap,computed_from_official_log,naclip,ade20k,48.19,,,,,,Proposal E1 supporting readout parsed as aAcc.,,,,,,,,,,,,,,,
E1,mean class accuracy,Group (i); cheap,computed_from_official_log,naclip,ade20k,39.35,,,,,,Proposal E1 supporting readout parsed as mAcc.,,,,,,,,,,,,,,,
E3,worst-class within target,Group (i),computed_from_official_log,naclip,ade20k,0.0,,,,,,Proposal E3 worst-class diagnostic within each completed target.,,,,,,,,,,,,,,,
E4,inference time,standard cost reporting,computed_partial_from_official_log,naclip,ade20k,0.478,,,,,,Monitoring value from official log; final E4 still needs isolated reruns.,,,,,,,,,,,,,,,
E4,peak memory,standard cost reporting,pending_memory_log,naclip,ade20k,,,,,,official memory field or nvidia-smi sampler,Peak memory field when present in official logs.,,,,,,,,,,,,,,,
E4,mIoU per second,Group (ii); novelty-supporting,computed_partial_from_official_log,naclip,ade20k,40.00000000000001,,,,,,Proposal E4 normalized efficiency proxy; final paper value should use isolated E4.,,,,,,,,,,,,,,,
extra,zero-IoU class collapse rate,extra discovery,computed_from_official_log,naclip,ade20k,0.04666666666666667,,150,7,,,Extra metric: fraction of classes with exactly zero IoU; useful for spotting hidden collapse.,,,,,,,,,,,,,,,
extra,class-IoU dispersion,extra discovery,computed_from_official_log,naclip,ade20k,15.789727415703611,,,,,,Extra metric: per-class IoU spread; value column is standard deviation.,0.714,16.58,40.579,0.4515198733351702,,,,,,,,,,,
extra,nonzero-class coverage,extra discovery,computed_from_official_log,naclip,ade20k,0.9533333333333334,,150,7,,,Extra metric: fraction of classes with nonzero IoU.,,,,,,,,,,,,,,,
extra,artifact completeness,artifact readiness,ready,naclip,ade20k,100.0,,,,,/data/tianyi/TF-OVCOS/runs/artifacts/official_predictions/naclip/ade20k,Readiness check for proposal metrics requiring prediction label maps.,,,,,2000,2000,,,,,,,,,
E1,per-class IoU summary,Group (i); cheap,computed_from_official_log,naclip,ade847,0.0,0.0,822,298,0.36253041362530414,,Proposal E1 per-class readout; value column is worst-class IoU.,,,,,,,,,,,,,,,
E1,pixel accuracy,Group (i); cheap,computed_from_official_log,naclip,ade847,33.85,,,,,,Proposal E1 supporting readout parsed as aAcc.,,,,,,,,,,,,,,,
E1,mean class accuracy,Group (i); cheap,computed_from_official_log,naclip,ade847,20.16,,,,,,Proposal E1 supporting readout parsed as mAcc.,,,,,,,,,,,,,,,
E3,worst-class within target,Group (i),computed_from_official_log,naclip,ade847,0.0,,,,,,Proposal E3 worst-class diagnostic within each completed target.,,,,,,,,,,,,,,,
E4,inference time,standard cost reporting,computed_partial_from_official_log,naclip,ade847,1.9217,,,,,,Monitoring value from official log; final E4 still needs isolated reruns.,,,,,,,,,,,,,,,
E4,peak memory,standard cost reporting,pending_memory_log,naclip,ade847,,,,,,official memory field or nvidia-smi sampler,Peak memory field when present in official logs.,,,,,,,,,,,,,,,
E4,mIoU per second,Group (ii); novelty-supporting,computed_partial_from_official_log,naclip,ade847,3.127439246500494,,,,,,Proposal E4 normalized efficiency proxy; final paper value should use isolated E4.,,,,,,,,,,,,,,,
extra,zero-IoU class collapse rate,extra discovery,computed_from_official_log,naclip,ade847,0.36253041362530414,,822,298,,,Extra metric: fraction of classes with exactly zero IoU; useful for spotting hidden collapse.,,,,,,,,,,,,,,,
extra,class-IoU dispersion,extra discovery,computed_from_official_log,naclip,ade847,11.09881764719467,,,,,,Extra metric: per-class IoU spread; value column is standard deviation.,0.0,0.43,20.711999999999996,0.773947056989174,,,,,,,,,,,
extra,nonzero-class coverage,extra discovery,computed_from_official_log,naclip,ade847,0.6374695863746959,,822,298,,,Extra metric: fraction of classes with nonzero IoU.,,,,,,,,,,,,,,,
extra,artifact completeness,artifact readiness,ready,naclip,ade847,100.0,,,,,/data/tianyi/TF-OVCOS/runs/artifacts/official_predictions/naclip/ade847,Readiness check for proposal metrics requiring prediction label maps.,,,,,2000,2000,,,,,,,,,
E1,per-class IoU summary,Group (i); cheap,computed_from_official_log,naclip,coco_stuff164k,0.0,0.0,171,1,0.005847953216374269,,Proposal E1 per-class readout; value column is worst-class IoU.,,,,,,,,,,,,,,,
E1,pixel accuracy,Group (i); cheap,computed_from_official_log,naclip,coco_stuff164k,41.63,,,,,,Proposal E1 supporting readout parsed as aAcc.,,,,,,,,,,,,,,,
E1,mean class accuracy,Group (i); cheap,computed_from_official_log,naclip,coco_stuff164k,44.94,,,,,,Proposal E1 supporting readout parsed as mAcc.,,,,,,,,,,,,,,,
E3,worst-class within target,Group (i),computed_from_official_log,naclip,coco_stuff164k,0.0,,,,,,Proposal E3 worst-class diagnostic within each completed target.,,,,,,,,,,,,,,,
E4,inference time,standard cost reporting,computed_partial_from_official_log,naclip,coco_stuff164k,0.4071,,,,,,Monitoring value from official log; final E4 still needs isolated reruns.,,,,,,,,,,,,,,,
E4,peak memory,standard cost reporting,pending_memory_log,naclip,coco_stuff164k,,,,,,official memory field or nvidia-smi sampler,Peak memory field when present in official logs.,,,,,,,,,,,,,,,
E4,mIoU per second,Group (ii); novelty-supporting,computed_partial_from_official_log,naclip,coco_stuff164k,63.81724392041267,,,,,,Proposal E4 normalized efficiency proxy; final paper value should use isolated E4.,,,,,,,,,,,,,,,
extra,zero-IoU class collapse rate,extra discovery,computed_from_official_log,naclip,coco_stuff164k,0.005847953216374269,,171,1,,,Extra metric: fraction of classes with exactly zero IoU; useful for spotting hidden collapse.,,,,,,,,,,,,,,,
extra,class-IoU dispersion,extra discovery,computed_from_official_log,naclip,coco_stuff164k,20.405799266190876,,,,,,Extra metric: per-class IoU spread; value column is standard deviation.,2.35,22.94,55.16,0.43985276600254686,,,,,,,,,,,
extra,nonzero-class coverage,extra discovery,computed_from_official_log,naclip,coco_stuff164k,0.9941520467836258,,171,1,,,Extra metric: fraction of classes with nonzero IoU.,,,,,,,,,,,,,,,
extra,artifact completeness,artifact readiness,ready,naclip,coco_stuff164k,100.0,,,,,/data/tianyi/TF-OVCOS/runs/artifacts/official_predictions/naclip/coco_stuff164k,Readiness check for proposal metrics requiring prediction label maps.,,,,,5000,5000,,,,,,,,,
E1,per-class IoU summary,Group (i); cheap,computed_from_official_log,naclip,context459,0.0,0.0,459,177,0.38562091503267976,,Proposal E1 per-class readout; value column is worst-class IoU.,,,,,,,,,,,,,,,
E1,pixel accuracy,Group (i); cheap,computed_from_official_log,naclip,context459,47.03,,,,,,Proposal E1 supporting readout parsed as aAcc.,,,,,,,,,,,,,,,
E1,mean class accuracy,Group (i); cheap,computed_from_official_log,naclip,context459,29.43,,,,,,Proposal E1 supporting readout parsed as mAcc.,,,,,,,,,,,,,,,
E3,worst-class within target,Group (i),computed_from_official_log,naclip,context459,0.0,,,,,,Proposal E3 worst-class diagnostic within each completed target.,,,,,,,,,,,,,,,
E4,inference time,standard cost reporting,computed_partial_from_official_log,naclip,context459,0.8143,,,,,,Monitoring value from official log; final E4 still needs isolated reruns.,,,,,,,,,,,,,,,
E4,peak memory,standard cost reporting,pending_memory_log,naclip,context459,,,,,,official memory field or nvidia-smi sampler,Peak memory field when present in official logs.,,,,,,,,,,,,,,,
E4,mIoU per second,Group (ii); novelty-supporting,computed_partial_from_official_log,naclip,context459,9.566498833353801,,,,,,Proposal E4 normalized efficiency proxy; final paper value should use isolated E4.,,,,,,,,,,,,,,,
extra,zero-IoU class collapse rate,extra discovery,computed_from_official_log,naclip,context459,0.38562091503267976,,459,177,,,Extra metric: fraction of classes with exactly zero IoU; useful for spotting hidden collapse.,,,,,,,,,,,,,,,
extra,class-IoU dispersion,extra discovery,computed_from_official_log,naclip,context459,14.610538397957287,,,,,,Extra metric: per-class IoU spread; value column is standard deviation.,0.0,0.63,24.589999999999996,0.7718626054586146,,,,,,,,,,,
extra,nonzero-class coverage,extra discovery,computed_from_official_log,naclip,context459,0.6143790849673203,,459,177,,,Extra metric: fraction of classes with nonzero IoU.,,,,,,,,,,,,,,,
extra,artifact completeness,artifact readiness,ready,naclip,context459,100.0,,,,,/data/tianyi/TF-OVCOS/runs/artifacts/official_predictions/naclip/context459,Readiness check for proposal metrics requiring prediction label maps.,,,,,5105,5105,,,,,,,,,
E1,per-class IoU summary,Group (i); cheap,computed_from_official_log,naclip,context59,4.06,4.06,59,0,0.0,,Proposal E1 per-class readout; value column is worst-class IoU.,,,,,,,,,,,,,,,
E1,pixel accuracy,Group (i); cheap,computed_from_official_log,naclip,context59,62.28,,,,,,Proposal E1 supporting readout parsed as aAcc.,,,,,,,,,,,,,,,
E1,mean class accuracy,Group (i); cheap,computed_from_official_log,naclip,context59,59.13,,,,,,Proposal E1 supporting readout parsed as mAcc.,,,,,,,,,,,,,,,
E3,worst-class within target,Group (i),computed_from_official_log,naclip,context59,4.06,,,,,,Proposal E3 worst-class diagnostic within each completed target.,,,,,,,,,,,,,,,
E4,inference time,standard cost reporting,computed_partial_from_official_log,naclip,context59,0.1373,,,,,,Monitoring value from official log; final E4 still needs isolated reruns.,,,,,,,,,,,,,,,
E4,peak memory,standard cost reporting,pending_memory_log,naclip,context59,,,,,,official memory field or nvidia-smi sampler,Peak memory field when present in official logs.,,,,,,,,,,,,,,,
E4,mIoU per second,Group (ii); novelty-supporting,computed_partial_from_official_log,naclip,context59,279.38820101966496,,,,,,Proposal E4 normalized efficiency proxy; final paper value should use isolated E4.,,,,,,,,,,,,,,,
extra,zero-IoU class collapse rate,extra discovery,computed_from_official_log,naclip,context59,0.0,,59,0,,,Extra metric: fraction of classes with exactly zero IoU; useful for spotting hidden collapse.,,,,,,,,,,,,,,,
extra,class-IoU dispersion,extra discovery,computed_from_official_log,naclip,context59,24.323530893516196,,,,,,Extra metric: per-class IoU spread; value column is standard deviation.,11.618000000000002,32.77,73.16,0.3601228501430922,,,,,,,,,,,
extra,nonzero-class coverage,extra discovery,computed_from_official_log,naclip,context59,1.0,,59,0,,,Extra metric: fraction of classes with nonzero IoU.,,,,,,,,,,,,,,,
extra,artifact completeness,artifact readiness,ready,naclip,context59,100.0,,,,,/data/tianyi/TF-OVCOS/runs/artifacts/official_predictions/naclip/context59,Readiness check for proposal metrics requiring prediction label maps.,,,,,5105,5105,,,,,,,,,
E1,per-class IoU summary,Group (i); cheap,computed_from_official_log,naclip,voc20,47.18,47.18,20,0,0.0,,Proposal E1 per-class readout; value column is worst-class IoU.,,,,,,,,,,,,,,,
E1,pixel accuracy,Group (i); cheap,computed_from_official_log,naclip,voc20,91.25,,,,,,Proposal E1 supporting readout parsed as aAcc.,,,,,,,,,,,,,,,
E1,mean class accuracy,Group (i); cheap,computed_from_official_log,naclip,voc20,90.79,,,,,,Proposal E1 supporting readout parsed as mAcc.,,,,,,,,,,,,,,,
E3,worst-class within target,Group (i),computed_from_official_log,naclip,voc20,47.18,,,,,,Proposal E3 worst-class diagnostic within each completed target.,,,,,,,,,,,,,,,
E4,inference time,standard cost reporting,computed_partial_from_official_log,naclip,voc20,0.0956,,,,,,Monitoring value from official log; final E4 still needs isolated reruns.,,,,,,,,,,,,,,,
E4,peak memory,standard cost reporting,pending_memory_log,naclip,voc20,,,,,,official memory field or nvidia-smi sampler,Peak memory field when present in official logs.,,,,,,,,,,,,,,,
E4,mIoU per second,Group (ii); novelty-supporting,computed_partial_from_official_log,naclip,voc20,868.5146443514644,,,,,,Proposal E4 normalized efficiency proxy; final paper value should use isolated E4.,,,,,,,,,,,,,,,
extra,zero-IoU class collapse rate,extra discovery,computed_from_official_log,naclip,voc20,0.0,,20,0,,,Extra metric: fraction of classes with exactly zero IoU; useful for spotting hidden collapse.,,,,,,,,,,,,,,,
extra,class-IoU dispersion,extra discovery,computed_from_official_log,naclip,voc20,11.774645684690475,,,,,,Extra metric: per-class IoU spread; value column is standard deviation.,67.448,87.5,92.877,0.07134486371903104,,,,,,,,,,,
extra,nonzero-class coverage,extra discovery,computed_from_official_log,naclip,voc20,1.0,,20,0,,,Extra metric: fraction of classes with nonzero IoU.,,,,,,,,,,,,,,,
extra,artifact completeness,artifact readiness,ready,naclip,voc20,100.0,,,,,/data/tianyi/TF-OVCOS/runs/artifacts/official_predictions/naclip/voc20,Readiness check for proposal metrics requiring prediction label maps.,,,,,1449,1449,,,,,,,,,
E1,per-class IoU summary,Group (i); cheap,computed_from_official_log,ovdiff,voc20,22.90375255763837,22.90375255763837,20,0,0.0,,Proposal E1 per-class readout; value column is worst-class IoU.,,,,,,,,,,,,,,,
E1,pixel accuracy,Group (i); cheap,pending_log_summary,ovdiff,voc20,,,,,,official mmseg aAcc,Proposal E1 supporting readout parsed as aAcc.,,,,,,,,,,,,,,,
E1,mean class accuracy,Group (i); cheap,pending_log_summary,ovdiff,voc20,,,,,,official mmseg mAcc,Proposal E1 supporting readout parsed as mAcc.,,,,,,,,,,,,,,,
E3,worst-class within target,Group (i),computed_from_official_log,ovdiff,voc20,22.90375255763837,,,,,,Proposal E3 worst-class diagnostic within each completed target.,,,,,,,,,,,,,,,
E4,inference time,standard cost reporting,pending_e4_log,ovdiff,voc20,,,,,,official timing log,Monitoring value from official log; final E4 still needs isolated reruns.,,,,,,,,,,,,,,,
E4,peak memory,standard cost reporting,pending_memory_log,ovdiff,voc20,,,,,,official memory field or nvidia-smi sampler,Peak memory field when present in official logs.,,,,,,,,,,,,,,,
E4,mIoU per second,Group (ii); novelty-supporting,pending_e4_log,ovdiff,voc20,,,,,,official timing log,Proposal E4 normalized efficiency proxy; final paper value should use isolated E4.,,,,,,,,,,,,,,,
extra,zero-IoU class collapse rate,extra discovery,computed_from_official_log,ovdiff,voc20,0.0,,20,0,,,Extra metric: fraction of classes with exactly zero IoU; useful for spotting hidden collapse.,,,,,,,,,,,,,,,
extra,class-IoU dispersion,extra discovery,computed_from_official_log,ovdiff,voc20,20.60706220221582,,,,,,Extra metric: per-class IoU spread; value column is standard deviation.,33.60853739808572,68.9840926912295,85.00120288533853,0.17558205299963148,,,,,,,,,,,
extra,nonzero-class coverage,extra discovery,computed_from_official_log,ovdiff,voc20,1.0,,20,0,,,Extra metric: fraction of classes with nonzero IoU.,,,,,,,,,,,,,,,
extra,artifact completeness,artifact readiness,missing,ovdiff,voc20,0.0,,,,,/data/tianyi/TF-OVCOS/runs/artifacts/official_predictions/ovdiff/voc20,Readiness check for proposal metrics requiring prediction label maps.,,,,,0,1449,,,,,,,,,
E1,per-class IoU summary,Group (i); cheap,computed_from_official_log,proxyclip,ade20k,0.0,0.0,150,8,0.05333333333333334,,Proposal E1 per-class readout; value column is worst-class IoU.,,,,,,,,,,,,,,,
E1,pixel accuracy,Group (i); cheap,computed_from_official_log,proxyclip,ade20k,46.8,,,,,,Proposal E1 supporting readout parsed as aAcc.,,,,,,,,,,,,,,,
E1,mean class accuracy,Group (i); cheap,computed_from_official_log,proxyclip,ade20k,41.18,,,,,,Proposal E1 supporting readout parsed as mAcc.,,,,,,,,,,,,,,,
E3,worst-class within target,Group (i),computed_from_official_log,proxyclip,ade20k,0.0,,,,,,Proposal E3 worst-class diagnostic within each completed target.,,,,,,,,,,,,,,,
E4,inference time,standard cost reporting,computed_partial_from_official_log,proxyclip,ade20k,0.0568,,,,,,Monitoring value from official log; final E4 still needs isolated reruns.,,,,,,,,,,,,,,,
E4,peak memory,standard cost reporting,pending_memory_log,proxyclip,ade20k,,,,,,official memory field or nvidia-smi sampler,Peak memory field when present in official logs.,,,,,,,,,,,,,,,
E4,mIoU per second,Group (ii); novelty-supporting,computed_partial_from_official_log,proxyclip,ade20k,344.8943661971831,,,,,,Proposal E4 normalized efficiency proxy; final paper value should use isolated E4.,,,,,,,,,,,,,,,
extra,zero-IoU class collapse rate,extra discovery,computed_from_official_log,proxyclip,ade20k,0.05333333333333334,,150,8,,,Extra metric: fraction of classes with exactly zero IoU; useful for spotting hidden collapse.,,,,,,,,,,,,,,,
extra,class-IoU dispersion,extra discovery,computed_from_official_log,proxyclip,ade20k,16.339220882281996,,,,,,Extra metric: per-class IoU spread; value column is standard deviation.,0.7130000000000001,16.25,43.321,0.45560307151901336,,,,,,,,,,,
extra,nonzero-class coverage,extra discovery,computed_from_official_log,proxyclip,ade20k,0.9466666666666667,,150,8,,,Extra metric: fraction of classes with nonzero IoU.,,,,,,,,,,,,,,,
extra,artifact completeness,artifact readiness,ready,proxyclip,ade20k,100.0,,,,,/data/tianyi/TF-OVCOS/runs/artifacts/official_predictions/proxyclip/ade20k,Readiness check for proposal metrics requiring prediction label maps.,,,,,2000,2000,,,,,,,,,
E1,per-class IoU summary,Group (i); cheap,computed_from_official_log,proxyclip,ade847,0.0,0.0,840,353,0.42023809523809524,,Proposal E1 per-class readout; value column is worst-class IoU.,,,,,,,,,,,,,,,
E1,pixel accuracy,Group (i); cheap,computed_from_official_log,proxyclip,ade847,34.86,,,,,,Proposal E1 supporting readout parsed as aAcc.,,,,,,,,,,,,,,,
E1,mean class accuracy,Group (i); cheap,computed_from_official_log,proxyclip,ade847,21.23,,,,,,Proposal E1 supporting readout parsed as mAcc.,,,,,,,,,,,,,,,
E3,worst-class within target,Group (i),computed_from_official_log,proxyclip,ade847,0.0,,,,,,Proposal E3 worst-class diagnostic within each completed target.,,,,,,,,,,,,,,,
E4,inference time,standard cost reporting,computed_partial_from_official_log,proxyclip,ade847,0.3546,,,,,,Monitoring value from official log; final E4 still needs isolated reruns.,,,,,,,,,,,,,,,
E4,peak memory,standard cost reporting,pending_memory_log,proxyclip,ade847,,,,,,official memory field or nvidia-smi sampler,Peak memory field when present in official logs.,,,,,,,,,,,,,,,
E4,mIoU per second,Group (ii); novelty-supporting,computed_partial_from_official_log,proxyclip,ade847,19.4585448392555,,,,,,Proposal E4 normalized efficiency proxy; final paper value should use isolated E4.,,,,,,,,,,,,,,,
extra,zero-IoU class collapse rate,extra discovery,computed_from_official_log,proxyclip,ade847,0.42023809523809524,,840,353,,,Extra metric: fraction of classes with exactly zero IoU; useful for spotting hidden collapse.,,,,,,,,,,,,,,,
extra,class-IoU dispersion,extra discovery,computed_from_official_log,proxyclip,ade847,13.495138920204617,,,,,,Extra metric: per-class IoU spread; value column is standard deviation.,0.0,0.235,26.227000000000007,0.7946905973219678,,,,,,,,,,,
extra,nonzero-class coverage,extra discovery,computed_from_official_log,proxyclip,ade847,0.5797619047619047,,840,353,,,Extra metric: fraction of classes with nonzero IoU.,,,,,,,,,,,,,,,
extra,artifact completeness,artifact readiness,ready,proxyclip,ade847,100.0,,,,,/data/tianyi/TF-OVCOS/runs/artifacts/official_predictions/proxyclip/ade847,Readiness check for proposal metrics requiring prediction label maps.,,,,,2000,2000,,,,,,,,,
E1,per-class IoU summary,Group (i); cheap,computed_from_official_log,proxyclip,coco_stuff164k,0.0,0.0,171,2,0.011695906432748537,,Proposal E1 per-class readout; value column is worst-class IoU.,,,,,,,,,,,,,,,
E1,pixel accuracy,Group (i); cheap,computed_from_official_log,proxyclip,coco_stuff164k,42.96,,,,,,Proposal E1 supporting readout parsed as aAcc.,,,,,,,,,,,,,,,
E1,mean class accuracy,Group (i); cheap,computed_from_official_log,proxyclip,coco_stuff164k,47.55,,,,,,Proposal E1 supporting readout parsed as mAcc.,,,,,,,,,,,,,,,
E3,worst-class within target,Group (i),computed_from_official_log,proxyclip,coco_stuff164k,0.0,,,,,,Proposal E3 worst-class diagnostic within each completed target.,,,,,,,,,,,,,,,
E4,inference time,standard cost reporting,computed_partial_from_official_log,proxyclip,coco_stuff164k,0.0753,,,,,,Monitoring value from official log; final E4 still needs isolated reruns.,,,,,,,,,,,,,,,
E4,peak memory,standard cost reporting,pending_memory_log,proxyclip,coco_stuff164k,,,,,,official memory field or nvidia-smi sampler,Peak memory field when present in official logs.,,,,,,,,,,,,,,,
E4,mIoU per second,Group (ii); novelty-supporting,computed_partial_from_official_log,proxyclip,coco_stuff164k,354.31606905710487,,,,,,Proposal E4 normalized efficiency proxy; final paper value should use isolated E4.,,,,,,,,,,,,,,,
extra,zero-IoU class collapse rate,extra discovery,computed_from_official_log,proxyclip,coco_stuff164k,0.011695906432748537,,171,2,,,Extra metric: fraction of classes with exactly zero IoU; useful for spotting hidden collapse.,,,,,,,,,,,,,,,
extra,class-IoU dispersion,extra discovery,computed_from_official_log,proxyclip,coco_stuff164k,20.794170013797213,,,,,,Extra metric: per-class IoU spread; value column is standard deviation.,2.05,24.25,57.78,0.43656342575760987,,,,,,,,,,,
extra,nonzero-class coverage,extra discovery,computed_from_official_log,proxyclip,coco_stuff164k,0.9883040935672515,,171,2,,,Extra metric: fraction of classes with nonzero IoU.,,,,,,,,,,,,,,,
extra,artifact completeness,artifact readiness,ready,proxyclip,coco_stuff164k,100.0,,,,,/data/tianyi/TF-OVCOS/runs/artifacts/official_predictions/proxyclip/coco_stuff164k,Readiness check for proposal metrics requiring prediction label maps.,,,,,5000,5000,,,,,,,,,
E1,per-class IoU summary,Group (i); cheap,computed_from_official_log,proxyclip,context459,0.0,0.0,458,194,0.42358078602620086,,Proposal E1 per-class readout; value column is worst-class IoU.,,,,,,,,,,,,,,,
E1,pixel accuracy,Group (i); cheap,computed_from_official_log,proxyclip,context459,48.15,,,,,,Proposal E1 supporting readout parsed as aAcc.,,,,,,,,,,,,,,,
E1,mean class accuracy,Group (i); cheap,computed_from_official_log,proxyclip,context459,34.25,,,,,,Proposal E1 supporting readout parsed as mAcc.,,,,,,,,,,,,,,,
E3,worst-class within target,Group (i),computed_from_official_log,proxyclip,context459,0.0,,,,,,Proposal E3 worst-class diagnostic within each completed target.,,,,,,,,,,,,,,,
E4,inference time,standard cost reporting,computed_partial_from_official_log,proxyclip,context459,0.3974,,,,,,Monitoring value from official log; final E4 still needs isolated reruns.,,,,,,,,,,,,,,,
E4,peak memory,standard cost reporting,pending_memory_log,proxyclip,context459,,,,,,official memory field or nvidia-smi sampler,Peak memory field when present in official logs.,,,,,,,,,,,,,,,
E4,mIoU per second,Group (ii); novelty-supporting,computed_partial_from_official_log,proxyclip,context459,21.162556618017113,,,,,,Proposal E4 normalized efficiency proxy; final paper value should use isolated E4.,,,,,,,,,,,,,,,
extra,zero-IoU class collapse rate,extra discovery,computed_from_official_log,proxyclip,context459,0.42358078602620086,,458,194,,,Extra metric: fraction of classes with exactly zero IoU; useful for spotting hidden collapse.,,,,,,,,,,,,,,,
extra,class-IoU dispersion,extra discovery,computed_from_official_log,proxyclip,context459,15.545310229478142,,,,,,Extra metric: per-class IoU spread; value column is standard deviation.,0.0,0.39,27.830000000000002,0.7741250973902452,,,,,,,,,,,
extra,nonzero-class coverage,extra discovery,computed_from_official_log,proxyclip,context459,0.5764192139737991,,458,194,,,Extra metric: fraction of classes with nonzero IoU.,,,,,,,,,,,,,,,
extra,artifact completeness,artifact readiness,ready,proxyclip,context459,100.0,,,,,/data/tianyi/TF-OVCOS/runs/artifacts/official_predictions/proxyclip/context459,Readiness check for proposal metrics requiring prediction label maps.,,,,,5105,5105,,,,,,,,,
E1,per-class IoU summary,Group (i); cheap,computed_from_official_log,proxyclip,context59,3.62,3.62,59,0,0.0,,Proposal E1 per-class readout; value column is worst-class IoU.,,,,,,,,,,,,,,,
E1,pixel accuracy,Group (i); cheap,computed_from_official_log,proxyclip,context59,62.85,,,,,,Proposal E1 supporting readout parsed as aAcc.,,,,,,,,,,,,,,,
E1,mean class accuracy,Group (i); cheap,computed_from_official_log,proxyclip,context59,61.81,,,,,,Proposal E1 supporting readout parsed as mAcc.,,,,,,,,,,,,,,,
E3,worst-class within target,Group (i),computed_from_official_log,proxyclip,context59,3.62,,,,,,Proposal E3 worst-class diagnostic within each completed target.,,,,,,,,,,,,,,,
E4,inference time,standard cost reporting,computed_partial_from_official_log,proxyclip,context59,0.0658,,,,,,Monitoring value from official log; final E4 still needs isolated reruns.,,,,,,,,,,,,,,,
E4,peak memory,standard cost reporting,pending_memory_log,proxyclip,context59,,,,,,official memory field or nvidia-smi sampler,Peak memory field when present in official logs.,,,,,,,,,,,,,,,
E4,mIoU per second,Group (ii); novelty-supporting,computed_partial_from_official_log,proxyclip,context59,597.4164133738602,,,,,,Proposal E4 normalized efficiency proxy; final paper value should use isolated E4.,,,,,,,,,,,,,,,
extra,zero-IoU class collapse rate,extra discovery,computed_from_official_log,proxyclip,context59,0.0,,59,0,,,Extra metric: fraction of classes with exactly zero IoU; useful for spotting hidden collapse.,,,,,,,,,,,,,,,
extra,class-IoU dispersion,extra discovery,computed_from_official_log,proxyclip,context59,24.489659499620533,,,,,,Extra metric: per-class IoU spread; value column is standard deviation.,9.754000000000001,34.45,74.506,0.3557187578713059,,,,,,,,,,,
extra,nonzero-class coverage,extra discovery,computed_from_official_log,proxyclip,context59,1.0,,59,0,,,Extra metric: fraction of classes with nonzero IoU.,,,,,,,,,,,,,,,
extra,artifact completeness,artifact readiness,ready,proxyclip,context59,100.0,,,,,/data/tianyi/TF-OVCOS/runs/artifacts/official_predictions/proxyclip/context59,Readiness check for proposal metrics requiring prediction label maps.,,,,,5105,5105,,,,,,,,,
E1,per-class IoU summary,Group (i); cheap,computed_from_official_log,proxyclip,voc20,41.76,41.76,20,0,0.0,,Proposal E1 per-class readout; value column is worst-class IoU.,,,,,,,,,,,,,,,
E1,pixel accuracy,Group (i); cheap,computed_from_official_log,proxyclip,voc20,89.06,,,,,,Proposal E1 supporting readout parsed as aAcc.,,,,,,,,,,,,,,,
E1,mean class accuracy,Group (i); cheap,computed_from_official_log,proxyclip,voc20,90.0,,,,,,Proposal E1 supporting readout parsed as mAcc.,,,,,,,,,,,,,,,
E3,worst-class within target,Group (i),computed_from_official_log,proxyclip,voc20,41.76,,,,,,Proposal E3 worst-class diagnostic within each completed target.,,,,,,,,,,,,,,,
E4,inference time,standard cost reporting,computed_partial_from_official_log,proxyclip,voc20,0.0569,,,,,,Monitoring value from official log; final E4 still needs isolated reruns.,,,,,,,,,,,,,,,
E4,peak memory,standard cost reporting,pending_memory_log,proxyclip,voc20,,,,,,official memory field or nvidia-smi sampler,Peak memory field when present in official logs.,,,,,,,,,,,,,,,
E4,mIoU per second,Group (ii); novelty-supporting,computed_partial_from_official_log,proxyclip,voc20,1411.7750439367312,,,,,,Proposal E4 normalized efficiency proxy; final paper value should use isolated E4.,,,,,,,,,,,,,,,
extra,zero-IoU class collapse rate,extra discovery,computed_from_official_log,proxyclip,voc20,0.0,,20,0,,,Extra metric: fraction of classes with exactly zero IoU; useful for spotting hidden collapse.,,,,,,,,,,,,,,,
extra,class-IoU dispersion,extra discovery,computed_from_official_log,proxyclip,voc20,14.783314073643973,,,,,,Extra metric: per-class IoU spread; value column is standard deviation.,62.159,84.995,94.155,0.09862513225866643,,,,,,,,,,,
extra,nonzero-class coverage,extra discovery,computed_from_official_log,proxyclip,voc20,1.0,,20,0,,,Extra metric: fraction of classes with nonzero IoU.,,,,,,,,,,,,,,,
extra,artifact completeness,artifact readiness,ready,proxyclip,voc20,100.0,,,,,/data/tianyi/TF-OVCOS/runs/artifacts/official_predictions/proxyclip/voc20,Readiness check for proposal metrics requiring prediction label maps.,,,,,1449,1449,,,,,,,,,
E1,per-class IoU summary,Group (i); cheap,computed_from_official_log,resclip,ade20k,0.0,0.0,150,7,0.04666666666666667,,Proposal E1 per-class readout; value column is worst-class IoU.,,,,,,,,,,,,,,,
E1,pixel accuracy,Group (i); cheap,computed_from_official_log,resclip,ade20k,45.13,,,,,,Proposal E1 supporting readout parsed as aAcc.,,,,,,,,,,,,,,,
E1,mean class accuracy,Group (i); cheap,computed_from_official_log,resclip,ade20k,40.33,,,,,,Proposal E1 supporting readout parsed as mAcc.,,,,,,,,,,,,,,,
E3,worst-class within target,Group (i),computed_from_official_log,resclip,ade20k,0.0,,,,,,Proposal E3 worst-class diagnostic within each completed target.,,,,,,,,,,,,,,,
E4,inference time,standard cost reporting,computed_partial_from_official_log,resclip,ade20k,0.2791,,,,,,Monitoring value from official log; final E4 still needs isolated reruns.,,,,,,,,,,,,,,,
E4,peak memory,standard cost reporting,pending_memory_log,resclip,ade20k,,,,,,official memory field or nvidia-smi sampler,Peak memory field when present in official logs.,,,,,,,,,,,,,,,
E4,mIoU per second,Group (ii); novelty-supporting,computed_partial_from_official_log,resclip,ade20k,64.74381941956288,,,,,,Proposal E4 normalized efficiency proxy; final paper value should use isolated E4.,,,,,,,,,,,,,,,
extra,zero-IoU class collapse rate,extra discovery,computed_from_official_log,resclip,ade20k,0.04666666666666667,,150,7,,,Extra metric: fraction of classes with exactly zero IoU; useful for spotting hidden collapse.,,,,,,,,,,,,,,,
extra,class-IoU dispersion,extra discovery,computed_from_official_log,resclip,ade20k,14.968744563107338,,,,,,Extra metric: per-class IoU spread; value column is standard deviation.,0.6270000000000001,15.100000000000001,40.370000000000005,0.4537563576621517,,,,,,,,,,,
extra,nonzero-class coverage,extra discovery,computed_from_official_log,resclip,ade20k,0.9533333333333334,,150,7,,,Extra metric: fraction of classes with nonzero IoU.,,,,,,,,,,,,,,,
extra,artifact completeness,artifact readiness,ready,resclip,ade20k,100.0,,,,,/data/tianyi/TF-OVCOS/runs/artifacts/official_predictions/resclip/ade20k,Readiness check for proposal metrics requiring prediction label maps.,,,,,2000,2000,,,,,,,,,
E1,per-class IoU summary,Group (i); cheap,computed_from_official_log,resclip,ade847,0.0,0.0,820,321,0.39146341463414636,,Proposal E1 per-class readout; value column is worst-class IoU.,,,,,,,,,,,,,,,
E1,pixel accuracy,Group (i); cheap,computed_from_official_log,resclip,ade847,33.66,,,,,,Proposal E1 supporting readout parsed as aAcc.,,,,,,,,,,,,,,,
E1,mean class accuracy,Group (i); cheap,computed_from_official_log,resclip,ade847,21.43,,,,,,Proposal E1 supporting readout parsed as mAcc.,,,,,,,,,,,,,,,
E3,worst-class within target,Group (i),computed_from_official_log,resclip,ade847,0.0,,,,,,Proposal E3 worst-class diagnostic within each completed target.,,,,,,,,,,,,,,,
E4,inference time,standard cost reporting,computed_partial_from_official_log,resclip,ade847,4.4533,,,,,,Monitoring value from official log; final E4 still needs isolated reruns.,,,,,,,,,,,,,,,
E4,peak memory,standard cost reporting,pending_memory_log,resclip,ade847,,,,,,official memory field or nvidia-smi sampler,Peak memory field when present in official logs.,,,,,,,,,,,,,,,
E4,mIoU per second,Group (ii); novelty-supporting,computed_partial_from_official_log,resclip,ade847,1.4573462376215394,,,,,,Proposal E4 normalized efficiency proxy; final paper value should use isolated E4.,,,,,,,,,,,,,,,
extra,zero-IoU class collapse rate,extra discovery,computed_from_official_log,resclip,ade847,0.39146341463414636,,820,321,,,Extra metric: fraction of classes with exactly zero IoU; useful for spotting hidden collapse.,,,,,,,,,,,,,,,
extra,class-IoU dispersion,extra discovery,computed_from_official_log,resclip,ade847,12.293181142361082,,,,,,Extra metric: per-class IoU spread; value column is standard deviation.,0.0,0.395,22.648000000000007,0.7813035511006146,,,,,,,,,,,
extra,nonzero-class coverage,extra discovery,computed_from_official_log,resclip,ade847,0.6085365853658536,,820,321,,,Extra metric: fraction of classes with nonzero IoU.,,,,,,,,,,,,,,,
extra,artifact completeness,artifact readiness,ready,resclip,ade847,100.0,,,,,/data/tianyi/TF-OVCOS/runs/artifacts/official_predictions/resclip/ade847,Readiness check for proposal metrics requiring prediction label maps.,,,,,2000,2000,,,,,,,,,
E1,per-class IoU summary,Group (i); cheap,computed_from_official_log,resclip,coco_stuff164k,0.0,0.0,171,2,0.011695906432748537,,Proposal E1 per-class readout; value column is worst-class IoU.,,,,,,,,,,,,,,,
E1,pixel accuracy,Group (i); cheap,computed_from_official_log,resclip,coco_stuff164k,40.2,,,,,,Proposal E1 supporting readout parsed as aAcc.,,,,,,,,,,,,,,,
E1,mean class accuracy,Group (i); cheap,computed_from_official_log,resclip,coco_stuff164k,44.0,,,,,,Proposal E1 supporting readout parsed as mAcc.,,,,,,,,,,,,,,,
E3,worst-class within target,Group (i),computed_from_official_log,resclip,coco_stuff164k,0.0,,,,,,Proposal E3 worst-class diagnostic within each completed target.,,,,,,,,,,,,,,,
E4,inference time,standard cost reporting,computed_partial_from_official_log,resclip,coco_stuff164k,0.3497,,,,,,Monitoring value from official log; final E4 still needs isolated reruns.,,,,,,,,,,,,,,,
E4,peak memory,standard cost reporting,pending_memory_log,resclip,coco_stuff164k,,,,,,official memory field or nvidia-smi sampler,Peak memory field when present in official logs.,,,,,,,,,,,,,,,
E4,mIoU per second,Group (ii); novelty-supporting,computed_partial_from_official_log,resclip,coco_stuff164k,67.4578209894195,,,,,,Proposal E4 normalized efficiency proxy; final paper value should use isolated E4.,,,,,,,,,,,,,,,
extra,zero-IoU class collapse rate,extra discovery,computed_from_official_log,resclip,coco_stuff164k,0.011695906432748537,,171,2,,,Extra metric: fraction of classes with exactly zero IoU; useful for spotting hidden collapse.,,,,,,,,,,,,,,,
extra,class-IoU dispersion,extra discovery,computed_from_official_log,resclip,coco_stuff164k,18.45955045542314,,,,,,Extra metric: per-class IoU spread; value column is standard deviation.,2.46,21.85,50.27,0.4385618393969115,,,,,,,,,,,
extra,nonzero-class coverage,extra discovery,computed_from_official_log,resclip,coco_stuff164k,0.9883040935672515,,171,2,,,Extra metric: fraction of classes with nonzero IoU.,,,,,,,,,,,,,,,
extra,artifact completeness,artifact readiness,ready,resclip,coco_stuff164k,100.0,,,,,/data/tianyi/TF-OVCOS/runs/artifacts/official_predictions/resclip/coco_stuff164k,Readiness check for proposal metrics requiring prediction label maps.,,,,,5000,5000,,,,,,,,,
E1,per-class IoU summary,Group (i); cheap,computed_from_official_log,resclip,context459,0.0,0.0,459,181,0.39433551198257083,,Proposal E1 per-class readout; value column is worst-class IoU.,,,,,,,,,,,,,,,
E1,pixel accuracy,Group (i); cheap,computed_from_official_log,resclip,context459,45.33,,,,,,Proposal E1 supporting readout parsed as aAcc.,,,,,,,,,,,,,,,
E1,mean class accuracy,Group (i); cheap,computed_from_official_log,resclip,context459,32.79,,,,,,Proposal E1 supporting readout parsed as mAcc.,,,,,,,,,,,,,,,
E3,worst-class within target,Group (i),computed_from_official_log,resclip,context459,0.0,,,,,,Proposal E3 worst-class diagnostic within each completed target.,,,,,,,,,,,,,,,
E4,inference time,standard cost reporting,computed_partial_from_official_log,resclip,context459,2.2704,,,,,,Monitoring value from official log; final E4 still needs isolated reruns.,,,,,,,,,,,,,,,
E4,peak memory,standard cost reporting,pending_memory_log,resclip,context459,,,,,,official memory field or nvidia-smi sampler,Peak memory field when present in official logs.,,,,,,,,,,,,,,,
E4,mIoU per second,Group (ii); novelty-supporting,computed_partial_from_official_log,resclip,context459,3.3914728682170545,,,,,,Proposal E4 normalized efficiency proxy; final paper value should use isolated E4.,,,,,,,,,,,,,,,
extra,zero-IoU class collapse rate,extra discovery,computed_from_official_log,resclip,context459,0.39433551198257083,,459,181,,,Extra metric: fraction of classes with exactly zero IoU; useful for spotting hidden collapse.,,,,,,,,,,,,,,,
extra,class-IoU dispersion,extra discovery,computed_from_official_log,resclip,context459,14.229752113493788,,,,,,Extra metric: per-class IoU spread; value column is standard deviation.,0.0,0.66,23.303999999999988,0.7675660250221257,,,,,,,,,,,
extra,nonzero-class coverage,extra discovery,computed_from_official_log,resclip,context459,0.6056644880174291,,459,181,,,Extra metric: fraction of classes with nonzero IoU.,,,,,,,,,,,,,,,
extra,artifact completeness,artifact readiness,ready,resclip,context459,100.0,,,,,/data/tianyi/TF-OVCOS/runs/artifacts/official_predictions/resclip/context459,Readiness check for proposal metrics requiring prediction label maps.,,,,,5105,5105,,,,,,,,,
E1,per-class IoU summary,Group (i); cheap,computed_from_official_log,resclip,context59,5.42,5.42,59,0,0.0,,Proposal E1 per-class readout; value column is worst-class IoU.,,,,,,,,,,,,,,,
E1,pixel accuracy,Group (i); cheap,computed_from_official_log,resclip,context59,60.31,,,,,,Proposal E1 supporting readout parsed as aAcc.,,,,,,,,,,,,,,,
E1,mean class accuracy,Group (i); cheap,computed_from_official_log,resclip,context59,60.26,,,,,,Proposal E1 supporting readout parsed as mAcc.,,,,,,,,,,,,,,,
E3,worst-class within target,Group (i),computed_from_official_log,resclip,context59,5.42,,,,,,Proposal E3 worst-class diagnostic within each completed target.,,,,,,,,,,,,,,,
E4,inference time,standard cost reporting,computed_partial_from_official_log,resclip,context59,0.1616,,,,,,Monitoring value from official log; final E4 still needs isolated reruns.,,,,,,,,,,,,,,,
E4,peak memory,standard cost reporting,pending_memory_log,resclip,context59,,,,,,official memory field or nvidia-smi sampler,Peak memory field when present in official logs.,,,,,,,,,,,,,,,
E4,mIoU per second,Group (ii); novelty-supporting,computed_partial_from_official_log,resclip,context59,228.0321782178218,,,,,,Proposal E4 normalized efficiency proxy; final paper value should use isolated E4.,,,,,,,,,,,,,,,
extra,zero-IoU class collapse rate,extra discovery,computed_from_official_log,resclip,context59,0.0,,59,0,,,Extra metric: fraction of classes with exactly zero IoU; useful for spotting hidden collapse.,,,,,,,,,,,,,,,
extra,class-IoU dispersion,extra discovery,computed_from_official_log,resclip,context59,22.883573642684286,,,,,,Extra metric: per-class IoU spread; value column is standard deviation.,10.040000000000001,31.4,69.472,0.3533274118643601,,,,,,,,,,,
extra,nonzero-class coverage,extra discovery,computed_from_official_log,resclip,context59,1.0,,59,0,,,Extra metric: fraction of classes with nonzero IoU.,,,,,,,,,,,,,,,
extra,artifact completeness,artifact readiness,ready,resclip,context59,100.0,,,,,/data/tianyi/TF-OVCOS/runs/artifacts/official_predictions/resclip/context59,Readiness check for proposal metrics requiring prediction label maps.,,,,,5105,5105,,,,,,,,,
E1,per-class IoU summary,Group (i); cheap,computed_from_official_log,resclip,voc20,41.77,41.77,20,0,0.0,,Proposal E1 per-class readout; value column is worst-class IoU.,,,,,,,,,,,,,,,
E1,pixel accuracy,Group (i); cheap,computed_from_official_log,resclip,voc20,91.49,,,,,,Proposal E1 supporting readout parsed as aAcc.,,,,,,,,,,,,,,,
E1,mean class accuracy,Group (i); cheap,computed_from_official_log,resclip,voc20,90.99,,,,,,Proposal E1 supporting readout parsed as mAcc.,,,,,,,,,,,,,,,
E3,worst-class within target,Group (i),computed_from_official_log,resclip,voc20,41.77,,,,,,Proposal E3 worst-class diagnostic within each completed target.,,,,,,,,,,,,,,,
E4,inference time,standard cost reporting,computed_partial_from_official_log,resclip,voc20,0.1191,,,,,,Monitoring value from official log; final E4 still needs isolated reruns.,,,,,,,,,,,,,,,
E4,peak memory,standard cost reporting,pending_memory_log,resclip,voc20,,,,,,official memory field or nvidia-smi sampler,Peak memory field when present in official logs.,,,,,,,,,,,,,,,
E4,mIoU per second,Group (ii); novelty-supporting,computed_partial_from_official_log,resclip,voc20,691.0999160369438,,,,,,Proposal E4 normalized efficiency proxy; final paper value should use isolated E4.,,,,,,,,,,,,,,,
extra,zero-IoU class collapse rate,extra discovery,computed_from_official_log,resclip,voc20,0.0,,20,0,,,Extra metric: fraction of classes with exactly zero IoU; useful for spotting hidden collapse.,,,,,,,,,,,,,,,
extra,class-IoU dispersion,extra discovery,computed_from_official_log,resclip,voc20,12.763145811280227,,,,,,Extra metric: per-class IoU spread; value column is standard deviation.,67.467,86.425,94.12700000000001,0.07867773012768353,,,,,,,,,,,
extra,nonzero-class coverage,extra discovery,computed_from_official_log,resclip,voc20,1.0,,20,0,,,Extra metric: fraction of classes with nonzero IoU.,,,,,,,,,,,,,,,
extra,artifact completeness,artifact readiness,ready,resclip,voc20,100.0,,,,,/data/tianyi/TF-OVCOS/runs/artifacts/official_predictions/resclip/voc20,Readiness check for proposal metrics requiring prediction label maps.,,,,,1449,1449,,,,,,,,,
E1,per-class IoU summary,Group (i); cheap,computed_from_official_log,scclip,ade20k,0.0,0.0,150,7,0.04666666666666667,,Proposal E1 per-class readout; value column is worst-class IoU.,,,,,,,,,,,,,,,
E1,pixel accuracy,Group (i); cheap,computed_from_official_log,scclip,ade20k,49.87,,,,,,Proposal E1 supporting readout parsed as aAcc.,,,,,,,,,,,,,,,
E1,mean class accuracy,Group (i); cheap,computed_from_official_log,scclip,ade20k,41.77,,,,,,Proposal E1 supporting readout parsed as mAcc.,,,,,,,,,,,,,,,
E3,worst-class within target,Group (i),computed_from_official_log,scclip,ade20k,0.0,,,,,,Proposal E3 worst-class diagnostic within each completed target.,,,,,,,,,,,,,,,
E4,inference time,standard cost reporting,computed_partial_from_official_log,scclip,ade20k,0.1486,,,,,,Monitoring value from official log; final E4 still needs isolated reruns.,,,,,,,,,,,,,,,
E4,peak memory,standard cost reporting,pending_memory_log,scclip,ade20k,,,,,,official memory field or nvidia-smi sampler,Peak memory field when present in official logs.,,,,,,,,,,,,,,,
E4,mIoU per second,Group (ii); novelty-supporting,computed_partial_from_official_log,scclip,ade20k,134.99327052489903,,,,,,Proposal E4 normalized efficiency proxy; final paper value should use isolated E4.,,,,,,,,,,,,,,,
extra,zero-IoU class collapse rate,extra discovery,computed_from_official_log,scclip,ade20k,0.04666666666666667,,150,7,,,Extra metric: fraction of classes with exactly zero IoU; useful for spotting hidden collapse.,,,,,,,,,,,,,,,
extra,class-IoU dispersion,extra discovery,computed_from_official_log,scclip,ade20k,16.419595163503068,,,,,,Extra metric: per-class IoU spread; value column is standard deviation.,0.683,17.64,40.53599999999999,0.45316872756282445,,,,,,,,,,,
extra,nonzero-class coverage,extra discovery,computed_from_official_log,scclip,ade20k,0.9533333333333334,,150,7,,,Extra metric: fraction of classes with nonzero IoU.,,,,,,,,,,,,,,,
extra,artifact completeness,artifact readiness,ready,scclip,ade20k,100.0,,,,,/data/tianyi/TF-OVCOS/runs/artifacts/official_predictions/scclip/ade20k,Readiness check for proposal metrics requiring prediction label maps.,,,,,2000,2000,,,,,,,,,
E1,per-class IoU summary,Group (i); cheap,computed_from_official_log,scclip,ade847,0.0,0.0,817,333,0.40758873929008566,,Proposal E1 per-class readout; value column is worst-class IoU.,,,,,,,,,,,,,,,
E1,pixel accuracy,Group (i); cheap,computed_from_official_log,scclip,ade847,38.12,,,,,,Proposal E1 supporting readout parsed as aAcc.,,,,,,,,,,,,,,,
E1,mean class accuracy,Group (i); cheap,computed_from_official_log,scclip,ade847,22.1,,,,,,Proposal E1 supporting readout parsed as mAcc.,,,,,,,,,,,,,,,
E3,worst-class within target,Group (i),computed_from_official_log,scclip,ade847,0.0,,,,,,Proposal E3 worst-class diagnostic within each completed target.,,,,,,,,,,,,,,,
E4,inference time,standard cost reporting,computed_partial_from_official_log,scclip,ade847,0.1862,,,,,,Monitoring value from official log; final E4 still needs isolated reruns.,,,,,,,,,,,,,,,
E4,peak memory,standard cost reporting,pending_memory_log,scclip,ade847,,,,,,official memory field or nvidia-smi sampler,Peak memory field when present in official logs.,,,,,,,,,,,,,,,
E4,mIoU per second,Group (ii); novelty-supporting,computed_partial_from_official_log,scclip,ade847,40.06444683136412,,,,,,Proposal E4 normalized efficiency proxy; final paper value should use isolated E4.,,,,,,,,,,,,,,,
extra,zero-IoU class collapse rate,extra discovery,computed_from_official_log,scclip,ade847,0.40758873929008566,,817,333,,,Extra metric: fraction of classes with exactly zero IoU; useful for spotting hidden collapse.,,,,,,,,,,,,,,,
extra,class-IoU dispersion,extra discovery,computed_from_official_log,scclip,ade847,13.969905095247906,,,,,,Extra metric: per-class IoU spread; value column is standard deviation.,0.0,0.39,25.21,0.7783592346786028,,,,,,,,,,,
extra,nonzero-class coverage,extra discovery,computed_from_official_log,scclip,ade847,0.5924112607099143,,817,333,,,Extra metric: fraction of classes with nonzero IoU.,,,,,,,,,,,,,,,
extra,artifact completeness,artifact readiness,ready,scclip,ade847,100.0,,,,,/data/tianyi/TF-OVCOS/runs/artifacts/official_predictions/scclip/ade847,Readiness check for proposal metrics requiring prediction label maps.,,,,,2000,2000,,,,,,,,,
E1,per-class IoU summary,Group (i); cheap,computed_from_official_log,scclip,coco_stuff164k,0.01,0.01,171,0,0.0,,Proposal E1 per-class readout; value column is worst-class IoU.,,,,,,,,,,,,,,,
E1,pixel accuracy,Group (i); cheap,computed_from_official_log,scclip,coco_stuff164k,45.36,,,,,,Proposal E1 supporting readout parsed as aAcc.,,,,,,,,,,,,,,,
E1,mean class accuracy,Group (i); cheap,computed_from_official_log,scclip,coco_stuff164k,48.38,,,,,,Proposal E1 supporting readout parsed as mAcc.,,,,,,,,,,,,,,,
E3,worst-class within target,Group (i),computed_from_official_log,scclip,coco_stuff164k,0.01,,,,,,Proposal E3 worst-class diagnostic within each completed target.,,,,,,,,,,,,,,,
E4,inference time,standard cost reporting,computed_partial_from_official_log,scclip,coco_stuff164k,0.1686,,,,,,Monitoring value from official log; final E4 still needs isolated reruns.,,,,,,,,,,,,,,,
E4,peak memory,standard cost reporting,pending_memory_log,scclip,coco_stuff164k,,,,,,official memory field or nvidia-smi sampler,Peak memory field when present in official logs.,,,,,,,,,,,,,,,
E4,mIoU per second,Group (ii); novelty-supporting,computed_partial_from_official_log,scclip,coco_stuff164k,157.88849347568208,,,,,,Proposal E4 normalized efficiency proxy; final paper value should use isolated E4.,,,,,,,,,,,,,,,
extra,zero-IoU class collapse rate,extra discovery,computed_from_official_log,scclip,coco_stuff164k,0.0,,171,0,,,Extra metric: fraction of classes with exactly zero IoU; useful for spotting hidden collapse.,,,,,,,,,,,,,,,
extra,class-IoU dispersion,extra discovery,computed_from_official_log,scclip,coco_stuff164k,20.497060059057276,,,,,,Extra metric: per-class IoU spread; value column is standard deviation.,1.69,23.95,58.7,0.4312736624705409,,,,,,,,,,,
extra,nonzero-class coverage,extra discovery,computed_from_official_log,scclip,coco_stuff164k,1.0,,171,0,,,Extra metric: fraction of classes with nonzero IoU.,,,,,,,,,,,,,,,
extra,artifact completeness,artifact readiness,ready,scclip,coco_stuff164k,100.0,,,,,/data/tianyi/TF-OVCOS/runs/artifacts/official_predictions/scclip/coco_stuff164k,Readiness check for proposal metrics requiring prediction label maps.,,,,,5000,5000,,,,,,,,,
E1,per-class IoU summary,Group (i); cheap,computed_from_official_log,scclip,context459,0.0,0.0,458,190,0.4148471615720524,,Proposal E1 per-class readout; value column is worst-class IoU.,,,,,,,,,,,,,,,
E1,pixel accuracy,Group (i); cheap,computed_from_official_log,scclip,context459,49.5,,,,,,Proposal E1 supporting readout parsed as aAcc.,,,,,,,,,,,,,,,
E1,mean class accuracy,Group (i); cheap,computed_from_official_log,scclip,context459,33.13,,,,,,Proposal E1 supporting readout parsed as mAcc.,,,,,,,,,,,,,,,
E3,worst-class within target,Group (i),computed_from_official_log,scclip,context459,0.0,,,,,,Proposal E3 worst-class diagnostic within each completed target.,,,,,,,,,,,,,,,
E4,inference time,standard cost reporting,computed_partial_from_official_log,scclip,context459,0.0865,,,,,,Monitoring value from official log; final E4 still needs isolated reruns.,,,,,,,,,,,,,,,
E4,peak memory,standard cost reporting,pending_memory_log,scclip,context459,,,,,,official memory field or nvidia-smi sampler,Peak memory field when present in official logs.,,,,,,,,,,,,,,,
E4,mIoU per second,Group (ii); novelty-supporting,computed_partial_from_official_log,scclip,context459,96.41618497109828,,,,,,Proposal E4 normalized efficiency proxy; final paper value should use isolated E4.,,,,,,,,,,,,,,,
extra,zero-IoU class collapse rate,extra discovery,computed_from_official_log,scclip,context459,0.4148471615720524,,458,190,,,Extra metric: fraction of classes with exactly zero IoU; useful for spotting hidden collapse.,,,,,,,,,,,,,,,
extra,class-IoU dispersion,extra discovery,computed_from_official_log,scclip,context459,15.474953487207877,,,,,,Extra metric: per-class IoU spread; value column is standard deviation.,0.0,0.425,27.132,0.7731375695907514,,,,,,,,,,,
extra,nonzero-class coverage,extra discovery,computed_from_official_log,scclip,context459,0.5851528384279476,,458,190,,,Extra metric: fraction of classes with nonzero IoU.,,,,,,,,,,,,,,,
extra,artifact completeness,artifact readiness,ready,scclip,context459,100.0,,,,,/data/tianyi/TF-OVCOS/runs/artifacts/official_predictions/scclip/context459,Readiness check for proposal metrics requiring prediction label maps.,,,,,5105,5105,,,,,,,,,
E1,per-class IoU summary,Group (i); cheap,computed_from_official_log,scclip,context59,4.05,4.05,59,0,0.0,,Proposal E1 per-class readout; value column is worst-class IoU.,,,,,,,,,,,,,,,
E1,pixel accuracy,Group (i); cheap,computed_from_official_log,scclip,context59,65.02,,,,,,Proposal E1 supporting readout parsed as aAcc.,,,,,,,,,,,,,,,
E1,mean class accuracy,Group (i); cheap,computed_from_official_log,scclip,context59,62.65,,,,,,Proposal E1 supporting readout parsed as mAcc.,,,,,,,,,,,,,,,
E3,worst-class within target,Group (i),computed_from_official_log,scclip,context59,4.05,,,,,,Proposal E3 worst-class diagnostic within each completed target.,,,,,,,,,,,,,,,
E4,inference time,standard cost reporting,computed_partial_from_official_log,scclip,context59,0.1506,,,,,,Monitoring value from official log; final E4 still needs isolated reruns.,,,,,,,,,,,,,,,
E4,peak memory,standard cost reporting,pending_memory_log,scclip,context59,,,,,,official memory field or nvidia-smi sampler,Peak memory field when present in official logs.,,,,,,,,,,,,,,,
E4,mIoU per second,Group (ii); novelty-supporting,computed_partial_from_official_log,scclip,context59,266.99867197875164,,,,,,Proposal E4 normalized efficiency proxy; final paper value should use isolated E4.,,,,,,,,,,,,,,,
extra,zero-IoU class collapse rate,extra discovery,computed_from_official_log,scclip,context59,0.0,,59,0,,,Extra metric: fraction of classes with exactly zero IoU; useful for spotting hidden collapse.,,,,,,,,,,,,,,,
extra,class-IoU dispersion,extra discovery,computed_from_official_log,scclip,context59,23.750801124092565,,,,,,Extra metric: per-class IoU spread; value column is standard deviation.,12.648000000000001,37.38,73.58,0.3377843271809806,,,,,,,,,,,
extra,nonzero-class coverage,extra discovery,computed_from_official_log,scclip,context59,1.0,,59,0,,,Extra metric: fraction of classes with nonzero IoU.,,,,,,,,,,,,,,,
extra,artifact completeness,artifact readiness,ready,scclip,context59,100.0,,,,,/data/tianyi/TF-OVCOS/runs/artifacts/official_predictions/scclip/context59,Readiness check for proposal metrics requiring prediction label maps.,,,,,5105,5105,,,,,,,,,
E1,per-class IoU summary,Group (i); cheap,computed_from_official_log,scclip,voc20,42.98,42.98,20,0,0.0,,Proposal E1 per-class readout; value column is worst-class IoU.,,,,,,,,,,,,,,,
E1,pixel accuracy,Group (i); cheap,computed_from_official_log,scclip,voc20,92.55,,,,,,Proposal E1 supporting readout parsed as aAcc.,,,,,,,,,,,,,,,
E1,mean class accuracy,Group (i); cheap,computed_from_official_log,scclip,voc20,92.01,,,,,,Proposal E1 supporting readout parsed as mAcc.,,,,,,,,,,,,,,,
E3,worst-class within target,Group (i),computed_from_official_log,scclip,voc20,42.98,,,,,,Proposal E3 worst-class diagnostic within each completed target.,,,,,,,,,,,,,,,
E4,inference time,standard cost reporting,computed_partial_from_official_log,scclip,voc20,0.1221,,,,,,Monitoring value from official log; final E4 still needs isolated reruns.,,,,,,,,,,,,,,,
E4,peak memory,standard cost reporting,pending_memory_log,scclip,voc20,,,,,,official memory field or nvidia-smi sampler,Peak memory field when present in official logs.,,,,,,,,,,,,,,,
E4,mIoU per second,Group (ii); novelty-supporting,computed_partial_from_official_log,scclip,voc20,690.2538902538903,,,,,,Proposal E4 normalized efficiency proxy; final paper value should use isolated E4.,,,,,,,,,,,,,,,
extra,zero-IoU class collapse rate,extra discovery,computed_from_official_log,scclip,voc20,0.0,,20,0,,,Extra metric: fraction of classes with exactly zero IoU; useful for spotting hidden collapse.,,,,,,,,,,,,,,,
extra,class-IoU dispersion,extra discovery,computed_from_official_log,scclip,voc20,11.852194511988067,,,,,,Extra metric: per-class IoU spread; value column is standard deviation.,74.952,88.405,93.87500000000001,0.06758211770847589,,,,,,,,,,,
extra,nonzero-class coverage,extra discovery,computed_from_official_log,scclip,voc20,1.0,,20,0,,,Extra metric: fraction of classes with nonzero IoU.,,,,,,,,,,,,,,,
extra,artifact completeness,artifact readiness,ready,scclip,voc20,100.0,,,,,/data/tianyi/TF-OVCOS/runs/artifacts/official_predictions/scclip/voc20,Readiness check for proposal metrics requiring prediction label maps.,,,,,1449,1449,,,,,,,,,
E1,per-class IoU summary,Group (i); cheap,computed_from_official_log,sclip,ade20k,0.0,0.0,150,5,0.03333333333333333,,Proposal E1 per-class readout; value column is worst-class IoU.,,,,,,,,,,,,,,,
E1,pixel accuracy,Group (i); cheap,computed_from_official_log,sclip,ade20k,38.72,,,,,,Proposal E1 supporting readout parsed as aAcc.,,,,,,,,,,,,,,,
E1,mean class accuracy,Group (i); cheap,computed_from_official_log,sclip,ade20k,37.08,,,,,,Proposal E1 supporting readout parsed as mAcc.,,,,,,,,,,,,,,,
E3,worst-class within target,Group (i),computed_from_official_log,sclip,ade20k,0.0,,,,,,Proposal E3 worst-class diagnostic within each completed target.,,,,,,,,,,,,,,,
E4,inference time,standard cost reporting,computed_partial_from_official_log,sclip,ade20k,0.0512,,,,,,Monitoring value from official log; final E4 still needs isolated reruns.,,,,,,,,,,,,,,,
E4,peak memory,standard cost reporting,pending_memory_log,sclip,ade20k,,,,,,official memory field or nvidia-smi sampler,Peak memory field when present in official logs.,,,,,,,,,,,,,,,
E4,mIoU per second,Group (ii); novelty-supporting,computed_partial_from_official_log,sclip,ade20k,321.484375,,,,,,Proposal E4 normalized efficiency proxy; final paper value should use isolated E4.,,,,,,,,,,,,,,,
extra,zero-IoU class collapse rate,extra discovery,computed_from_official_log,sclip,ade20k,0.03333333333333333,,150,5,,,Extra metric: fraction of classes with exactly zero IoU; useful for spotting hidden collapse.,,,,,,,,,,,,,,,
extra,class-IoU dispersion,extra discovery,computed_from_official_log,sclip,ade20k,14.374612061393362,,,,,,Extra metric: per-class IoU spread; value column is standard deviation.,0.597,13.96,37.69,0.47837170144304064,,,,,,,,,,,
extra,nonzero-class coverage,extra discovery,computed_from_official_log,sclip,ade20k,0.9666666666666667,,150,5,,,Extra metric: fraction of classes with nonzero IoU.,,,,,,,,,,,,,,,
extra,artifact completeness,artifact readiness,ready,sclip,ade20k,100.0,,,,,/data/tianyi/TF-OVCOS/runs/artifacts/official_predictions/sclip/ade20k,Readiness check for proposal metrics requiring prediction label maps.,,,,,2000,2000,,,,,,,,,
E1,per-class IoU summary,Group (i); cheap,computed_from_official_log,sclip,ade847,0.0,0.0,822,322,0.39172749391727496,,Proposal E1 per-class readout; value column is worst-class IoU.,,,,,,,,,,,,,,,
E1,pixel accuracy,Group (i); cheap,computed_from_official_log,sclip,ade847,28.33,,,,,,Proposal E1 supporting readout parsed as aAcc.,,,,,,,,,,,,,,,
E1,mean class accuracy,Group (i); cheap,computed_from_official_log,sclip,ade847,19.72,,,,,,Proposal E1 supporting readout parsed as mAcc.,,,,,,,,,,,,,,,
E3,worst-class within target,Group (i),computed_from_official_log,sclip,ade847,0.0,,,,,,Proposal E3 worst-class diagnostic within each completed target.,,,,,,,,,,,,,,,
E4,inference time,standard cost reporting,computed_partial_from_official_log,sclip,ade847,0.2903,,,,,,Monitoring value from official log; final E4 still needs isolated reruns.,,,,,,,,,,,,,,,
E4,peak memory,standard cost reporting,pending_memory_log,sclip,ade847,,,,,,official memory field or nvidia-smi sampler,Peak memory field when present in official logs.,,,,,,,,,,,,,,,
E4,mIoU per second,Group (ii); novelty-supporting,computed_partial_from_official_log,sclip,ade847,19.531519118153632,,,,,,Proposal E4 normalized efficiency proxy; final paper value should use isolated E4.,,,,,,,,,,,,,,,
extra,zero-IoU class collapse rate,extra discovery,computed_from_official_log,sclip,ade847,0.39172749391727496,,822,322,,,Extra metric: fraction of classes with exactly zero IoU; useful for spotting hidden collapse.,,,,,,,,,,,,,,,
extra,class-IoU dispersion,extra discovery,computed_from_official_log,sclip,ade847,11.306448151789795,,,,,,Extra metric: per-class IoU spread; value column is standard deviation.,0.0,0.34,19.94299999999999,0.7946029023887418,,,,,,,,,,,
extra,nonzero-class coverage,extra discovery,computed_from_official_log,sclip,ade847,0.608272506082725,,822,322,,,Extra metric: fraction of classes with nonzero IoU.,,,,,,,,,,,,,,,
extra,artifact completeness,artifact readiness,ready,sclip,ade847,100.0,,,,,/data/tianyi/TF-OVCOS/runs/artifacts/official_predictions/sclip/ade847,Readiness check for proposal metrics requiring prediction label maps.,,,,,2000,2000,,,,,,,,,
E1,per-class IoU summary,Group (i); cheap,computed_from_official_log,sclip,coco_stuff164k,0.0,0.0,171,1,0.005847953216374269,,Proposal E1 per-class readout; value column is worst-class IoU.,,,,,,,,,,,,,,,
E1,pixel accuracy,Group (i); cheap,computed_from_official_log,sclip,coco_stuff164k,38.33,,,,,,Proposal E1 supporting readout parsed as aAcc.,,,,,,,,,,,,,,,
E1,mean class accuracy,Group (i); cheap,computed_from_official_log,sclip,coco_stuff164k,41.77,,,,,,Proposal E1 supporting readout parsed as mAcc.,,,,,,,,,,,,,,,
E3,worst-class within target,Group (i),computed_from_official_log,sclip,coco_stuff164k,0.0,,,,,,Proposal E3 worst-class diagnostic within each completed target.,,,,,,,,,,,,,,,
E4,inference time,standard cost reporting,computed_partial_from_official_log,sclip,coco_stuff164k,0.1119,,,,,,Monitoring value from official log; final E4 still needs isolated reruns.,,,,,,,,,,,,,,,
E4,peak memory,standard cost reporting,pending_memory_log,sclip,coco_stuff164k,,,,,,official memory field or nvidia-smi sampler,Peak memory field when present in official logs.,,,,,,,,,,,,,,,
E4,mIoU per second,Group (ii); novelty-supporting,computed_partial_from_official_log,sclip,coco_stuff164k,204.28954423592492,,,,,,Proposal E4 normalized efficiency proxy; final paper value should use isolated E4.,,,,,,,,,,,,,,,
extra,zero-IoU class collapse rate,extra discovery,computed_from_official_log,sclip,coco_stuff164k,0.005847953216374269,,171,1,,,Extra metric: fraction of classes with exactly zero IoU; useful for spotting hidden collapse.,,,,,,,,,,,,,,,
extra,class-IoU dispersion,extra discovery,computed_from_official_log,sclip,coco_stuff164k,18.991865176479386,,,,,,Extra metric: per-class IoU spread; value column is standard deviation.,1.68,17.88,50.99,0.4577604599074787,,,,,,,,,,,
extra,nonzero-class coverage,extra discovery,computed_from_official_log,sclip,coco_stuff164k,0.9941520467836258,,171,1,,,Extra metric: fraction of classes with nonzero IoU.,,,,,,,,,,,,,,,
extra,artifact completeness,artifact readiness,ready,sclip,coco_stuff164k,100.0,,,,,/data/tianyi/TF-OVCOS/runs/artifacts/official_predictions/sclip/coco_stuff164k,Readiness check for proposal metrics requiring prediction label maps.,,,,,5000,5000,,,,,,,,,
E1,per-class IoU summary,Group (i); cheap,computed_from_official_log,sclip,context459,0.0,0.0,459,182,0.39651416122004357,,Proposal E1 per-class readout; value column is worst-class IoU.,,,,,,,,,,,,,,,
E1,pixel accuracy,Group (i); cheap,computed_from_official_log,sclip,context459,43.18,,,,,,Proposal E1 supporting readout parsed as aAcc.,,,,,,,,,,,,,,,
E1,mean class accuracy,Group (i); cheap,computed_from_official_log,sclip,context459,30.14,,,,,,Proposal E1 supporting readout parsed as mAcc.,,,,,,,,,,,,,,,
E3,worst-class within target,Group (i),computed_from_official_log,sclip,context459,0.0,,,,,,Proposal E3 worst-class diagnostic within each completed target.,,,,,,,,,,,,,,,
E4,inference time,standard cost reporting,computed_partial_from_official_log,sclip,context459,0.137,,,,,,Monitoring value from official log; final E4 still needs isolated reruns.,,,,,,,,,,,,,,,
E4,peak memory,standard cost reporting,pending_memory_log,sclip,context459,,,,,,official memory field or nvidia-smi sampler,Peak memory field when present in official logs.,,,,,,,,,,,,,,,
E4,mIoU per second,Group (ii); novelty-supporting,computed_partial_from_official_log,sclip,context459,48.75912408759123,,,,,,Proposal E4 normalized efficiency proxy; final paper value should use isolated E4.,,,,,,,,,,,,,,,
extra,zero-IoU class collapse rate,extra discovery,computed_from_official_log,sclip,context459,0.39651416122004357,,459,182,,,Extra metric: fraction of classes with exactly zero IoU; useful for spotting hidden collapse.,,,,,,,,,,,,,,,
extra,class-IoU dispersion,extra discovery,computed_from_official_log,sclip,context459,13.484793163873766,,,,,,Extra metric: per-class IoU spread; value column is standard deviation.,0.0,0.46,19.15799999999998,0.7888195094796517,,,,,,,,,,,
extra,nonzero-class coverage,extra discovery,computed_from_official_log,sclip,context459,0.6034858387799564,,459,182,,,Extra metric: fraction of classes with nonzero IoU.,,,,,,,,,,,,,,,
extra,artifact completeness,artifact readiness,ready,sclip,context459,100.0,,,,,/data/tianyi/TF-OVCOS/runs/artifacts/official_predictions/sclip/context459,Readiness check for proposal metrics requiring prediction label maps.,,,,,5105,5105,,,,,,,,,
E1,per-class IoU summary,Group (i); cheap,computed_from_official_log,sclip,context59,2.16,2.16,59,0,0.0,,Proposal E1 per-class readout; value column is worst-class IoU.,,,,,,,,,,,,,,,
E1,pixel accuracy,Group (i); cheap,computed_from_official_log,sclip,context59,57.73,,,,,,Proposal E1 supporting readout parsed as aAcc.,,,,,,,,,,,,,,,
E1,mean class accuracy,Group (i); cheap,computed_from_official_log,sclip,context59,55.72,,,,,,Proposal E1 supporting readout parsed as mAcc.,,,,,,,,,,,,,,,
E3,worst-class within target,Group (i),computed_from_official_log,sclip,context59,2.16,,,,,,Proposal E3 worst-class diagnostic within each completed target.,,,,,,,,,,,,,,,
E4,inference time,standard cost reporting,computed_partial_from_official_log,sclip,context59,0.0513,,,,,,Monitoring value from official log; final E4 still needs isolated reruns.,,,,,,,,,,,,,,,
E4,peak memory,standard cost reporting,pending_memory_log,sclip,context59,,,,,,official memory field or nvidia-smi sampler,Peak memory field when present in official logs.,,,,,,,,,,,,,,,
E4,mIoU per second,Group (ii); novelty-supporting,computed_partial_from_official_log,sclip,context59,665.4970760233919,,,,,,Proposal E4 normalized efficiency proxy; final paper value should use isolated E4.,,,,,,,,,,,,,,,
extra,zero-IoU class collapse rate,extra discovery,computed_from_official_log,sclip,context59,0.0,,59,0,,,Extra metric: fraction of classes with exactly zero IoU; useful for spotting hidden collapse.,,,,,,,,,,,,,,,
extra,class-IoU dispersion,extra discovery,computed_from_official_log,sclip,context59,22.786402522169375,,,,,,Extra metric: per-class IoU spread; value column is standard deviation.,8.988000000000001,27.28,70.01400000000001,0.37718293976065875,,,,,,,,,,,
extra,nonzero-class coverage,extra discovery,computed_from_official_log,sclip,context59,1.0,,59,0,,,Extra metric: fraction of classes with nonzero IoU.,,,,,,,,,,,,,,,
extra,artifact completeness,artifact readiness,ready,sclip,context59,100.0,,,,,/data/tianyi/TF-OVCOS/runs/artifacts/official_predictions/sclip/context59,Readiness check for proposal metrics requiring prediction label maps.,,,,,5105,5105,,,,,,,,,
E1,per-class IoU summary,Group (i); cheap,computed_from_official_log,sclip,voc20,42.61,42.61,20,0,0.0,,Proposal E1 per-class readout; value column is worst-class IoU.,,,,,,,,,,,,,,,
E1,pixel accuracy,Group (i); cheap,computed_from_official_log,sclip,voc20,91.02,,,,,,Proposal E1 supporting readout parsed as aAcc.,,,,,,,,,,,,,,,
E1,mean class accuracy,Group (i); cheap,computed_from_official_log,sclip,voc20,90.29,,,,,,Proposal E1 supporting readout parsed as mAcc.,,,,,,,,,,,,,,,
E3,worst-class within target,Group (i),computed_from_official_log,sclip,voc20,42.61,,,,,,Proposal E3 worst-class diagnostic within each completed target.,,,,,,,,,,,,,,,
E4,inference time,standard cost reporting,computed_partial_from_official_log,sclip,voc20,0.0506,,,,,,Monitoring value from official log; final E4 still needs isolated reruns.,,,,,,,,,,,,,,,
E4,peak memory,standard cost reporting,pending_memory_log,sclip,voc20,,,,,,official memory field or nvidia-smi sampler,Peak memory field when present in official logs.,,,,,,,,,,,,,,,
E4,mIoU per second,Group (ii); novelty-supporting,computed_partial_from_official_log,sclip,voc20,1611.2648221343875,,,,,,Proposal E4 normalized efficiency proxy; final paper value should use isolated E4.,,,,,,,,,,,,,,,
extra,zero-IoU class collapse rate,extra discovery,computed_from_official_log,sclip,voc20,0.0,,20,0,,,Extra metric: fraction of classes with exactly zero IoU; useful for spotting hidden collapse.,,,,,,,,,,,,,,,
extra,class-IoU dispersion,extra discovery,computed_from_official_log,sclip,voc20,13.01801325087665,,,,,,Extra metric: per-class IoU spread; value column is standard deviation.,66.75200000000001,86.07,93.694,0.08165008769885529,,,,,,,,,,,
extra,nonzero-class coverage,extra discovery,computed_from_official_log,sclip,voc20,1.0,,20,0,,,Extra metric: fraction of classes with nonzero IoU.,,,,,,,,,,,,,,,
extra,artifact completeness,artifact readiness,ready,sclip,voc20,100.0,,,,,/data/tianyi/TF-OVCOS/runs/artifacts/official_predictions/sclip/voc20,Readiness check for proposal metrics requiring prediction label maps.,,,,,1449,1449,,,,,,,,,
E1,per-class IoU summary,Group (i); cheap,computed_from_official_log,trident,ade20k,0.0,0.0,150,7,0.04666666666666667,,Proposal E1 per-class readout; value column is worst-class IoU.,,,,,,,,,,,,,,,
E1,pixel accuracy,Group (i); cheap,computed_from_official_log,trident,ade20k,50.57,,,,,,Proposal E1 supporting readout parsed as aAcc.,,,,,,,,,,,,,,,
E1,mean class accuracy,Group (i); cheap,computed_from_official_log,trident,ade20k,42.49,,,,,,Proposal E1 supporting readout parsed as mAcc.,,,,,,,,,,,,,,,
E3,worst-class within target,Group (i),computed_from_official_log,trident,ade20k,0.0,,,,,,Proposal E3 worst-class diagnostic within each completed target.,,,,,,,,,,,,,,,
E4,inference time,standard cost reporting,computed_partial_from_official_log,trident,ade20k,0.0736,,,,,,Monitoring value from official log; final E4 still needs isolated reruns.,,,,,,,,,,,,,,,
E4,peak memory,standard cost reporting,pending_memory_log,trident,ade20k,,,,,,official memory field or nvidia-smi sampler,Peak memory field when present in official logs.,,,,,,,,,,,,,,,
E4,mIoU per second,Group (ii); novelty-supporting,computed_partial_from_official_log,trident,ade20k,284.10326086956525,,,,,,Proposal E4 normalized efficiency proxy; final paper value should use isolated E4.,,,,,,,,,,,,,,,
extra,zero-IoU class collapse rate,extra discovery,computed_from_official_log,trident,ade20k,0.04666666666666667,,150,7,,,Extra metric: fraction of classes with exactly zero IoU; useful for spotting hidden collapse.,,,,,,,,,,,,,,,
extra,class-IoU dispersion,extra discovery,computed_from_official_log,trident,ade20k,17.109364924118804,,,,,,Extra metric: per-class IoU spread; value column is standard deviation.,0.8699999999999999,18.285,43.977,0.450335877765236,,,,,,,,,,,
extra,nonzero-class coverage,extra discovery,computed_from_official_log,trident,ade20k,0.9533333333333334,,150,7,,,Extra metric: fraction of classes with nonzero IoU.,,,,,,,,,,,,,,,
extra,artifact completeness,artifact readiness,ready,trident,ade20k,100.0,,,,,/data/tianyi/TF-OVCOS/runs/artifacts/official_predictions/trident/ade20k,Readiness check for proposal metrics requiring prediction label maps.,,,,,2000,2000,,,,,,,,,
E1,per-class IoU summary,Group (i); cheap,computed_from_official_log,trident,ade847,0.0,0.0,831,391,0.470517448856799,,Proposal E1 per-class readout; value column is worst-class IoU.,,,,,,,,,,,,,,,
E1,pixel accuracy,Group (i); cheap,computed_from_official_log,trident,ade847,34.4,,,,,,Proposal E1 supporting readout parsed as aAcc.,,,,,,,,,,,,,,,
E1,mean class accuracy,Group (i); cheap,computed_from_official_log,trident,ade847,21.38,,,,,,Proposal E1 supporting readout parsed as mAcc.,,,,,,,,,,,,,,,
E3,worst-class within target,Group (i),computed_from_official_log,trident,ade847,0.0,,,,,,Proposal E3 worst-class diagnostic within each completed target.,,,,,,,,,,,,,,,
E4,inference time,standard cost reporting,computed_partial_from_official_log,trident,ade847,0.1524,,,,,,Monitoring value from official log; final E4 still needs isolated reruns.,,,,,,,,,,,,,,,
E4,peak memory,standard cost reporting,pending_memory_log,trident,ade847,,,,,,official memory field or nvidia-smi sampler,Peak memory field when present in official logs.,,,,,,,,,,,,,,,
E4,mIoU per second,Group (ii); novelty-supporting,computed_partial_from_official_log,trident,ade847,48.884514435695536,,,,,,Proposal E4 normalized efficiency proxy; final paper value should use isolated E4.,,,,,,,,,,,,,,,
extra,zero-IoU class collapse rate,extra discovery,computed_from_official_log,trident,ade847,0.470517448856799,,831,391,,,Extra metric: fraction of classes with exactly zero IoU; useful for spotting hidden collapse.,,,,,,,,,,,,,,,
extra,class-IoU dispersion,extra discovery,computed_from_official_log,trident,ade847,14.861355792781184,,,,,,Extra metric: per-class IoU spread; value column is standard deviation.,0.0,0.11,27.42,0.8015678282339675,,,,,,,,,,,
extra,nonzero-class coverage,extra discovery,computed_from_official_log,trident,ade847,0.529482551143201,,831,391,,,Extra metric: fraction of classes with nonzero IoU.,,,,,,,,,,,,,,,
extra,artifact completeness,artifact readiness,ready,trident,ade847,100.0,,,,,/data/tianyi/TF-OVCOS/runs/artifacts/official_predictions/trident/ade847,Readiness check for proposal metrics requiring prediction label maps.,,,,,2000,2000,,,,,,,,,
E1,per-class IoU summary,Group (i); cheap,computed_from_official_log,trident,coco_stuff164k,0.0,0.0,171,2,0.011695906432748537,,Proposal E1 per-class readout; value column is worst-class IoU.,,,,,,,,,,,,,,,
E1,pixel accuracy,Group (i); cheap,computed_from_official_log,trident,coco_stuff164k,44.83,,,,,,Proposal E1 supporting readout parsed as aAcc.,,,,,,,,,,,,,,,
E1,mean class accuracy,Group (i); cheap,computed_from_official_log,trident,coco_stuff164k,48.74,,,,,,Proposal E1 supporting readout parsed as mAcc.,,,,,,,,,,,,,,,
E3,worst-class within target,Group (i),computed_from_official_log,trident,coco_stuff164k,0.0,,,,,,Proposal E3 worst-class diagnostic within each completed target.,,,,,,,,,,,,,,,
E4,inference time,standard cost reporting,computed_partial_from_official_log,trident,coco_stuff164k,0.0688,,,,,,Monitoring value from official log; final E4 still needs isolated reruns.,,,,,,,,,,,,,,,
E4,peak memory,standard cost reporting,pending_memory_log,trident,coco_stuff164k,,,,,,official memory field or nvidia-smi sampler,Peak memory field when present in official logs.,,,,,,,,,,,,,,,
E4,mIoU per second,Group (ii); novelty-supporting,computed_partial_from_official_log,trident,coco_stuff164k,401.45348837209303,,,,,,Proposal E4 normalized efficiency proxy; final paper value should use isolated E4.,,,,,,,,,,,,,,,
extra,zero-IoU class collapse rate,extra discovery,computed_from_official_log,trident,coco_stuff164k,0.011695906432748537,,171,2,,,Extra metric: fraction of classes with exactly zero IoU; useful for spotting hidden collapse.,,,,,,,,,,,,,,,
extra,class-IoU dispersion,extra discovery,computed_from_official_log,trident,coco_stuff164k,21.621005771188777,,,,,,Extra metric: per-class IoU spread; value column is standard deviation.,2.34,26.64,57.57,0.4383803974896474,,,,,,,,,,,
extra,nonzero-class coverage,extra discovery,computed_from_official_log,trident,coco_stuff164k,0.9883040935672515,,171,2,,,Extra metric: fraction of classes with nonzero IoU.,,,,,,,,,,,,,,,
extra,artifact completeness,artifact readiness,ready,trident,coco_stuff164k,100.0,,,,,/data/tianyi/TF-OVCOS/runs/artifacts/official_predictions/trident/coco_stuff164k,Readiness check for proposal metrics requiring prediction label maps.,,,,,5000,5000,,,,,,,,,
E1,per-class IoU summary,Group (i); cheap,computed_from_official_log,trident,context459,0.0,0.0,457,202,0.4420131291028446,,Proposal E1 per-class readout; value column is worst-class IoU.,,,,,,,,,,,,,,,
E1,pixel accuracy,Group (i); cheap,computed_from_official_log,trident,context459,49.57,,,,,,Proposal E1 supporting readout parsed as aAcc.,,,,,,,,,,,,,,,
E1,mean class accuracy,Group (i); cheap,computed_from_official_log,trident,context459,34.82,,,,,,Proposal E1 supporting readout parsed as mAcc.,,,,,,,,,,,,,,,
E3,worst-class within target,Group (i),computed_from_official_log,trident,context459,0.0,,,,,,Proposal E3 worst-class diagnostic within each completed target.,,,,,,,,,,,,,,,
E4,inference time,standard cost reporting,computed_partial_from_official_log,trident,context459,0.2159,,,,,,Monitoring value from official log; final E4 still needs isolated reruns.,,,,,,,,,,,,,,,
E4,peak memory,standard cost reporting,pending_memory_log,trident,context459,,,,,,official memory field or nvidia-smi sampler,Peak memory field when present in official logs.,,,,,,,,,,,,,,,
E4,mIoU per second,Group (ii); novelty-supporting,computed_partial_from_official_log,trident,context459,41.547012505789716,,,,,,Proposal E4 normalized efficiency proxy; final paper value should use isolated E4.,,,,,,,,,,,,,,,
extra,zero-IoU class collapse rate,extra discovery,computed_from_official_log,trident,context459,0.4420131291028446,,457,202,,,Extra metric: fraction of classes with exactly zero IoU; useful for spotting hidden collapse.,,,,,,,,,,,,,,,
extra,class-IoU dispersion,extra discovery,computed_from_official_log,trident,context459,16.278822105828702,,,,,,Extra metric: per-class IoU spread; value column is standard deviation.,0.0,0.4,30.168000000000003,0.7693566102447242,,,,,,,,,,,
extra,nonzero-class coverage,extra discovery,computed_from_official_log,trident,context459,0.5579868708971554,,457,202,,,Extra metric: fraction of classes with nonzero IoU.,,,,,,,,,,,,,,,
extra,artifact completeness,artifact readiness,ready,trident,context459,100.0,,,,,/data/tianyi/TF-OVCOS/runs/artifacts/official_predictions/trident/context459,Readiness check for proposal metrics requiring prediction label maps.,,,,,5105,5105,,,,,,,,,
E1,per-class IoU summary,Group (i); cheap,computed_from_official_log,trident,context59,2.61,2.61,59,0,0.0,,Proposal E1 per-class readout; value column is worst-class IoU.,,,,,,,,,,,,,,,
E1,pixel accuracy,Group (i); cheap,computed_from_official_log,trident,context59,64.96,,,,,,Proposal E1 supporting readout parsed as aAcc.,,,,,,,,,,,,,,,
E1,mean class accuracy,Group (i); cheap,computed_from_official_log,trident,context59,63.57,,,,,,Proposal E1 supporting readout parsed as mAcc.,,,,,,,,,,,,,,,
E3,worst-class within target,Group (i),computed_from_official_log,trident,context59,2.61,,,,,,Proposal E3 worst-class diagnostic within each completed target.,,,,,,,,,,,,,,,
E4,inference time,standard cost reporting,computed_partial_from_official_log,trident,context59,0.0716,,,,,,Monitoring value from official log; final E4 still needs isolated reruns.,,,,,,,,,,,,,,,
E4,peak memory,standard cost reporting,pending_memory_log,trident,context59,,,,,,official memory field or nvidia-smi sampler,Peak memory field when present in official logs.,,,,,,,,,,,,,,,
E4,mIoU per second,Group (ii); novelty-supporting,computed_partial_from_official_log,trident,context59,572.4860335195531,,,,,,Proposal E4 normalized efficiency proxy; final paper value should use isolated E4.,,,,,,,,,,,,,,,
extra,zero-IoU class collapse rate,extra discovery,computed_from_official_log,trident,context59,0.0,,59,0,,,Extra metric: fraction of classes with exactly zero IoU; useful for spotting hidden collapse.,,,,,,,,,,,,,,,
extra,class-IoU dispersion,extra discovery,computed_from_official_log,trident,context59,24.580834686769794,,,,,,Extra metric: per-class IoU spread; value column is standard deviation.,10.748000000000001,37.38,75.912,0.34333189497876426,,,,,,,,,,,
extra,nonzero-class coverage,extra discovery,computed_from_official_log,trident,context59,1.0,,59,0,,,Extra metric: fraction of classes with nonzero IoU.,,,,,,,,,,,,,,,
extra,artifact completeness,artifact readiness,ready,trident,context59,100.0,,,,,/data/tianyi/TF-OVCOS/runs/artifacts/official_predictions/trident/context59,Readiness check for proposal metrics requiring prediction label maps.,,,,,5105,5105,,,,,,,,,
E1,per-class IoU summary,Group (i); cheap,computed_from_official_log,trident,voc20,42.62,42.62,20,0,0.0,,Proposal E1 per-class readout; value column is worst-class IoU.,,,,,,,,,,,,,,,
E1,pixel accuracy,Group (i); cheap,computed_from_official_log,trident,voc20,90.61,,,,,,Proposal E1 supporting readout parsed as aAcc.,,,,,,,,,,,,,,,
E1,mean class accuracy,Group (i); cheap,computed_from_official_log,trident,voc20,92.18,,,,,,Proposal E1 supporting readout parsed as mAcc.,,,,,,,,,,,,,,,
E3,worst-class within target,Group (i),computed_from_official_log,trident,voc20,42.62,,,,,,Proposal E3 worst-class diagnostic within each completed target.,,,,,,,,,,,,,,,
E4,inference time,standard cost reporting,computed_partial_from_official_log,trident,voc20,0.0612,,,,,,Monitoring value from official log; final E4 still needs isolated reruns.,,,,,,,,,,,,,,,
E4,peak memory,standard cost reporting,pending_memory_log,trident,voc20,,,,,,official memory field or nvidia-smi sampler,Peak memory field when present in official logs.,,,,,,,,,,,,,,,
E4,mIoU per second,Group (ii); novelty-supporting,computed_partial_from_official_log,trident,voc20,1367.6470588235295,,,,,,Proposal E4 normalized efficiency proxy; final paper value should use isolated E4.,,,,,,,,,,,,,,,
extra,zero-IoU class collapse rate,extra discovery,computed_from_official_log,trident,voc20,0.0,,20,0,,,Extra metric: fraction of classes with exactly zero IoU; useful for spotting hidden collapse.,,,,,,,,,,,,,,,
extra,class-IoU dispersion,extra discovery,computed_from_official_log,trident,voc20,15.720195323214021,,,,,,Extra metric: per-class IoU spread; value column is standard deviation.,63.694,90.935,97.55700000000002,0.09831308316308829,,,,,,,,,,,
extra,nonzero-class coverage,extra discovery,computed_from_official_log,trident,voc20,1.0,,20,0,,,Extra metric: fraction of classes with nonzero IoU.,,,,,,,,,,,,,,,
extra,artifact completeness,artifact readiness,ready,trident,voc20,100.0,,,,,/data/tianyi/TF-OVCOS/runs/artifacts/official_predictions/trident/voc20,Readiness check for proposal metrics requiring prediction label maps.,,,,,1449,1449,,,,,,,,,
E2,Delta_vocab_pair,Group (ii); novelty-driving,computed,cass,context59->context459,31.89,,,,,,mIoU drop from compact to large vocabulary.,,,,,,,,,,,,,,,
E2,Delta_vocab_pair,Group (ii); novelty-driving,computed,cass,ade20k->ade847,13.129999999999999,,,,,,mIoU drop from compact to large vocabulary.,,,,,,,,,,,,,,,
E2,Delta_vocab,Group (ii); novelty-driving,computed,cass,context+ade,22.509999999999998,,,,,,Average compact-to-large vocabulary drop across available pairs.,,,,,,,,,,,,,,,
E2,Delta_vocab_pair,Group (ii); novelty-driving,computed,corrclip,context59->context459,36.8,,,,,,mIoU drop from compact to large vocabulary.,,,,,,,,,,,,,,,
E2,Delta_vocab_pair,Group (ii); novelty-driving,computed,corrclip,ade20k->ade847,18.29,,,,,,mIoU drop from compact to large vocabulary.,,,,,,,,,,,,,,,
E2,Delta_vocab,Group (ii); novelty-driving,computed,corrclip,context+ade,27.544999999999998,,,,,,Average compact-to-large vocabulary drop across available pairs.,,,,,,,,,,,,,,,
E2,Delta_vocab_pair,Group (ii); novelty-driving,computed,freeda,context59->context459,39.150000000000006,,,,,,mIoU drop from compact to large vocabulary.,,,,,,,,,,,,,,,
E2,Delta_vocab_pair,Group (ii); novelty-driving,computed,freeda,ade20k->ade847,19.26,,,,,,mIoU drop from compact to large vocabulary.,,,,,,,,,,,,,,,
E2,Delta_vocab,Group (ii); novelty-driving,computed,freeda,context+ade,29.205000000000005,,,,,,Average compact-to-large vocabulary drop across available pairs.,,,,,,,,,,,,,,,
E2,Delta_vocab_pair,Group (ii); novelty-driving,computed,naclip,context59->context459,30.57,,,,,,mIoU drop from compact to large vocabulary.,,,,,,,,,,,,,,,
E2,Delta_vocab_pair,Group (ii); novelty-driving,computed,naclip,ade20k->ade847,13.110000000000001,,,,,,mIoU drop from compact to large vocabulary.,,,,,,,,,,,,,,,
E2,Delta_vocab,Group (ii); novelty-driving,computed,naclip,context+ade,21.84,,,,,,Average compact-to-large vocabulary drop across available pairs.,,,,,,,,,,,,,,,
E2,Delta_vocab_pair,Group (ii); novelty-driving,computed,proxyclip,context59->context459,30.900000000000002,,,,,,mIoU drop from compact to large vocabulary.,,,,,,,,,,,,,,,
E2,Delta_vocab_pair,Group (ii); novelty-driving,computed,proxyclip,ade20k->ade847,12.69,,,,,,mIoU drop from compact to large vocabulary.,,,,,,,,,,,,,,,
E2,Delta_vocab,Group (ii); novelty-driving,computed,proxyclip,context+ade,21.795,,,,,,Average compact-to-large vocabulary drop across available pairs.,,,,,,,,,,,,,,,
E2,Delta_vocab_pair,Group (ii); novelty-driving,computed,resclip,context59->context459,29.150000000000002,,,,,,mIoU drop from compact to large vocabulary.,,,,,,,,,,,,,,,
E2,Delta_vocab_pair,Group (ii); novelty-driving,computed,resclip,ade20k->ade847,11.58,,,,,,mIoU drop from compact to large vocabulary.,,,,,,,,,,,,,,,
E2,Delta_vocab,Group (ii); novelty-driving,computed,resclip,context+ade,20.365000000000002,,,,,,Average compact-to-large vocabulary drop across available pairs.,,,,,,,,,,,,,,,
E2,Delta_vocab_pair,Group (ii); novelty-driving,computed,scclip,context59->context459,31.87,,,,,,mIoU drop from compact to large vocabulary.,,,,,,,,,,,,,,,
E2,Delta_vocab_pair,Group (ii); novelty-driving,computed,scclip,ade20k->ade847,12.599999999999998,,,,,,mIoU drop from compact to large vocabulary.,,,,,,,,,,,,,,,
E2,Delta_vocab,Group (ii); novelty-driving,computed,scclip,context+ade,22.235,,,,,,Average compact-to-large vocabulary drop across available pairs.,,,,,,,,,,,,,,,
E2,Delta_vocab_pair,Group (ii); novelty-driving,computed,sclip,context59->context459,27.46,,,,,,mIoU drop from compact to large vocabulary.,,,,,,,,,,,,,,,
E2,Delta_vocab_pair,Group (ii); novelty-driving,computed,sclip,ade20k->ade847,10.790000000000001,,,,,,mIoU drop from compact to large vocabulary.,,,,,,,,,,,,,,,
E2,Delta_vocab,Group (ii); novelty-driving,computed,sclip,context+ade,19.125,,,,,,Average compact-to-large vocabulary drop across available pairs.,,,,,,,,,,,,,,,
E2,Delta_vocab_pair,Group (ii); novelty-driving,computed,trident,context59->context459,32.02,,,,,,mIoU drop from compact to large vocabulary.,,,,,,,,,,,,,,,
E2,Delta_vocab_pair,Group (ii); novelty-driving,computed,trident,ade20k->ade847,13.46,,,,,,mIoU drop from compact to large vocabulary.,,,,,,,,,,,,,,,
E2,Delta_vocab,Group (ii); novelty-driving,computed,trident,context+ade,22.740000000000002,,,,,,Average compact-to-large vocabulary drop across available pairs.,,,,,,,,,,,,,,,
E3,Spearman rank correlation,Group (ii); novelty-driving,computed,all,voc20<->context59,0.8166666666666667,,,,,,Low rank correlation is a candidate generalization-fragility finding.,,,,,,,9,,,,,,,,
E3,Kendall tau rank correlation,Group (ii); novelty-driving,computed,all,voc20<->context59,0.6666666666666666,,,,,,Low rank correlation is a candidate generalization-fragility finding.,,,,,,,9,,,,,,,,
E3,Spearman rank correlation,Group (ii); novelty-driving,computed,all,voc20<->ade20k,0.8166666666666667,,,,,,Low rank correlation is a candidate generalization-fragility finding.,,,,,,,9,,,,,,,,
E3,Kendall tau rank correlation,Group (ii); novelty-driving,computed,all,voc20<->ade20k,0.6666666666666666,,,,,,Low rank correlation is a candidate generalization-fragility finding.,,,,,,,9,,,,,,,,
E3,Spearman rank correlation,Group (ii); novelty-driving,computed,all,voc20<->coco_stuff164k,0.6166666666666667,,,,,,Low rank correlation is a candidate generalization-fragility finding.,,,,,,,9,,,,,,,,
E3,Kendall tau rank correlation,Group (ii); novelty-driving,computed,all,voc20<->coco_stuff164k,0.5555555555555556,,,,,,Low rank correlation is a candidate generalization-fragility finding.,,,,,,,9,,,,,,,,
E3,Spearman rank correlation,Group (ii); novelty-driving,computed,all,context59<->ade20k,1.0,,,,,,Low rank correlation is a candidate generalization-fragility finding.,,,,,,,9,,,,,,,,
E3,Kendall tau rank correlation,Group (ii); novelty-driving,computed,all,context59<->ade20k,1.0,,,,,,Low rank correlation is a candidate generalization-fragility finding.,,,,,,,9,,,,,,,,
E3,Spearman rank correlation,Group (ii); novelty-driving,computed,all,context59<->coco_stuff164k,0.95,,,,,,Low rank correlation is a candidate generalization-fragility finding.,,,,,,,9,,,,,,,,
E3,Kendall tau rank correlation,Group (ii); novelty-driving,computed,all,context59<->coco_stuff164k,0.8888888888888888,,,,,,Low rank correlation is a candidate generalization-fragility finding.,,,,,,,9,,,,,,,,
E3,Spearman rank correlation,Group (ii); novelty-driving,computed,all,ade20k<->coco_stuff164k,0.95,,,,,,Low rank correlation is a candidate generalization-fragility finding.,,,,,,,9,,,,,,,,
E3,Kendall tau rank correlation,Group (ii); novelty-driving,computed,all,ade20k<->coco_stuff164k,0.8888888888888888,,,,,,Low rank correlation is a candidate generalization-fragility finding.,,,,,,,9,,,,,,,,
E3,worst-target mIoU,Group (i),computed,cass,ade20k,20.32,,,,,,Proposal E3 target-collapse diagnostic.,,,,,,,,4,,,,,,,
E3,worst-target mIoU,Group (i),computed,corrclip,ade20k,26.96,,,,,,Proposal E3 target-collapse diagnostic.,,,,,,,,4,,,,,,,
E3,worst-target mIoU,Group (i),computed,freeda,ade20k,23.19,,,,,,Proposal E3 target-collapse diagnostic.,,,,,,,,4,,,,,,,
E3,worst-target mIoU,Group (i),computed,naclip,ade20k,19.12,,,,,,Proposal E3 target-collapse diagnostic.,,,,,,,,4,,,,,,,
E3,worst-target mIoU,Group (i),partial_one_target,ovdiff,voc20,64.56162758939288,,,,,,Proposal E3 target-collapse diagnostic.,,,,,,,,1,,,,,,,
E3,worst-target mIoU,Group (i),computed,proxyclip,ade20k,19.59,,,,,,Proposal E3 target-collapse diagnostic.,,,,,,,,4,,,,,,,
E3,worst-target mIoU,Group (i),computed,resclip,ade20k,18.07,,,,,,Proposal E3 target-collapse diagnostic.,,,,,,,,4,,,,,,,
E3,worst-target mIoU,Group (i),computed,scclip,ade20k,20.06,,,,,,Proposal E3 target-collapse diagnostic.,,,,,,,,4,,,,,,,
E3,worst-target mIoU,Group (i),computed,sclip,ade20k,16.46,,,,,,Proposal E3 target-collapse diagnostic.,,,,,,,,4,,,,,,,
E3,worst-target mIoU,Group (i),computed,trident,ade20k,20.91,,,,,,Proposal E3 target-collapse diagnostic.,,,,,,,,4,,,,,,,
extra,protocol / scale sensitivity,extra discovery,computed,corrclip,voc20,0.23000000000000398,,,,,,Extra diagnostic: flags whether resize/protocol changes dominate method comparisons.,,,,,,,,,officialnames,datafix,,,,,
extra,protocol / scale sensitivity,extra discovery,computed,naclip,ade20k,0.07000000000000028,,,,,,Extra diagnostic: flags whether resize/protocol changes dominate method comparisons.,,,,,,,,,phase1_e1,datafix,,,,,
extra,protocol / scale sensitivity,extra discovery,computed,naclip,coco_stuff164k,25.43,,,,,,Extra diagnostic: flags whether resize/protocol changes dominate method comparisons.,,,,,,,,,phase1_e1,datafix,,,,,
extra,protocol / scale sensitivity,extra discovery,computed,naclip,context59,37.86,,,,,,Extra diagnostic: flags whether resize/protocol changes dominate method comparisons.,,,,,,,,,phase1_e1,datafix,,,,,
extra,protocol / scale sensitivity,extra discovery,computed,naclip,voc20,82.9,,,,,,Extra diagnostic: flags whether resize/protocol changes dominate method comparisons.,,,,,,,,,phase1_e1,officialnames,,,,,
extra,protocol / scale sensitivity,extra discovery,computed,proxyclip,ade20k,0.120000000000001,,,,,,Extra diagnostic: flags whether resize/protocol changes dominate method comparisons.,,,,,,,,,phase1_e1,datafix,,,,,
extra,protocol / scale sensitivity,extra discovery,computed,proxyclip,coco_stuff164k,0.14999999999999858,,,,,,Extra diagnostic: flags whether resize/protocol changes dominate method comparisons.,,,,,,,,,phase1_e1,datafix,,,,,
extra,protocol / scale sensitivity,extra discovery,computed,proxyclip,context59,0.0,,,,,,Extra diagnostic: flags whether resize/protocol changes dominate method comparisons.,,,,,,,,,datafix,phase1_e1,,,,,
extra,protocol / scale sensitivity,extra discovery,computed,proxyclip,voc20,1.3100000000000023,,,,,,Extra diagnostic: flags whether resize/protocol changes dominate method comparisons.,,,,,,,,,phase1_e1,datafix,,,,,
extra,protocol / scale sensitivity,extra discovery,computed,resclip,coco_stuff164k,1.1099999999999994,,,,,,Extra diagnostic: flags whether resize/protocol changes dominate method comparisons.,,,,,,,,,datafix,officialscale,,,,,
extra,protocol / scale sensitivity,extra discovery,computed,resclip,voc20,3.799999999999997,,,,,,Extra diagnostic: flags whether resize/protocol changes dominate method comparisons.,,,,,,,,,datafix,officialnames,,,,,
extra,protocol / scale sensitivity,extra discovery,computed,scclip,context59,38.0,,,,,,Extra diagnostic: flags whether resize/protocol changes dominate method comparisons.,,,,,,,,,single,single,,,,,
extra,protocol / scale sensitivity,extra discovery,computed,sclip,ade20k,0.0,,,,,,Extra diagnostic: flags whether resize/protocol changes dominate method comparisons.,,,,,,,,,datafix,phase1_e1,,,,,
extra,protocol / scale sensitivity,extra discovery,computed,sclip,coco_stuff164k,0.08999999999999986,,,,,,Extra diagnostic: flags whether resize/protocol changes dominate method comparisons.,,,,,,,,,officialscale,datafix,,,,,
extra,protocol / scale sensitivity,extra discovery,computed,sclip,context59,33.7,,,,,,Extra diagnostic: flags whether resize/protocol changes dominate method comparisons.,,,,,,,,,phase1_e1,datafix,,,,,
extra,protocol / scale sensitivity,extra discovery,computed,sclip,voc20,81.34,,,,,,Extra diagnostic: flags whether resize/protocol changes dominate method comparisons.,,,,,,,,,phase1_e1,officialnames,,,,,
extra,Pareto dominance flag,extra discovery,computed_latency_only,cass,voc20,1,,,,,,1 means another completed method has at least as high mIoU and no slower official-log latency.,,,,,,,,,,,corrclip,87.73,1.2813,,
extra,Pareto dominance flag,extra discovery,computed_latency_only,corrclip,voc20,0,,,,,,1 means another completed method has at least as high mIoU and no slower official-log latency.,,,,,,,,,,,,88.78,0.0758,,
extra,Pareto dominance flag,extra discovery,computed_latency_only,naclip,voc20,1,,,,,,1 means another completed method has at least as high mIoU and no slower official-log latency.,,,,,,,,,,,"corrclip,trident",83.03,0.0956,,
extra,Pareto dominance flag,extra discovery,computed_latency_only,proxyclip,voc20,1,,,,,,1 means another completed method has at least as high mIoU and no slower official-log latency.,,,,,,,,,,,sclip,80.33,0.0569,,
extra,Pareto dominance flag,extra discovery,computed_latency_only,resclip,voc20,1,,,,,,1 means another completed method has at least as high mIoU and no slower official-log latency.,,,,,,,,,,,"corrclip,naclip,trident",82.31,0.1191,,
extra,Pareto dominance flag,extra discovery,computed_latency_only,scclip,voc20,1,,,,,,1 means another completed method has at least as high mIoU and no slower official-log latency.,,,,,,,,,,,corrclip,84.28,0.1221,,
extra,Pareto dominance flag,extra discovery,computed_latency_only,sclip,voc20,0,,,,,,1 means another completed method has at least as high mIoU and no slower official-log latency.,,,,,,,,,,,,81.53,0.0506,,
extra,Pareto dominance flag,extra discovery,computed_latency_only,trident,voc20,0,,,,,,1 means another completed method has at least as high mIoU and no slower official-log latency.,,,,,,,,,,,,83.7,0.0612,,
extra,Pareto dominance flag,extra discovery,computed_latency_only,cass,context59,1,,,,,,1 means another completed method has at least as high mIoU and no slower official-log latency.,,,,,,,,,,,"corrclip,trident",40.27,2.1003,,
extra,Pareto dominance flag,extra discovery,computed_latency_only,corrclip,context59,0,,,,,,1 means another completed method has at least as high mIoU and no slower official-log latency.,,,,,,,,,,,,48.68,0.0785,,
extra,Pareto dominance flag,extra discovery,computed_latency_only,naclip,context59,1,,,,,,1 means another completed method has at least as high mIoU and no slower official-log latency.,,,,,,,,,,,"corrclip,proxyclip,trident",38.36,0.1373,,
extra,Pareto dominance flag,extra discovery,computed_latency_only,proxyclip,context59,0,,,,,,1 means another completed method has at least as high mIoU and no slower official-log latency.,,,,,,,,,,,,39.31,0.0658,,
extra,Pareto dominance flag,extra discovery,computed_latency_only,resclip,context59,1,,,,,,1 means another completed method has at least as high mIoU and no slower official-log latency.,,,,,,,,,,,"corrclip,naclip,proxyclip,scclip,trident",36.85,0.1616,,
extra,Pareto dominance flag,extra discovery,computed_latency_only,scclip,context59,1,,,,,,1 means another completed method has at least as high mIoU and no slower official-log latency.,,,,,,,,,,,"corrclip,trident",40.21,0.1506,,
extra,Pareto dominance flag,extra discovery,computed_latency_only,sclip,context59,0,,,,,,1 means another completed method has at least as high mIoU and no slower official-log latency.,,,,,,,,,,,,34.14,0.0513,,
extra,Pareto dominance flag,extra discovery,computed_latency_only,trident,context59,0,,,,,,1 means another completed method has at least as high mIoU and no slower official-log latency.,,,,,,,,,,,,40.99,0.0716,,
extra,Pareto dominance flag,extra discovery,computed_latency_only,cass,ade20k,1,,,,,,1 means another completed method has at least as high mIoU and no slower official-log latency.,,,,,,,,,,,"corrclip,trident",20.32,2.2049,,
extra,Pareto dominance flag,extra discovery,computed_latency_only,corrclip,ade20k,0,,,,,,1 means another completed method has at least as high mIoU and no slower official-log latency.,,,,,,,,,,,,26.96,0.0807,,
extra,Pareto dominance flag,extra discovery,computed_latency_only,naclip,ade20k,1,,,,,,1 means another completed method has at least as high mIoU and no slower official-log latency.,,,,,,,,,,,"corrclip,proxyclip,scclip,trident",19.12,0.478,,
extra,Pareto dominance flag,extra discovery,computed_latency_only,proxyclip,ade20k,0,,,,,,1 means another completed method has at least as high mIoU and no slower official-log latency.,,,,,,,,,,,,19.59,0.0568,,
extra,Pareto dominance flag,extra discovery,computed_latency_only,resclip,ade20k,1,,,,,,1 means another completed method has at least as high mIoU and no slower official-log latency.,,,,,,,,,,,"corrclip,proxyclip,scclip,trident",18.07,0.2791,,
extra,Pareto dominance flag,extra discovery,computed_latency_only,scclip,ade20k,1,,,,,,1 means another completed method has at least as high mIoU and no slower official-log latency.,,,,,,,,,,,"corrclip,trident",20.06,0.1486,,
extra,Pareto dominance flag,extra discovery,computed_latency_only,sclip,ade20k,0,,,,,,1 means another completed method has at least as high mIoU and no slower official-log latency.,,,,,,,,,,,,16.46,0.0512,,
extra,Pareto dominance flag,extra discovery,computed_latency_only,trident,ade20k,0,,,,,,1 means another completed method has at least as high mIoU and no slower official-log latency.,,,,,,,,,,,,20.91,0.0736,,
extra,Pareto dominance flag,extra discovery,computed_latency_only,cass,coco_stuff164k,1,,,,,,1 means another completed method has at least as high mIoU and no slower official-log latency.,,,,,,,,,,,"corrclip,proxyclip,trident",26.67,1.9929,,
extra,Pareto dominance flag,extra discovery,computed_latency_only,corrclip,coco_stuff164k,0,,,,,,1 means another completed method has at least as high mIoU and no slower official-log latency.,,,,,,,,,,,,32.22,0.0921,,
extra,Pareto dominance flag,extra discovery,computed_latency_only,naclip,coco_stuff164k,1,,,,,,1 means another completed method has at least as high mIoU and no slower official-log latency.,,,,,,,,,,,"corrclip,proxyclip,scclip,trident",25.98,0.4071,,
extra,Pareto dominance flag,extra discovery,computed_latency_only,proxyclip,coco_stuff164k,1,,,,,,1 means another completed method has at least as high mIoU and no slower official-log latency.,,,,,,,,,,,trident,26.68,0.0753,,
extra,Pareto dominance flag,extra discovery,computed_latency_only,resclip,coco_stuff164k,1,,,,,,1 means another completed method has at least as high mIoU and no slower official-log latency.,,,,,,,,,,,"corrclip,proxyclip,scclip,trident",23.59,0.3497,,
extra,Pareto dominance flag,extra discovery,computed_latency_only,scclip,coco_stuff164k,1,,,,,,1 means another completed method has at least as high mIoU and no slower official-log latency.,,,,,,,,,,,"corrclip,proxyclip,trident",26.62,0.1686,,
extra,Pareto dominance flag,extra discovery,computed_latency_only,sclip,coco_stuff164k,1,,,,,,1 means another completed method has at least as high mIoU and no slower official-log latency.,,,,,,,,,,,"corrclip,proxyclip,trident",22.86,0.1119,,
extra,Pareto dominance flag,extra discovery,computed_latency_only,trident,coco_stuff164k,0,,,,,,1 means another completed method has at least as high mIoU and no slower official-log latency.,,,,,,,,,,,,27.62,0.0688,,
extra,method-family gap,extra discovery,computed,family_average,voc20,9.75918620530355,,,,,,Average mIoU gap between completed method families on the same dataset.,,,,,,,,,,,,,,clip_vfm,diffusion_reference
extra,method-family gap,extra discovery,computed,family_average,context59,6.030000000000001,,,,,,Average mIoU gap between completed method families on the same dataset.,,,,,,,,,,,,,,diffusion_reference,clip_dense
extra,method-family gap,extra discovery,computed,family_average,ade20k,4.762499999999999,,,,,,Average mIoU gap between completed method families on the same dataset.,,,,,,,,,,,,,,diffusion_reference,clip_dense
extra,method-family gap,extra discovery,computed,family_average,coco_stuff164k,4.037500000000001,,,,,,Average mIoU gap between completed method families on the same dataset.,,,,,,,,,,,,,,diffusion_reference,clip_dense
E1,thing/stuff mIoU,Group (i); cheap,requires_taxonomy,all,,,,,,,per-class IoU plus dataset thing/stuff taxonomy,Can be computed from log class tables after adding dataset taxonomy maps.,,,,,,,,,,,,,,,
E1,frequency-stratified mIoU,Group (i); cheap,requires_taxonomy,all,,,,,,,per-class IoU plus train-frequency bins,Head/mid/tail tertiles need dataset frequency metadata.,,,,,,,,,,,,,,,
E1,small/medium/large object mIoU,Group (i); cheap,requires_prediction_artifacts,all,,,,,,,prediction label maps plus GT instance/region areas,Semantic mIoU logs do not include object area bins.,,,,,,,,,,,,,,,
E1,BIoU,Group (i); cheap,requires_prediction_artifacts,all,,,,,,,prediction label maps plus GT boundary maps,"Boundary IoU needs saved masks, not only aggregate logs.",,,,,,,,,,,,,,,
E1,proposal Recall@0.5/0.7,Group (i); cheap,requires_prediction_artifacts,all,,,,,,,class-agnostic proposal masks plus GT masks,Available only for methods exposing proposal masks.,,,,,,,,,,,,,,,
E1,confidence calibration ECE,Group (i); cheap,requires_score_artifacts,all,,,,,,,per-pixel or per-region confidence and correctness,Needs confidence tensors/scores saved during official inference.,,,,,,,,,,,,,,,
E1,confidence calibration Brier,Group (i); cheap,requires_score_artifacts,all,,,,,,,per-pixel or per-region confidence and correctness,Needs confidence tensors/scores saved during official inference.,,,,,,,,,,,,,,,
E1,empty-prediction rate,Group (i); cheap,requires_prediction_artifacts,all,,,,,,,prediction label maps,Counts images or regions with no valid foreground / no non-ignore prediction.,,,,,,,,,,,,,,,
E1,over-segmentation rate,Group (i); cheap,requires_prediction_artifacts,all,,,,,,,prediction label maps or proposal masks,Needs connected-component or proposal-count statistics.,,,,,,,,,,,,,,,
E1,prediction coverage,Group (i); cheap,requires_prediction_artifacts,all,,,,,,,prediction label maps,Fraction of valid pixels receiving non-ignore predictions.,,,,,,,,,,,,,,,
E2,MCMR@0.5,Group (ii); novelty-driving,requires_region_artifacts,all,,,,,,,"matched predicted regions, GT regions, predicted labels",Primary mask-category mismatch rate.,,,,,,,,,,,,,,,
E2,MCMR@0.75,Group (ii); novelty-driving,requires_region_artifacts,all,,,,,,,"matched predicted regions, GT regions, predicted labels",Strict mask-category mismatch rate.,,,,,,,,,,,,,,,
E2,semantic-distance-weighted mismatch,Group (ii); novelty-driving,requires_region_artifacts,all,,,,,,,mismatch pairs plus CLIP/WordNet label distances,Separates near-misses from wild semantic errors.,,,,,,,,,,,,,,,
E2,hierarchical IoU,Group (ii); novelty-driving,requires_taxonomy,all,,,,,,,prediction/GT labels plus WordNet or dataset hierarchy,Gives partial credit for hypernym/hyponym predictions.,,,,,,,,,,,,,,,
E2,synonym-collapsed mIoU,Group (ii); novelty-driving,requires_taxonomy,all,,,,,,,prediction/GT labels plus synonym mapping,Tests whether large-vocab drop is true ambiguity or synonym competition.,,,,,,,,,,,,,,,
E2,prompt-sensitivity variance,Group (ii); novelty-driving,requires_controlled_runs,all,,,,,,,fixed prompt-template reruns per method,mIoU standard deviation across templates.,,,,,,,,,,,,,,,
E2,vocabulary-size scaling curve,Group (ii); novelty-driving,requires_controlled_runs,all,,,,,,,subsampled Context/ADE vocabulary reruns,"Curve shape can become a finding: linear, saturating, or cliff-like.",,,,,,,,,,,,,,,
E2,region-level Top-1 naming accuracy,Group (iii); probe,requires_score_artifacts,all,,,,,,,top-k class scores for best-matched regions,Separates absent knowledge from wrong rank ordering.,,,,,,,,,,,,,,,
E2,region-level Top-3 naming accuracy,Group (iii); probe,requires_score_artifacts,all,,,,,,,top-k class scores for best-matched regions,Separates absent knowledge from wrong rank ordering.,,,,,,,,,,,,,,,
E2,region-level Top-5 naming accuracy,Group (iii); probe,requires_score_artifacts,all,,,,,,,top-k class scores for best-matched regions,Separates absent knowledge from wrong rank ordering.,,,,,,,,,,,,,,,
E2,GT-region naming Top-1,Group (iii); probe,requires_probe_outputs,all,,,,,,,GT-crop naming probe outputs,Naming ability with localization removed.,,,,,,,,,,,,,,,
E2,GT-region naming Top-5,Group (iii); probe,requires_probe_outputs,all,,,,,,,GT-crop naming probe outputs,Naming ability with localization removed.,,,,,,,,,,,,,,,
E2,GT-text localization IoU,Group (iii); probe,requires_probe_outputs,all,,,,,,,GT-class prompt localization outputs,Localization ability with naming removed.,,,,,,,,,,,,,,,
E2,GT-text localization BIoU,Group (iii); probe,requires_probe_outputs,all,,,,,,,GT-class prompt localization outputs,Boundary version of GT-text localization.,,,,,,,,,,,,,,,
E2,proposal-recall oracle BestIoU,Group (iii); probe,requires_region_artifacts,all,,,,,,,class-agnostic proposals plus GT regions,Upper bound for proposal-based pipelines.,,,,,,,,,,,,,,,
E2,MCC consistency before/after,Group (iii); probe,requires_controlled_runs,all,,,,,,,baseline and post-hoc mask-category re-ranking outputs,Compares mIoU and MCMR before/after MCC.,,,,,,,,,,,,,,,
E2,top mismatch pairs,Qualitative,requires_prediction_artifacts,all,,,,,,,confusion pairs from predicted and GT labels,Qualitative evidence for ambiguity failure modes.,,,,,,,,,,,,,,,
E2,confusion communities,Qualitative,requires_prediction_artifacts,all,,,,,,,class confusion graph,Finds clusters of systematic label confusion.,,,,,,,,,,,,,,,
E2,novel-vs-base class split,Qualitative,requires_taxonomy,all,,,,,,,per-class IoU plus base/novel mapping,Checks whether failures concentrate on novel classes.,,,,,,,,,,,,,,,
E3,cross-target rank stability,Group (ii); novelty-driving,computed_when_enough_methods_complete,all,,,,,,,method rankings across targets,One-minus-rank-variance style summaries can be added after the table is dense.,,,,,,,,,,,,,,,
E3,source/target gap,Group (i),requires_trained_reference_scores,all,,,,,,,trained-reference source and target mIoU,Contextualizes trained-method generalization claims.,,,,,,,,,,,,,,,
E3,per-target Delta vs E1,Group (ii),requires_transfer_protocol,all,,,,,,,E1 target scores and E3 transfer target scores,Measures transfer drop relative to the matched E1 target.,,,,,,,,,,,,,,,
E3,per-target Delta MCMR,Group (ii),requires_region_artifacts,all,,,,,,,MCMR@0.5 on E1/E2 and E3 targets,Separates localization transfer failure from naming transfer failure.,,,,,,,,,,,,,,,
E3,class-overlap-stratified mIoU,Group (ii); novelty-driving,requires_taxonomy,all,,,,,,,per-class IoU plus source-vocabulary overlap mapping,Splits target classes into source-overlapping vs source-novel.,,,,,,,,,,,,,,,
E3,domain-shift sensitivity,Group (ii); novelty-driving,requires_embedding_artifacts,all,,,,,,,target mIoU drops plus CLIP/DINO dataset embedding distances,Tests whether drops track source-to-target embedding distance.,,,,,,,,,,,,,,,
E3,transferability of MCMR@0.5,Group (ii),requires_region_artifacts,all,,,,,,,MCMR@0.5 across E1/E2/E3 targets,Checks whether mask-category mismatch patterns transfer.,,,,,,,,,,,,,,,
E4,training time,standard cost reporting,not_applicable_for_training_free_or_requires_refs,all,,,,,,,trained-reference training logs,Training-free methods should be zero or N/A; trained refs need official training logs.,,,,,,,,,,,,,,,
E4,offline preprocessing cost,standard cost reporting,requires_method_stage_logs,all,,,,,,,offline stage timing logs,"Needed for methods with prototypes, retrieval, or diffusion preprocessing.",,,,,,,,,,,,,,,
E4,trainable parameters,standard cost reporting,requires_model_introspection,all,,,,,,,official model parameter count,Training-free rows should expose zero trainable params when true.,,,,,,,,,,,,,,,
E4,model calls,standard cost reporting,requires_method_stage_logs,all,,,,,,,instrumented method call counters,"Counts CLIP, VFM, proposal, diffusion, and post-processing calls.",,,,,,,,,,,,,,,
E4,mIoU per GFLOP,Group (ii); novelty-supporting,requires_flops,all,,,,,,,mIoU plus FLOPs,For Pareto-frontier plots.,,,,,,,,,,,,,,,
E4,offline amortization curve,Group (ii); novelty-supporting,requires_method_stage_logs,all,,,,,,,"offline cost, online cost, evaluation set size N",Fair treatment of methods with high one-time preprocessing.,,,,,,,,,,,,,,,
E4,per-stage memory/latency breakdown,Group (i),requires_method_stage_logs,all,,,,,,,encoder/proposal/naming/post-processing stage timings,Identifies bottleneck stage per method.,,,,,,,,,,,,,,,
extra,prediction label entropy,extra discovery,requires_prediction_artifacts,all,,,,,,,prediction label maps,Detects single-label dominance or overly diffuse predictions from saved label maps.,,,,,,,,,,,,,,,
extra,rare-class rescue score,extra discovery,requires_taxonomy,all,,,,,,,per-class IoU plus train-frequency bins,Tail-vs-head relative gain; useful if a method is not best on mIoU but uniquely helps rare classes.,,,,,,,,,,,,,,,
extra,near-tie robustness,extra discovery,requires_score_artifacts,all,,,,,,,top-2 class scores or logits,Fraction of pixels/regions whose top-1 and top-2 labels are close; flags ambiguous predictions that mIoU treats as hard errors.,,,,,,,,,,,,,,,
